[debug] [2026-09-04T15:30:55.568Z] ----------------------------------------------------------------------
[debug] [2026-09-04T15:30:55.571Z] Command:       C:\Program Files\nodejs\node.exe C:\Users\ayush\AppData\Roaming\npm\node_modules\firebase-tools\lib\bin\firebase.js deploy --only hosting --project my-job-cd13f
[debug] [2026-09-04T15:30:55.571Z] CLI Version:   15.29.0
[debug] [2026-09-04T15:30:55.571Z] Platform:      win32
[debug] [2026-09-04T15:30:55.571Z] Node Version:  v26.5.0
[debug] [2026-09-04T15:30:55.572Z] Detected Agent: codex_cli
[debug] [2026-09-04T15:30:55.572Z] Time:          Fri Sep 04 2026 21:00:55 GMT+0530 (India Standard Time)
[debug] [2026-09-04T15:30:55.572Z] ----------------------------------------------------------------------
[debug] 
[debug] [2026-09-04T15:30:55.593Z] >>> [apiv2][query] GET https://firebase-public.firebaseio.com/cli.json [none]
[debug] [2026-09-04T15:31:20.370Z] > command requires scopes: ["email","openid","https://www.googleapis.com/auth/cloudplatformprojects.readonly","https://www.googleapis.com/auth/firebase","https://www.googleapis.com/auth/cloud-platform"]
[debug] [2026-09-04T15:31:20.370Z] > authorizing via signed-in user (ayushkumard31@gmail.com)
[debug] [2026-09-04T15:31:20.371Z] [iam] checking project my-job-cd13f for permissions ["firebase.projects.get","firebasehosting.sites.update"]
[debug] [2026-09-04T15:31:20.372Z] Checked if tokens are valid: false, expires at: 1788330767458
[debug] [2026-09-04T15:31:20.373Z] Checked if tokens are valid: false, expires at: 1788330767458
[debug] [2026-09-04T15:31:20.373Z] > refreshing access token with scopes: []
[debug] [2026-09-04T15:31:20.374Z] >>> [apiv2][query] POST https://www.googleapis.com/oauth2/v3/token [none]
[debug] [2026-09-04T15:31:20.374Z] >>> [apiv2][body] POST https://www.googleapis.com/oauth2/v3/token [omitted]
[debug] [2026-09-04T15:31:20.721Z] <<< [apiv2][status] POST https://www.googleapis.com/oauth2/v3/token 200
[debug] [2026-09-04T15:31:20.722Z] <<< [apiv2][body] POST https://www.googleapis.com/oauth2/v3/token [omitted]
[debug] [2026-09-04T15:31:20.733Z] >>> [apiv2][query] POST https://cloudresourcemanager.googleapis.com/v1/projects/my-job-cd13f:testIamPermissions [none]
[debug] [2026-09-04T15:31:20.733Z] >>> [apiv2][(partial)header] POST https://cloudresourcemanager.googleapis.com/v1/projects/my-job-cd13f:testIamPermissions  x-goog-user-project=my-job-cd13f
[debug] [2026-09-04T15:31:20.733Z] >>> [apiv2][body] POST https://cloudresourcemanager.googleapis.com/v1/projects/my-job-cd13f:testIamPermissions {"permissions":["firebase.projects.get","firebasehosting.sites.update"]}
[debug] [2026-09-04T15:31:21.130Z] <<< [apiv2][status] GET https://firebase-public.firebaseio.com/cli.json 200
[debug] [2026-09-04T15:31:21.130Z] <<< [apiv2][body] GET https://firebase-public.firebaseio.com/cli.json {"cloudBuildErrorAfter":1594252800000,"cloudBuildWarnAfter":1590019200000,"defaultNode10After":1594252800000,"minVersion":"3.0.5","node8DeploysDisabledAfter":1613390400000,"node8RuntimeDisabledAfter":1615809600000,"node8WarnAfter":1600128000000}
[debug] [2026-09-04T15:31:22.292Z] <<< [apiv2][status] POST https://cloudresourcemanager.googleapis.com/v1/projects/my-job-cd13f:testIamPermissions 200
[debug] [2026-09-04T15:31:22.292Z] <<< [apiv2][body] POST https://cloudresourcemanager.googleapis.com/v1/projects/my-job-cd13f:testIamPermissions {"permissions":["firebase.projects.get","firebasehosting.sites.update"]}
[debug] [2026-09-04T15:31:22.292Z] Checked if tokens are valid: true, expires at: 1788539479722
[debug] [2026-09-04T15:31:22.292Z] Checked if tokens are valid: true, expires at: 1788539479722
[debug] [2026-09-04T15:31:22.293Z] >>> [apiv2][query] GET https://firebase.googleapis.com/v1beta1/projects/my-job-cd13f [none]
[debug] [2026-09-04T15:31:23.001Z] <<< [apiv2][status] GET https://firebase.googleapis.com/v1beta1/projects/my-job-cd13f 200
[debug] [2026-09-04T15:31:23.001Z] <<< [apiv2][body] GET https://firebase.googleapis.com/v1beta1/projects/my-job-cd13f {"projectId":"my-job-cd13f","projectNumber":"419525639852","displayName":"My-job","name":"projects/my-job-cd13f","resources":{"hostingSite":"my-job-cd13f"},"state":"ACTIVE","labels":{"firebase":"enabled"},"etag":"1_73a1ae8e-2ed8-4dfb-a262-fa19110c8d58"}
[info] 
[info] === Deploying to 'my-job-cd13f'...
[info] 
[info] i  deploying hosting 
[debug] [2026-09-04T15:31:23.005Z] Checked if tokens are valid: true, expires at: 1788539479722
[debug] [2026-09-04T15:31:23.005Z] Checked if tokens are valid: true, expires at: 1788539479722
[debug] [2026-09-04T15:31:23.005Z] >>> [apiv2][query] GET https://firebasehosting.googleapis.com/v1beta1/projects/my-job-cd13f/sites/my-job-cd13f [none]
[debug] [2026-09-04T15:31:24.590Z] <<< [apiv2][status] GET https://firebasehosting.googleapis.com/v1beta1/projects/my-job-cd13f/sites/my-job-cd13f 200
[debug] [2026-09-04T15:31:24.590Z] <<< [apiv2][body] GET https://firebasehosting.googleapis.com/v1beta1/projects/my-job-cd13f/sites/my-job-cd13f {"name":"projects/my-job-cd13f/sites/my-job-cd13f","defaultUrl":"https://my-job-cd13f.web.app","appId":"1:419525639852:web:969f2ef332dcb8411b2909","type":"DEFAULT_SITE"}
[debug] [2026-09-04T15:31:24.592Z] Checked if tokens are valid: true, expires at: 1788539479722
[debug] [2026-09-04T15:31:24.592Z] Checked if tokens are valid: true, expires at: 1788539479722
[debug] [2026-09-04T15:31:24.592Z] >>> [apiv2][query] POST https://firebasehosting.googleapis.com/v1beta1/projects/-/sites/my-job-cd13f/versions [none]
[debug] [2026-09-04T15:31:24.592Z] >>> [apiv2][body] POST https://firebasehosting.googleapis.com/v1beta1/projects/-/sites/my-job-cd13f/versions {"status":"CREATED","labels":{"deployment-tool":"cli-firebase"}}
[debug] [2026-09-04T15:31:26.941Z] <<< [apiv2][status] POST https://firebasehosting.googleapis.com/v1beta1/projects/-/sites/my-job-cd13f/versions 200
[debug] [2026-09-04T15:31:26.941Z] <<< [apiv2][body] POST https://firebasehosting.googleapis.com/v1beta1/projects/-/sites/my-job-cd13f/versions {"name":"projects/419525639852/sites/my-job-cd13f/versions/562bd7f0c919cadf","status":"CREATED","config":{},"labels":{"deployment-tool":"cli-firebase"}}
[info] i  hosting[my-job-cd13f]: beginning deploy... 
[info] i  hosting[my-job-cd13f]: found 141 files in out 
[debug] [2026-09-04T15:31:26.964Z] [hosting] uploading with 200 concurrency
[debug] [2026-09-04T15:31:26.964Z] [hosting] hash cache [b3V0] not populated
[debug] [2026-09-04T15:31:27.446Z] Checked if tokens are valid: true, expires at: 1788539479722
[debug] [2026-09-04T15:31:27.446Z] Checked if tokens are valid: true, expires at: 1788539479722
[debug] [2026-09-04T15:31:27.450Z] [hosting] hash cache [b3V0] stored for 141 files
[debug] [2026-09-04T15:31:27.451Z] [hosting][hash queue][FINAL] {"max":440,"min":11,"avg":97.65957446808511,"active":0,"complete":141,"success":141,"errored":0,"retried":0,"total":141,"elapsed":486}
[debug] [2026-09-04T15:31:27.451Z] >>> [apiv2][query] POST https://firebasehosting.googleapis.com/v1beta1/projects/419525639852/sites/my-job-cd13f/versions/562bd7f0c919cadf:populateFiles [none]
[debug] [2026-09-04T15:31:27.451Z] >>> [apiv2][body] POST https://firebasehosting.googleapis.com/v1beta1/projects/419525639852/sites/my-job-cd13f/versions/562bd7f0c919cadf:populateFiles {"files":{"/__next._tree.txt":"26964ab6c8d57b75c2267d664997468c04719fab9e5ef20bead7e2f8a3799322","/window.svg":"6bd2003bd35bb32c1c0d99ab3aeac0cc1edaefd79f27df1d954bc87184048d74","/_not-found.txt":"b0d204b17fadccb2b941a838cf29441f94466de7ab1837ac75fb33215c303325","/__next._full.txt":"8fe93bff7d987c78a06cb56729df85026349c0d479836281ca8ff5cb59c82825","/__next.__PAGE__.txt":"b84fcf5494f362aee9efa97f13ddfc6e05ec5b013060693801bd155a3ac72af5","/_not-found.html":"3ea54a58c9087b1b0f481f581ae23aa17eeab4b0b07ee1116bab1e693302327a","/tasks.txt":"186a125ea752e9a61135c52750453c5a1745dde35dab0818e97068eba4c49d85","/resources.txt":"3299622ec7c7dec2545a9a530ed4898bce2e75dd8669c31b984228f798acab2f","/tasks.html":"2aa184951787c1a7c6ab8cd5df65d5f7087587a0c14f73ae1e758ac17463781b","/vercel.svg":"adad73eb72a4ef892c8efef528410541c38b99e7e541e8a8d5c94db686e13461","/resources.html":"b25a3da5985a5657760f6fec9eb5d620a53b9af33e9cb63a401d87ef95c03868","/profile.txt":"976c2332e08eb676b3fd8b99037ffa3db830b9db459bdc3cc7a9f553ea9ca862","/planner.txt":"93db455499234098ae3aabd3e8e1bd99d3ee3cf48b3c74b8c54ccf47415797d4","/planner.html":"255bb00a0fe34483e796e9558018274003cda9f6be4304a5ffdd14970e0a077a","/profile.html":"8f3ad72602d38624b25d7cdcf57983fee16a4a528964b6384a308e168c0a5c6f","/onboarding.html":"f026b16ad9e0fa47b74c4f161b07ff2ab03834773151a566ca631574d7b662ea","/onboarding.txt":"1831183d4ecc46762217b1082b8f0be3d1638cec1c973475430f01c45be9c412","/notifications.txt":"80261c268b0c4cf713d1f2319dd1a06cc86937e1e4a024c7d8b8adef6464ecef","/notifications.html":"76a0261e9c9e4e2cc36f688ed5c297dfb1f056aeb51d2873bc09e244f46f80ac","/liked.html":"b83034fee773d20a2b3b6f2cce7405231c0c5b91b21d9e6158472cc7cf28540e","/liked.txt":"c26134b34aee64d73ff4117945ce06a77943afef277b85b97b7163e6cbb061dc","/next.svg":"0665b9ab4493aa9d7e988b57024e28772ae543e804b8cf6b0a3633854b7c3c7f","/index.txt":"8fe93bff7d987c78a06cb56729df85026349c0d479836281ca8ff5cb59c82825","/goals.txt":"c7c342a0d73faf970defda71ae6a723c2a83ec4adb81c899b13977d188d1bbb8","/logo.jpg":"ca016c33abff117931bcf8e7820aa50a8d2168fb3115cccefa6b92d35b2ed272","/index.html":"98d09bf57cb41a6b27042b33739b1afb5c5f54055a7838d74f84b2f66f65ccc0","/globe.svg":"6502a3e6120bf2d6e8417e7c40bb57fb8a6954de9c86d3f43076a75b60cd23a2","/games.txt":"f645c608ca36a361fc465a6fc6ecfa10ed62dac52bbc2d6ed896795de87a1c95","/icon.jpg":"ca016c33abff117931bcf8e7820aa50a8d2168fb3115cccefa6b92d35b2ed272","/goals.html":"23fdd2d9ab4868d72348c21c823f40b4dfb85bef68bc202dcccba57fa2c13eb9","/focus.txt":"829e6e36fbea5a5046c72b4d9341f7392e71adad73e96e80bfc668fd9e4c1724","/file.svg":"5a09df6187e21aa9a7d05094389385876ac93c818e1dcbb77a26a8fe408bf79c","/games.html":"851d12aa61aed8fbf667642904577fa6116942cd3bfa7bfe6af8d79983e7260c","/exams.txt":"eb54d6dd8754f453d22c7e585b946d5e8bad7cab8c85d84f57d8fed1863725ae","/docs.txt":"97ff87010f1864e17b2c1eddb3fbc7ea7a82aed574e869e4df25fed977e06a11","/docs.html":"06ff8c6c22173d01f0287cfe99e74d78894d461c621c3b804d18630c3c9c587c","/day.txt":"10f17bf7080af418151e9b89f7e284d491162023a0bc27611e639cb2c87a3e49","/day.html":"e7eec94143bf5ec6509732006d0ccf1839c4f6b6c853e8387dcfce7fa65ef4af","/attendance.html":"7d1b4c2db66bccfeeb6e19f11f86f0e6c354ad6c361e28705717a3ffb6c01aac","/attendance.txt":"becb752d99d703da848de211408682b5b1c421f519e8013f318518759eae9a1d","/exams.html":"a6101c49ed36c33464b6645b609bfd6dbae07ba00e43f2b02bd732cc0c4d6724","/_not-found/__next._tree.txt":"f7d0a68b78147c3e671fcf06f8f713d659cbd30a3dc37766e618d104940a4a07","/admin.txt":"31a458617934836e3a906fcee7265436bc154808452edc0e982754e2881b734e","/focus.html":"4c2c18e39621ee97b50b742b56880d3c20cfc80dfaf18e324467336f9323f2ca","/admin.html":"7a1a910b7e7a3a0c963278f48e7ca7e394f42a624742dd505fc3cd7370d35476","/404.html":"3ea54a58c9087b1b0f481f581ae23aa17eeab4b0b07ee1116bab1e693302327a","/_not-found/__next._full.txt":"b0d204b17fadccb2b941a838cf29441f94466de7ab1837ac75fb33215c303325","/apple-icon.jpg":"ca016c33abff117931bcf8e7820aa50a8d2168fb3115cccefa6b92d35b2ed272","/_not-found/__next._not-found/__PAGE__.txt":"b97b9c3076e3e421b6758d8b11c4a0ffd936818508c0d53b88851dae757c8eeb","/_next/static/media/fef07dbb0973bf53-s.3p2_lha1f2xer.woff2":"4cd714514fc3454c1fdc247cf7be84c91aec7662e952cfe8c11cb8766ef8c3f4","/_next/static/media/icon.3t44vzrdi53j7.jpg":"ca016c33abff117931bcf8e7820aa50a8d2168fb3115cccefa6b92d35b2ed272","/_next/static/media/bbc41e54d2fcbd21-s.1rgnod-3esatf.woff2":"4dbb7256d9d00e9a17abbebde8158aed37ed52ea1eb5d89ee1bf46c267c6503c","/_next/static/media/apple-icon.3t44vzrdi53j7.jpg":"ca016c33abff117931bcf8e7820aa50a8d2168fb3115cccefa6b92d35b2ed272","/_next/static/media/8a480f0b521d4e75-s.1qq4vpdcun5oj.woff2":"9e317fb808ec4714d6144f277f4de983b017fe5f3753369936ad5359f06b02e5","/_next/static/media/7d817b4c03b0c5f1-s.1uyisp29ctx0d.woff2":"da5b8e216b8eee28084975264aa5d7f97a5d3f120e08eec863ecd115d25dd71f","/_next/static/media/6306c77e7c8268e4-s.2dbetqa9o8jxf.woff2":"ea578227833360be14c93f3d1deefa6c7b0121157da02c1196802ea37710ef38","/_next/static/NDDghL4ijNcoYLLjRTG3y/_ssgManifest.js":"dc28a4dc92fe352ed5d2201bd3972ce47691bc8e89e0400a68d1541d0567c6d5","/_next/static/NDDghL4ijNcoYLLjRTG3y/_buildManifest.js":"dcbe1c9b9159ca21caea98e1bad364012ae284e9551375ca62b83d2811efac91","/_next/static/media/5ce348bf30bf5439-s.31988l_ccedte.woff2":"03421b339031c94c0ccae52a61151ef819a86c92f3253fc112962cd66a237712","/_next/static/NDDghL4ijNcoYLLjRTG3y/_clientMiddlewareManifest.js":"5e57f6166b702492ab9551af57e4546546c184673a4c0432f73b96f62820f7eb","/_next/static/media/53b9e256198e5412-s.390ncx5urfkfu.woff2":"4e4038e4cb17b1349cc9c717fca51c0e00782a2093bd8a939efc70e5d78bceb7","/_next/static/media/4fa387ec64143e14-s.2tuy5pz7dlieh.woff2":"fbc4b0ae2f6fd54ec1611da4612c306a0b574d138013f467a4e90af735cc97a4","/_next/static/chunks/424ex9qdi3x-_.js":"a172809eee85edacf275da8fe1e32240831b238682a75ec386fbdd5070a03abe","/_next/static/chunks/3yfl9fgvivx3-.js":"2bda140da1ab448c0ffad2799d1e5248d4b0777412b3d3edd33c976b7279e852","/_next/static/chunks/turbopack-1q-g338g0yvlc.js":"a96efabd68f1d782817b8b67a255d3f857c09528a701a32f36cbb16b5b7743fa","/_next/static/chunks/3to1zi829x-pv.js":"7b33e6697a6650843348b5e85146e7b4dfcb7882b3012eb226be7fff9243c279","/_next/static/chunks/3jahpfigzh_cp.js":"09d91ac00617f8dd51be0772b507c086ae164dc0cd595ecb7f71affdc2e7c7bf","/_next/static/chunks/3i_cyg4wdjbs3.js":"652128434fd6909518f5d52115cc473216f3aa4ee872a70f80ec3b385bbd1a0c","/_next/static/chunks/3fntmmi971322.js":"bf886fbb3963f24b5eebcc6e33a72605a3e77fdc28771ad9f706f86109e26534","/_next/static/chunks/2v0tpxf_pxrem.js":"51312701c3616c1692e040e36ec7d619d093bae42908b76abe1391da759ab94d","/_next/static/chunks/2279vmyssjkrl.js":"b4def7aca812c71e5828a16079c002ad79b2dd5acd6b567a80462539589a53af","/_next/static/chunks/2igf71_yyt5xk.js":"adcd47b31cc50f78c0c57528ef15b95dfb862775aaf92af40476b3bff6e9c97f","/_next/static/chunks/1k6ni5zd3ivdm.js":"758b86072c174ec3f056b2df8367f5529674da55bf886cc6c6b9ab3e9c3790b3","/_next/static/chunks/1tf_7tyqr_zf3.js":"d1067cd3423d7409407c2c40fd3600a3427f61ea6ffe16687e23518396664c18","/_next/static/chunks/1qy1w9wnd7ma8.js":"7495e94bcbae3fbc3e88f31523ece45dbe5be6af67f8b2a24e9fe42b398d3f3b","/_next/static/chunks/1d2uq89bxp0p0.js":"e7ff2ef317a4208676161d3da1fa081c855717c11ca7ed4a32ed58156236689d","/_next/static/chunks/1uw_l0xxx8sw6.css":"ffb19942e9597ef801de06a380a1474aba5effa4bc6f8d21df3242a348be8474","/_next/static/chunks/18a2gy_21p3wb.js":"a34aaa943a9bf49fa0a3b3ed88e0a4b0cc1aadd116cf72c261733220509cd083","/_next/static/chunks/0trtjo6t-pe4v.js":"85778f90430b4ac86232451996bb332d5cc04f60c4577f661c4c0ddbbbc74f1d","/_next/static/chunks/0k9dpd1s_o-ou.js":"270200004571dcce3788061e3cfaea844e4d58e41f74c17eeef334635f774f29","/_next/static/chunks/08pvuezahzukt.js":"651b80dcf4b538ec9f165aa891ba6b766e3fd5d73a6bee473d5274a45531d90d","/_next/static/chunks/11jq0c2_zavac.js":"8b1c583c2b5026d6c4b1b32e720e47ea6b4d8dccb34e655d468095814a328bab","/tasks/__next._tree.txt":"684fad1d6bb2e6ecde920805b0925aebe1362488873fbf5b04d20c7daf94db11","/_next/static/chunks/0k1z5gyzve4ix.js":"a8e2a410aa10e449d49cd29c9fe4ba6552cdc09bf21c531ab682419ac095d66c","/tasks/__next._full.txt":"186a125ea752e9a61135c52750453c5a1745dde35dab0818e97068eba4c49d85","/_next/static/chunks/0_tqe3gnuk7-c.js":"b50f58b835f5ae01efea01b16da9b6bc83cc92b4fce872d18bfb9c810f0771b2","/_next/static/media/caa3a2e1cccd8315-s.p.0wgildi0cnwt9.woff2":"a1862350cad8975186ec7d95e2c6f6ad548d6bd2219ffaa79420067bbf14ad49","/_next/static/media/7178b3e590c64307-s.21jp631_3pja2.woff2":"9db501bf314e8bcbd31ac7f79495753a2a2da4243c362edc5f07928f3c9146a0","/_next/static/media/797e433ab948586e-s.p.0r6juujl39pe6.woff2":"17e78e12743a2b7e03c7884282eb91f02614295c7be958eccadf5bae76736f95","/_next/static/chunks/01mybq_k9nbwc.js":"811621174a8a7cd41988907ca1f247e3bc59ce3f19802316d118410bf576ebbb","/tasks/__next.tasks/__PAGE__.txt":"b25ccc3805bc8a023c5ebf1c0b5ec94ddcbcf1b64b19d876f487a200f7ece5cc","/_next/static/chunks/3aj00caz3j4xz.js":"c87c8630ce7eb13f8892ffb0ccf2733ec12d5a839467d05b950e4edc896bbaf4","/_next/static/chunks/00n_jzhk8o2cr.js":"9b1ea88e23964c64f27c0a12e56aa1dd022be257557899a1edb58c8c263f3368","/resources/__next._tree.txt":"ecc05341e98e1e3459d52a34d21f22da0c265680028d7820421a76b60688772e","/resources/__next.resources/__PAGE__.txt":"a0d59eaac57df569f2b7cb6f913c6a57f1b42886e26581aff19d9940a0fbe34a","/resources/__next._full.txt":"3299622ec7c7dec2545a9a530ed4898bce2e75dd8669c31b984228f798acab2f","/profile/__next._tree.txt":"8503020b2ce88e243cb59c7adcce45f28e9c9f06730257582ee48a70b366f97c","/profile/__next._full.txt":"976c2332e08eb676b3fd8b99037ffa3db830b9db459bdc3cc7a9f553ea9ca862","/profile/__next.profile/__PAGE__.txt":"f3315ca2c721458fe9125bc208986ce343cde2ca8cf9430764954510551b3172","/planner/__next._tree.txt":"df16d7c7cf7cacaca071195f6ee4fb1c294403d949cfacdc87ba9a464e200c87","/planner/__next._full.txt":"93db455499234098ae3aabd3e8e1bd99d3ee3cf48b3c74b8c54ccf47415797d4","/planner/__next.planner/__PAGE__.txt":"97319705d40d87e1ab09d67246d3360f1b22f4a2a9546ce026bc3039a8d50993","/onboarding/__next._full.txt":"1831183d4ecc46762217b1082b8f0be3d1638cec1c973475430f01c45be9c412","/onboarding/__next._tree.txt":"5af2d5132aacc011c0c95bf14e1f2fa1c1de92a4c13c7b0b1c98b89030e32d45","/onboarding/__next.onboarding/__PAGE__.txt":"679d2e4b9b403257a40567bd6842ee4e72ff21419be708b4c899f9b60fbf4cab","/notifications/__next._tree.txt":"dae5b3bc4dee07f7575c24076f9b19798a28add18e9a7af6c3b3dfb5334e797e","/notifications/__next._full.txt":"80261c268b0c4cf713d1f2319dd1a06cc86937e1e4a024c7d8b8adef6464ecef","/liked/__next._tree.txt":"3a559fd48d87090e5a8eb7df0c39d0b69728990cc61436bd33d76c4ef8a6eceb","/notifications/__next.notifications/__PAGE__.txt":"356808c0f7e4d44866008ab9fc4da632e3a7b0f6becea7e39793749efb11fae9","/liked/__next._full.txt":"c26134b34aee64d73ff4117945ce06a77943afef277b85b97b7163e6cbb061dc","/liked/__next.liked/__PAGE__.txt":"dde2e8b841b271dbaafacd45ab3a849a27cef603a17382ee3829028f2712ab41","/goals/__next._tree.txt":"50511f96fabcfbade9d9ce8e817b97c7733f13bef939c9c69acf7d1344d5e4b6","/goals/__next.goals/__PAGE__.txt":"bdb29d1b69314cf1dd389b4142ae69600934e443347fb2be076d7c01300df4b1","/goals/__next._full.txt":"c7c342a0d73faf970defda71ae6a723c2a83ec4adb81c899b13977d188d1bbb8","/games/__next._tree.txt":"a6846eaa75b7d105faa65a81cac8cd2e25ce568a0eca5bc190f8f6dfcc6dffa9","/games/__next.games/__PAGE__.txt":"cde789cb286bb3b8ba5277c394a65748f68a107a963628ebe901dc6d35e2f03c","/games/__next._full.txt":"f645c608ca36a361fc465a6fc6ecfa10ed62dac52bbc2d6ed896795de87a1c95","/focus/__next._tree.txt":"c62a68fc622ef20b8307abe9a6a355d3a4dcdadd1d04a81d89a941019c9ee0bf","/focus/__next._full.txt":"829e6e36fbea5a5046c72b4d9341f7392e71adad73e96e80bfc668fd9e4c1724","/exams/__next._tree.txt":"524b4b6a0609e12490f76b0465bbc8a8acb70937a4d8487634fe82f0fc9e6313","/focus/__next.focus/__PAGE__.txt":"1515de65fe8d5a00df72c1f379ac1d0bbe5be7bc59d16cf69bbf0db63aa98139","/docs/__next._tree.txt":"1529d21e039f31168a74c776fee8f42005bf3b187a4681435138e3e3d694633e","/exams/__next._full.txt":"eb54d6dd8754f453d22c7e585b946d5e8bad7cab8c85d84f57d8fed1863725ae","/exams/__next.exams/__PAGE__.txt":"c787cdcb449b7625eeae276287383d206151c8f86230d2ce07b60ef663bf3b90","/docs/__next.docs/__PAGE__.txt":"032d74d5bbddc616f639a6d326ae1a9bb2899d9eaf3504c693e315dee45e9c22","/day/__next._tree.txt":"f3f327070595e2d733e64edb1ed8243c0419d5df91ae942cdccbb6b632334779","/docs/__next._full.txt":"97ff87010f1864e17b2c1eddb3fbc7ea7a82aed574e869e4df25fed977e06a11","/attendance/__next._tree.txt":"128a7124e25da7d49ef3a116a11f12f297629db1e07933d710f0773c59297ea9","/day/__next._full.txt":"10f17bf7080af418151e9b89f7e284d491162023a0bc27611e639cb2c87a3e49","/day/__next.day/__PAGE__.txt":"f6c5463d0daeef471c1db848a759be7bb28056a78dea53633bac578ff31356f3","/attendance/__next._full.txt":"becb752d99d703da848de211408682b5b1c421f519e8013f318518759eae9a1d","/attendance/__next.attendance/__PAGE__.txt":"3a9c0caf338029cd533c3b48e19febb403bfe8f5d81ad37e5b8d878e5fbbaf69","/_next/static/chunks/273azql_f4t0h.js":"16a62ccb632c751c8de291567b5844b4afbb8f1600809077a96613e347e73b02","/admin/__next._tree.txt":"d7666855f717dd02650291a85657f6b6973daf741924e1e980a6e180bae84510","/admin/__next._full.txt":"31a458617934836e3a906fcee7265436bc154808452edc0e982754e2881b734e","/admin/__next.admin/__PAGE__.txt":"7e8ca08af3a2514e3221cf169f238f848b4edabda830b1fede2e70d04aef1aad","/_next/static/chunks/4561u0v7ysn3r.js":"28bf11182f4fb42d199349bd056455bae4f45efb4ae25434bf34367d8dab2a99","/_next/static/chunks/3s1j3acoy2ohw.js":"76cbb486b6ba2d6f4a46f81ea6f957de2f2e6af59242608646ce6a47338b6926","/_next/static/chunks/3ybztev-wy0jr.js":"28da5eab8a94fba4e49352c75932f738d377bd4cf79fc3de11e5d56b9574e940","/pdf.worker.min.mjs":"2582ee9e65d667c199b4cfe98617a83aaa57fadc3cd58f4b9585e2a9e895be7a","/_next/static/chunks/0cz1d0mv5g_q7.js":"18e28d3214eda45048d80d3925ea7627b809e69ad2e95f7f98459e9146a61c3d"}}
[debug] [2026-09-04T15:31:28.720Z] <<< [apiv2][status] POST https://firebasehosting.googleapis.com/v1beta1/projects/419525639852/sites/my-job-cd13f/versions/562bd7f0c919cadf:populateFiles 200
[debug] [2026-09-04T15:31:28.721Z] <<< [apiv2][body] POST https://firebasehosting.googleapis.com/v1beta1/projects/419525639852/sites/my-job-cd13f/versions/562bd7f0c919cadf:populateFiles {"uploadRequiredHashes":["7a1a910b7e7a3a0c963278f48e7ca7e394f42a624742dd505fc3cd7370d35476","5e57f6166b702492ab9551af57e4546546c184673a4c0432f73b96f62820f7eb","06ff8c6c22173d01f0287cfe99e74d78894d461c621c3b804d18630c3c9c587c","976c2332e08eb676b3fd8b99037ffa3db830b9db459bdc3cc7a9f553ea9ca862","a8e2a410aa10e449d49cd29c9fe4ba6552cdc09bf21c531ab682419ac095d66c","652128434fd6909518f5d52115cc473216f3aa4ee872a70f80ec3b385bbd1a0c","dc28a4dc92fe352ed5d2201bd3972ce47691bc8e89e0400a68d1541d0567c6d5","becb752d99d703da848de211408682b5b1c421f519e8013f318518759eae9a1d","16a62ccb632c751c8de291567b5844b4afbb8f1600809077a96613e347e73b02","ecc05341e98e1e3459d52a34d21f22da0c265680028d7820421a76b60688772e","eb54d6dd8754f453d22c7e585b946d5e8bad7cab8c85d84f57d8fed1863725ae","10f17bf7080af418151e9b89f7e284d491162023a0bc27611e639cb2c87a3e49","255bb00a0fe34483e796e9558018274003cda9f6be4304a5ffdd14970e0a077a","8fe93bff7d987c78a06cb56729df85026349c0d479836281ca8ff5cb59c82825","28da5eab8a94fba4e49352c75932f738d377bd4cf79fc3de11e5d56b9574e940","cde789cb286bb3b8ba5277c394a65748f68a107a963628ebe901dc6d35e2f03c","c26134b34aee64d73ff4117945ce06a77943afef277b85b97b7163e6cbb061dc","ca016c33abff117931bcf8e7820aa50a8d2168fb3115cccefa6b92d35b2ed272","dde2e8b841b271dbaafacd45ab3a849a27cef603a17382ee3829028f2712ab41","7495e94bcbae3fbc3e88f31523ece45dbe5be6af67f8b2a24e9fe42b398d3f3b","5af2d5132aacc011c0c95bf14e1f2fa1c1de92a4c13c7b0b1c98b89030e32d45","3ea54a58c9087b1b0f481f581ae23aa17eeab4b0b07ee1116bab1e693302327a","4e4038e4cb17b1349cc9c717fca51c0e00782a2093bd8a939efc70e5d78bceb7","9db501bf314e8bcbd31ac7f79495753a2a2da4243c362edc5f07928f3c9146a0","186a125ea752e9a61135c52750453c5a1745dde35dab0818e97068eba4c49d85","6502a3e6120bf2d6e8417e7c40bb57fb8a6954de9c86d3f43076a75b60cd23a2","a6846eaa75b7d105faa65a81cac8cd2e25ce568a0eca5bc190f8f6dfcc6dffa9","dae5b3bc4dee07f7575c24076f9b19798a28add18e9a7af6c3b3dfb5334e797e","ea578227833360be14c93f3d1deefa6c7b0121157da02c1196802ea37710ef38","97ff87010f1864e17b2c1eddb3fbc7ea7a82aed574e869e4df25fed977e06a11","c87c8630ce7eb13f8892ffb0ccf2733ec12d5a839467d05b950e4edc896bbaf4","829e6e36fbea5a5046c72b4d9341f7392e71adad73e96e80bfc668fd9e4c1724","c7c342a0d73faf970defda71ae6a723c2a83ec4adb81c899b13977d188d1bbb8","758b86072c174ec3f056b2df8367f5529674da55bf886cc6c6b9ab3e9c3790b3","b25a3da5985a5657760f6fec9eb5d620a53b9af33e9cb63a401d87ef95c03868","17e78e12743a2b7e03c7884282eb91f02614295c7be958eccadf5bae76736f95","524b4b6a0609e12490f76b0465bbc8a8acb70937a4d8487634fe82f0fc9e6313","8503020b2ce88e243cb59c7adcce45f28e9c9f06730257582ee48a70b366f97c","3299622ec7c7dec2545a9a530ed4898bce2e75dd8669c31b984228f798acab2f","032d74d5bbddc616f639a6d326ae1a9bb2899d9eaf3504c693e315dee45e9c22","651b80dcf4b538ec9f165aa891ba6b766e3fd5d73a6bee473d5274a45531d90d","3a559fd48d87090e5a8eb7df0c39d0b69728990cc61436bd33d76c4ef8a6eceb","a172809eee85edacf275da8fe1e32240831b238682a75ec386fbdd5070a03abe","98d09bf57cb41a6b27042b33739b1afb5c5f54055a7838d74f84b2f66f65ccc0","df16d7c7cf7cacaca071195f6ee4fb1c294403d949cfacdc87ba9a464e200c87","adcd47b31cc50f78c0c57528ef15b95dfb862775aaf92af40476b3bff6e9c97f","dcbe1c9b9159ca21caea98e1bad364012ae284e9551375ca62b83d2811efac91","f3f327070595e2d733e64edb1ed8243c0419d5df91ae942cdccbb6b632334779","851d12aa61aed8fbf667642904577fa6116942cd3bfa7bfe6af8d79983e7260c","f026b16ad9e0fa47b74c4f161b07ff2ab03834773151a566ca631574d7b662ea","0665b9ab4493aa9d7e988b57024e28772ae543e804b8cf6b0a3633854b7c3c7f","b97b9c3076e3e421b6758d8b11c4a0ffd936818508c0d53b88851dae757c8eeb","85778f90430b4ac86232451996bb332d5cc04f60c4577f661c4c0ddbbbc74f1d","76a0261e9c9e4e2cc36f688ed5c297dfb1f056aeb51d2873bc09e244f46f80ac","adad73eb72a4ef892c8efef528410541c38b99e7e541e8a8d5c94db686e13461","7b33e6697a6650843348b5e85146e7b4dfcb7882b3012eb226be7fff9243c279","4cd714514fc3454c1fdc247cf7be84c91aec7662e952cfe8c11cb8766ef8c3f4","50511f96fabcfbade9d9ce8e817b97c7733f13bef939c9c69acf7d1344d5e4b6","4dbb7256d9d00e9a17abbebde8158aed37ed52ea1eb5d89ee1bf46c267c6503c","09d91ac00617f8dd51be0772b507c086ae164dc0cd595ecb7f71affdc2e7c7bf","a96efabd68f1d782817b8b67a255d3f857c09528a701a32f36cbb16b5b7743fa","fbc4b0ae2f6fd54ec1611da4612c306a0b574d138013f467a4e90af735cc97a4","31a458617934836e3a906fcee7265436bc154808452edc0e982754e2881b734e","23fdd2d9ab4868d72348c21c823f40b4dfb85bef68bc202dcccba57fa2c13eb9","2bda140da1ab448c0ffad2799d1e5248d4b0777412b3d3edd33c976b7279e852","3a9c0caf338029cd533c3b48e19febb403bfe8f5d81ad37e5b8d878e5fbbaf69","da5b8e216b8eee28084975264aa5d7f97a5d3f120e08eec863ecd115d25dd71f","2582ee9e65d667c199b4cfe98617a83aaa57fadc3cd58f4b9585e2a9e895be7a","e7eec94143bf5ec6509732006d0ccf1839c4f6b6c853e8387dcfce7fa65ef4af","ffb19942e9597ef801de06a380a1474aba5effa4bc6f8d21df3242a348be8474","1515de65fe8d5a00df72c1f379ac1d0bbe5be7bc59d16cf69bbf0db63aa98139","4c2c18e39621ee97b50b742b56880d3c20cfc80dfaf18e324467336f9323f2ca","f645c608ca36a361fc465a6fc6ecfa10ed62dac52bbc2d6ed896795de87a1c95","a34aaa943a9bf49fa0a3b3ed88e0a4b0cc1aadd116cf72c261733220509cd083","679d2e4b9b403257a40567bd6842ee4e72ff21419be708b4c899f9b60fbf4cab","93db455499234098ae3aabd3e8e1bd99d3ee3cf48b3c74b8c54ccf47415797d4","a0d59eaac57df569f2b7cb6f913c6a57f1b42886e26581aff19d9940a0fbe34a","f3315ca2c721458fe9125bc208986ce343cde2ca8cf9430764954510551b3172","18e28d3214eda45048d80d3925ea7627b809e69ad2e95f7f98459e9146a61c3d","97319705d40d87e1ab09d67246d3360f1b22f4a2a9546ce026bc3039a8d50993","b4def7aca812c71e5828a16079c002ad79b2dd5acd6b567a80462539589a53af","8f3ad72602d38624b25d7cdcf57983fee16a4a528964b6384a308e168c0a5c6f","6bd2003bd35bb32c1c0d99ab3aeac0cc1edaefd79f27df1d954bc87184048d74","d1067cd3423d7409407c2c40fd3600a3427f61ea6ffe16687e23518396664c18","684fad1d6bb2e6ecde920805b0925aebe1362488873fbf5b04d20c7daf94db11","9e317fb808ec4714d6144f277f4de983b017fe5f3753369936ad5359f06b02e5","28bf11182f4fb42d199349bd056455bae4f45efb4ae25434bf34367d8dab2a99","e7ff2ef317a4208676161d3da1fa081c855717c11ca7ed4a32ed58156236689d","b50f58b835f5ae01efea01b16da9b6bc83cc92b4fce872d18bfb9c810f0771b2","356808c0f7e4d44866008ab9fc4da632e3a7b0f6becea7e39793749efb11fae9","f6c5463d0daeef471c1db848a759be7bb28056a78dea53633bac578ff31356f3","76cbb486b6ba2d6f4a46f81ea6f957de2f2e6af59242608646ce6a47338b6926","7e8ca08af3a2514e3221cf169f238f848b4edabda830b1fede2e70d04aef1aad","bdb29d1b69314cf1dd389b4142ae69600934e443347fb2be076d7c01300df4b1","c62a68fc622ef20b8307abe9a6a355d3a4dcdadd1d04a81d89a941019c9ee0bf","7d1b4c2db66bccfeeb6e19f11f86f0e6c354ad6c361e28705717a3ffb6c01aac","2aa184951787c1a7c6ab8cd5df65d5f7087587a0c14f73ae1e758ac17463781b","c787cdcb449b7625eeae276287383d206151c8f86230d2ce07b60ef663bf3b90","b84fcf5494f362aee9efa97f13ddfc6e05ec5b013060693801bd155a3ac72af5","80261c268b0c4cf713d1f2319dd1a06cc86937e1e4a024c7d8b8adef6464ecef","1831183d4ecc46762217b1082b8f0be3d1638cec1c973475430f01c45be9c412","b25ccc3805bc8a023c5ebf1c0b5ec94ddcbcf1b64b19d876f487a200f7ece5cc","811621174a8a7cd41988907ca1f247e3bc59ce3f19802316d118410bf576ebbb","a1862350cad8975186ec7d95e2c6f6ad548d6bd2219ffaa79420067bbf14ad49","128a7124e25da7d49ef3a116a11f12f297629db1e07933d710f0773c59297ea9","03421b339031c94c0ccae52a61151ef819a86c92f3253fc112962cd66a237712","bf886fbb3963f24b5eebcc6e33a72605a3e77fdc28771ad9f706f86109e26534","9b1ea88e23964c64f27c0a12e56aa1dd022be257557899a1edb58c8c263f3368","51312701c3616c1692e040e36ec7d619d093bae42908b76abe1391da759ab94d","270200004571dcce3788061e3cfaea844e4d58e41f74c17eeef334635f774f29","d7666855f717dd02650291a85657f6b6973daf741924e1e980a6e180bae84510","f7d0a68b78147c3e671fcf06f8f713d659cbd30a3dc37766e618d104940a4a07","8b1c583c2b5026d6c4b1b32e720e47ea6b4d8dccb34e655d468095814a328bab","1529d21e039f31168a74c776fee8f42005bf3b187a4681435138e3e3d694633e","b0d204b17fadccb2b941a838cf29441f94466de7ab1837ac75fb33215c303325","5a09df6187e21aa9a7d05094389385876ac93c818e1dcbb77a26a8fe408bf79c","b83034fee773d20a2b3b6f2cce7405231c0c5b91b21d9e6158472cc7cf28540e","a6101c49ed36c33464b6645b609bfd6dbae07ba00e43f2b02bd732cc0c4d6724","26964ab6c8d57b75c2267d664997468c04719fab9e5ef20bead7e2f8a3799322"],"uploadUrl":"https://upload-firebasehosting.googleapis.com/upload/sites/my-job-cd13f/versions/562bd7f0c919cadf/files"}
[debug] [2026-09-04T15:31:28.722Z] Checked if tokens are valid: true, expires at: 1788539479722
[debug] [2026-09-04T15:31:28.722Z] Checked if tokens are valid: true, expires at: 1788539479722
[debug] [2026-09-04T15:31:28.722Z] Checked if tokens are valid: true, expires at: 1788539479722
[debug] [2026-09-04T15:31:28.722Z] Checked if tokens are valid: true, expires at: 1788539479722
[debug] [2026-09-04T15:31:28.722Z] Checked if tokens are valid: true, expires at: 1788539479722
[debug] [2026-09-04T15:31:28.722Z] Checked if tokens are valid: true, expires at: 1788539479722
[debug] [2026-09-04T15:31:28.722Z] Checked if tokens are valid: true, expires at: 1788539479722
[debug] [2026-09-04T15:31:28.722Z] Checked if tokens are valid: true, expires at: 1788539479722
[debug] [2026-09-04T15:31:28.722Z] Checked if tokens are valid: true, expires at: 1788539479722
[debug] [2026-09-04T15:31:28.722Z] Checked if tokens are valid: true, expires at: 1788539479722
[debug] [2026-09-04T15:31:28.723Z] Checked if tokens are valid: true, expires at: 1788539479722
[debug] [2026-09-04T15:31:28.723Z] Checked if tokens are valid: true, expires at: 1788539479722
[debug] [2026-09-04T15:31:28.723Z] Checked if tokens are valid: true, expires at: 1788539479722
[debug] [2026-09-04T15:31:28.723Z] Checked if tokens are valid: true, expires at: 1788539479722
[debug] [2026-09-04T15:31:28.723Z] Checked if tokens are valid: true, expires at: 1788539479722
[debug] [2026-09-04T15:31:28.723Z] Checked if tokens are valid: true, expires at: 1788539479722
[debug] [2026-09-04T15:31:28.723Z] Checked if tokens are valid: true, expires at: 1788539479722
[debug] [2026-09-04T15:31:28.723Z] Checked if tokens are valid: true, expires at: 1788539479722
[debug] [2026-09-04T15:31:28.723Z] Checked if tokens are valid: true, expires at: 1788539479722
[debug] [2026-09-04T15:31:28.723Z] Checked if tokens are valid: true, expires at: 1788539479722
[debug] [2026-09-04T15:31:28.724Z] Checked if tokens are valid: true, expires at: 1788539479722
[debug] [2026-09-04T15:31:28.724Z] Checked if tokens are valid: true, expires at: 1788539479722
[debug] [2026-09-04T15:31:28.724Z] Checked if tokens are valid: true, expires at: 1788539479722
[debug] [2026-09-04T15:31:28.724Z] Checked if tokens are valid: true, expires at: 1788539479722
[debug] [2026-09-04T15:31:28.724Z] Checked if tokens are valid: true, expires at: 1788539479722
[debug] [2026-09-04T15:31:28.724Z] Checked if tokens are valid: true, expires at: 1788539479722
[debug] [2026-09-04T15:31:28.724Z] Checked if tokens are valid: true, expires at: 1788539479722
[debug] [2026-09-04T15:31:28.724Z] Checked if tokens are valid: true, expires at: 1788539479722
[debug] [2026-09-04T15:31:28.724Z] Checked if tokens are valid: true, expires at: 1788539479722
[debug] [2026-09-04T15:31:28.724Z] Checked if tokens are valid: true, expires at: 1788539479722
[debug] [2026-09-04T15:31:28.725Z] Checked if tokens are valid: true, expires at: 1788539479722
[debug] [2026-09-04T15:31:28.725Z] Checked if tokens are valid: true, expires at: 1788539479722
[debug] [2026-09-04T15:31:28.725Z] Checked if tokens are valid: true, expires at: 1788539479722
[debug] [2026-09-04T15:31:28.725Z] Checked if tokens are valid: true, expires at: 1788539479722
[debug] [2026-09-04T15:31:28.725Z] Checked if tokens are valid: true, expires at: 1788539479722
[debug] [2026-09-04T15:31:28.725Z] Checked if tokens are valid: true, expires at: 1788539479722
[debug] [2026-09-04T15:31:28.725Z] Checked if tokens are valid: true, expires at: 1788539479722
[debug] [2026-09-04T15:31:28.725Z] Checked if tokens are valid: true, expires at: 1788539479722
[debug] [2026-09-04T15:31:28.726Z] Checked if tokens are valid: true, expires at: 1788539479722
[debug] [2026-09-04T15:31:28.726Z] Checked if tokens are valid: true, expires at: 1788539479722
[debug] [2026-09-04T15:31:28.726Z] Checked if tokens are valid: true, expires at: 1788539479722
[debug] [2026-09-04T15:31:28.726Z] Checked if tokens are valid: true, expires at: 1788539479722
[debug] [2026-09-04T15:31:28.726Z] Checked if tokens are valid: true, expires at: 1788539479722
[debug] [2026-09-04T15:31:28.726Z] Checked if tokens are valid: true, expires at: 1788539479722
[debug] [2026-09-04T15:31:28.726Z] Checked if tokens are valid: true, expires at: 1788539479722
[debug] [2026-09-04T15:31:28.726Z] Checked if tokens are valid: true, expires at: 1788539479722
[debug] [2026-09-04T15:31:28.727Z] Checked if tokens are valid: true, expires at: 1788539479722
[debug] [2026-09-04T15:31:28.727Z] Checked if tokens are valid: true, expires at: 1788539479722
[debug] [2026-09-04T15:31:28.727Z] Checked if tokens are valid: true, expires at: 1788539479722
[debug] [2026-09-04T15:31:28.727Z] Checked if tokens are valid: true, expires at: 1788539479722
[debug] [2026-09-04T15:31:28.727Z] Checked if tokens are valid: true, expires at: 1788539479722
[debug] [2026-09-04T15:31:28.727Z] Checked if tokens are valid: true, expires at: 1788539479722
[debug] [2026-09-04T15:31:28.727Z] Checked if tokens are valid: true, expires at: 1788539479722
[debug] [2026-09-04T15:31:28.727Z] Checked if tokens are valid: true, expires at: 1788539479722
[debug] [2026-09-04T15:31:28.727Z] Checked if tokens are valid: true, expires at: 1788539479722
[debug] [2026-09-04T15:31:28.728Z] Checked if tokens are valid: true, expires at: 1788539479722
[debug] [2026-09-04T15:31:28.728Z] Checked if tokens are valid: true, expires at: 1788539479722
[debug] [2026-09-04T15:31:28.728Z] Checked if tokens are valid: true, expires at: 1788539479722
[debug] [2026-09-04T15:31:28.728Z] Checked if tokens are valid: true, expires at: 1788539479722
[debug] [2026-09-04T15:31:28.728Z] Checked if tokens are valid: true, expires at: 1788539479722
[debug] [2026-09-04T15:31:28.728Z] Checked if tokens are valid: true, expires at: 1788539479722
[debug] [2026-09-04T15:31:28.728Z] Checked if tokens are valid: true, expires at: 1788539479722
[debug] [2026-09-04T15:31:28.728Z] Checked if tokens are valid: true, expires at: 1788539479722
[debug] [2026-09-04T15:31:28.728Z] Checked if tokens are valid: true, expires at: 1788539479722
[debug] [2026-09-04T15:31:28.728Z] Checked if tokens are valid: true, expires at: 1788539479722
[debug] [2026-09-04T15:31:28.729Z] Checked if tokens are valid: true, expires at: 1788539479722
[debug] [2026-09-04T15:31:28.729Z] Checked if tokens are valid: true, expires at: 1788539479722
[debug] [2026-09-04T15:31:28.729Z] Checked if tokens are valid: true, expires at: 1788539479722
[debug] [2026-09-04T15:31:28.729Z] Checked if tokens are valid: true, expires at: 1788539479722
[debug] [2026-09-04T15:31:28.729Z] Checked if tokens are valid: true, expires at: 1788539479722
[debug] [2026-09-04T15:31:28.729Z] Checked if tokens are valid: true, expires at: 1788539479722
[debug] [2026-09-04T15:31:28.729Z] Checked if tokens are valid: true, expires at: 1788539479722
[debug] [2026-09-04T15:31:28.730Z] Checked if tokens are valid: true, expires at: 1788539479722
[debug] [2026-09-04T15:31:28.730Z] Checked if tokens are valid: true, expires at: 1788539479722
[debug] [2026-09-04T15:31:28.730Z] Checked if tokens are valid: true, expires at: 1788539479722
[debug] [2026-09-04T15:31:28.730Z] Checked if tokens are valid: true, expires at: 1788539479722
[debug] [2026-09-04T15:31:28.730Z] Checked if tokens are valid: true, expires at: 1788539479722
[debug] [2026-09-04T15:31:28.730Z] Checked if tokens are valid: true, expires at: 1788539479722
[debug] [2026-09-04T15:31:28.730Z] Checked if tokens are valid: true, expires at: 1788539479722
[debug] [2026-09-04T15:31:28.731Z] Checked if tokens are valid: true, expires at: 1788539479722
[debug] [2026-09-04T15:31:28.731Z] Checked if tokens are valid: true, expires at: 1788539479722
[debug] [2026-09-04T15:31:28.731Z] Checked if tokens are valid: true, expires at: 1788539479722
[debug] [2026-09-04T15:31:28.731Z] Checked if tokens are valid: true, expires at: 1788539479722
[debug] [2026-09-04T15:31:28.731Z] Checked if tokens are valid: true, expires at: 1788539479722
[debug] [2026-09-04T15:31:28.732Z] Checked if tokens are valid: true, expires at: 1788539479722
[debug] [2026-09-04T15:31:28.732Z] Checked if tokens are valid: true, expires at: 1788539479722
[debug] [2026-09-04T15:31:28.732Z] Checked if tokens are valid: true, expires at: 1788539479722
[debug] [2026-09-04T15:31:28.732Z] Checked if tokens are valid: true, expires at: 1788539479722
[debug] [2026-09-04T15:31:28.732Z] Checked if tokens are valid: true, expires at: 1788539479722
[debug] [2026-09-04T15:31:28.733Z] Checked if tokens are valid: true, expires at: 1788539479722
[debug] [2026-09-04T15:31:28.733Z] Checked if tokens are valid: true, expires at: 1788539479722
[debug] [2026-09-04T15:31:28.733Z] Checked if tokens are valid: true, expires at: 1788539479722
[debug] [2026-09-04T15:31:28.734Z] Checked if tokens are valid: true, expires at: 1788539479722
[debug] [2026-09-04T15:31:28.734Z] Checked if tokens are valid: true, expires at: 1788539479722
[debug] [2026-09-04T15:31:28.734Z] Checked if tokens are valid: true, expires at: 1788539479722
[debug] [2026-09-04T15:31:28.734Z] Checked if tokens are valid: true, expires at: 1788539479722
[debug] [2026-09-04T15:31:28.735Z] Checked if tokens are valid: true, expires at: 1788539479722
[debug] [2026-09-04T15:31:28.735Z] Checked if tokens are valid: true, expires at: 1788539479722
[debug] [2026-09-04T15:31:28.735Z] Checked if tokens are valid: true, expires at: 1788539479722
[debug] [2026-09-04T15:31:28.735Z] Checked if tokens are valid: true, expires at: 1788539479722
[debug] [2026-09-04T15:31:28.735Z] Checked if tokens are valid: true, expires at: 1788539479722
[debug] [2026-09-04T15:31:28.735Z] Checked if tokens are valid: true, expires at: 1788539479722
[debug] [2026-09-04T15:31:28.735Z] Checked if tokens are valid: true, expires at: 1788539479722
[debug] [2026-09-04T15:31:28.735Z] Checked if tokens are valid: true, expires at: 1788539479722
[debug] [2026-09-04T15:31:28.735Z] Checked if tokens are valid: true, expires at: 1788539479722
[debug] [2026-09-04T15:31:28.735Z] Checked if tokens are valid: true, expires at: 1788539479722
[debug] [2026-09-04T15:31:28.736Z] Checked if tokens are valid: true, expires at: 1788539479722
[debug] [2026-09-04T15:31:28.736Z] Checked if tokens are valid: true, expires at: 1788539479722
[debug] [2026-09-04T15:31:28.736Z] Checked if tokens are valid: true, expires at: 1788539479722
[debug] [2026-09-04T15:31:28.736Z] Checked if tokens are valid: true, expires at: 1788539479722
[debug] [2026-09-04T15:31:28.736Z] Checked if tokens are valid: true, expires at: 1788539479722
[debug] [2026-09-04T15:31:28.736Z] Checked if tokens are valid: true, expires at: 1788539479722
[debug] [2026-09-04T15:31:28.736Z] Checked if tokens are valid: true, expires at: 1788539479722
[debug] [2026-09-04T15:31:28.736Z] Checked if tokens are valid: true, expires at: 1788539479722
[debug] [2026-09-04T15:31:28.736Z] Checked if tokens are valid: true, expires at: 1788539479722
[debug] [2026-09-04T15:31:28.736Z] Checked if tokens are valid: true, expires at: 1788539479722
[debug] [2026-09-04T15:31:28.737Z] Checked if tokens are valid: true, expires at: 1788539479722
[debug] [2026-09-04T15:31:28.737Z] Checked if tokens are valid: true, expires at: 1788539479722
[debug] [2026-09-04T15:31:28.737Z] Checked if tokens are valid: true, expires at: 1788539479722
[debug] [2026-09-04T15:31:28.737Z] Checked if tokens are valid: true, expires at: 1788539479722
[debug] [2026-09-04T15:31:28.737Z] Checked if tokens are valid: true, expires at: 1788539479722
[debug] [2026-09-04T15:31:28.737Z] Checked if tokens are valid: true, expires at: 1788539479722
[debug] [2026-09-04T15:31:28.737Z] Checked if tokens are valid: true, expires at: 1788539479722
[debug] [2026-09-04T15:31:28.737Z] Checked if tokens are valid: true, expires at: 1788539479722
[debug] [2026-09-04T15:31:28.737Z] Checked if tokens are valid: true, expires at: 1788539479722
[debug] [2026-09-04T15:31:28.737Z] Checked if tokens are valid: true, expires at: 1788539479722
[debug] [2026-09-04T15:31:28.738Z] Checked if tokens are valid: true, expires at: 1788539479722
[debug] [2026-09-04T15:31:28.738Z] Checked if tokens are valid: true, expires at: 1788539479722
[debug] [2026-09-04T15:31:28.738Z] Checked if tokens are valid: true, expires at: 1788539479722
[debug] [2026-09-04T15:31:28.738Z] Checked if tokens are valid: true, expires at: 1788539479722
[debug] [2026-09-04T15:31:28.738Z] Checked if tokens are valid: true, expires at: 1788539479722
[debug] [2026-09-04T15:31:28.738Z] Checked if tokens are valid: true, expires at: 1788539479722
[debug] [2026-09-04T15:31:28.738Z] Checked if tokens are valid: true, expires at: 1788539479722
[debug] [2026-09-04T15:31:28.738Z] Checked if tokens are valid: true, expires at: 1788539479722
[debug] [2026-09-04T15:31:28.738Z] Checked if tokens are valid: true, expires at: 1788539479722
[debug] [2026-09-04T15:31:28.738Z] Checked if tokens are valid: true, expires at: 1788539479722
[debug] [2026-09-04T15:31:28.739Z] Checked if tokens are valid: true, expires at: 1788539479722
[debug] [2026-09-04T15:31:28.739Z] Checked if tokens are valid: true, expires at: 1788539479722
[debug] [2026-09-04T15:31:28.739Z] Checked if tokens are valid: true, expires at: 1788539479722
[debug] [2026-09-04T15:31:28.739Z] Checked if tokens are valid: true, expires at: 1788539479722
[debug] [2026-09-04T15:31:28.739Z] Checked if tokens are valid: true, expires at: 1788539479722
[debug] [2026-09-04T15:31:28.739Z] Checked if tokens are valid: true, expires at: 1788539479722
[debug] [2026-09-04T15:31:28.739Z] Checked if tokens are valid: true, expires at: 1788539479722
[debug] [2026-09-04T15:31:28.739Z] Checked if tokens are valid: true, expires at: 1788539479722
[debug] [2026-09-04T15:31:28.739Z] Checked if tokens are valid: true, expires at: 1788539479722
[debug] [2026-09-04T15:31:28.739Z] Checked if tokens are valid: true, expires at: 1788539479722
[debug] [2026-09-04T15:31:28.739Z] Checked if tokens are valid: true, expires at: 1788539479722
[debug] [2026-09-04T15:31:28.739Z] Checked if tokens are valid: true, expires at: 1788539479722
[debug] [2026-09-04T15:31:28.740Z] Checked if tokens are valid: true, expires at: 1788539479722
[debug] [2026-09-04T15:31:28.740Z] Checked if tokens are valid: true, expires at: 1788539479722
[debug] [2026-09-04T15:31:28.740Z] Checked if tokens are valid: true, expires at: 1788539479722
[debug] [2026-09-04T15:31:28.740Z] Checked if tokens are valid: true, expires at: 1788539479722
[debug] [2026-09-04T15:31:28.740Z] Checked if tokens are valid: true, expires at: 1788539479722
[debug] [2026-09-04T15:31:28.740Z] Checked if tokens are valid: true, expires at: 1788539479722
[debug] [2026-09-04T15:31:28.740Z] Checked if tokens are valid: true, expires at: 1788539479722
[debug] [2026-09-04T15:31:28.740Z] Checked if tokens are valid: true, expires at: 1788539479722
[debug] [2026-09-04T15:31:28.740Z] Checked if tokens are valid: true, expires at: 1788539479722
[debug] [2026-09-04T15:31:28.740Z] Checked if tokens are valid: true, expires at: 1788539479722
[debug] [2026-09-04T15:31:28.740Z] Checked if tokens are valid: true, expires at: 1788539479722
[debug] [2026-09-04T15:31:28.740Z] Checked if tokens are valid: true, expires at: 1788539479722
[debug] [2026-09-04T15:31:28.741Z] Checked if tokens are valid: true, expires at: 1788539479722
[debug] [2026-09-04T15:31:28.741Z] Checked if tokens are valid: true, expires at: 1788539479722
[debug] [2026-09-04T15:31:28.741Z] Checked if tokens are valid: true, expires at: 1788539479722
[debug] [2026-09-04T15:31:28.741Z] Checked if tokens are valid: true, expires at: 1788539479722
[debug] [2026-09-04T15:31:28.741Z] Checked if tokens are valid: true, expires at: 1788539479722
[debug] [2026-09-04T15:31:28.741Z] Checked if tokens are valid: true, expires at: 1788539479722
[debug] [2026-09-04T15:31:28.741Z] Checked if tokens are valid: true, expires at: 1788539479722
[debug] [2026-09-04T15:31:28.741Z] Checked if tokens are valid: true, expires at: 1788539479722
[debug] [2026-09-04T15:31:28.741Z] Checked if tokens are valid: true, expires at: 1788539479722
[debug] [2026-09-04T15:31:28.741Z] Checked if tokens are valid: true, expires at: 1788539479722
[debug] [2026-09-04T15:31:28.741Z] Checked if tokens are valid: true, expires at: 1788539479722
[debug] [2026-09-04T15:31:28.741Z] Checked if tokens are valid: true, expires at: 1788539479722
[debug] [2026-09-04T15:31:28.742Z] Checked if tokens are valid: true, expires at: 1788539479722
[debug] [2026-09-04T15:31:28.742Z] Checked if tokens are valid: true, expires at: 1788539479722
[debug] [2026-09-04T15:31:28.742Z] Checked if tokens are valid: true, expires at: 1788539479722
[debug] [2026-09-04T15:31:28.742Z] Checked if tokens are valid: true, expires at: 1788539479722
[debug] [2026-09-04T15:31:28.742Z] Checked if tokens are valid: true, expires at: 1788539479722
[debug] [2026-09-04T15:31:28.742Z] Checked if tokens are valid: true, expires at: 1788539479722
[debug] [2026-09-04T15:31:28.742Z] Checked if tokens are valid: true, expires at: 1788539479722
[debug] [2026-09-04T15:31:28.742Z] Checked if tokens are valid: true, expires at: 1788539479722
[debug] [2026-09-04T15:31:28.742Z] Checked if tokens are valid: true, expires at: 1788539479722
[debug] [2026-09-04T15:31:28.742Z] Checked if tokens are valid: true, expires at: 1788539479722
[debug] [2026-09-04T15:31:28.742Z] Checked if tokens are valid: true, expires at: 1788539479722
[debug] [2026-09-04T15:31:28.742Z] Checked if tokens are valid: true, expires at: 1788539479722
[debug] [2026-09-04T15:31:28.743Z] Checked if tokens are valid: true, expires at: 1788539479722
[debug] [2026-09-04T15:31:28.743Z] Checked if tokens are valid: true, expires at: 1788539479722
[debug] [2026-09-04T15:31:28.743Z] Checked if tokens are valid: true, expires at: 1788539479722
[debug] [2026-09-04T15:31:28.743Z] Checked if tokens are valid: true, expires at: 1788539479722
[debug] [2026-09-04T15:31:28.743Z] Checked if tokens are valid: true, expires at: 1788539479722
[debug] [2026-09-04T15:31:28.743Z] Checked if tokens are valid: true, expires at: 1788539479722
[debug] [2026-09-04T15:31:28.743Z] Checked if tokens are valid: true, expires at: 1788539479722
[debug] [2026-09-04T15:31:28.743Z] Checked if tokens are valid: true, expires at: 1788539479722
[debug] [2026-09-04T15:31:28.743Z] Checked if tokens are valid: true, expires at: 1788539479722
[debug] [2026-09-04T15:31:28.743Z] Checked if tokens are valid: true, expires at: 1788539479722
[debug] [2026-09-04T15:31:28.743Z] Checked if tokens are valid: true, expires at: 1788539479722
[debug] [2026-09-04T15:31:28.744Z] Checked if tokens are valid: true, expires at: 1788539479722
[debug] [2026-09-04T15:31:28.744Z] Checked if tokens are valid: true, expires at: 1788539479722
[debug] [2026-09-04T15:31:28.744Z] Checked if tokens are valid: true, expires at: 1788539479722
[debug] [2026-09-04T15:31:28.744Z] Checked if tokens are valid: true, expires at: 1788539479722
[debug] [2026-09-04T15:31:28.744Z] Checked if tokens are valid: true, expires at: 1788539479722
[debug] [2026-09-04T15:31:28.744Z] Checked if tokens are valid: true, expires at: 1788539479722
[debug] [2026-09-04T15:31:28.744Z] Checked if tokens are valid: true, expires at: 1788539479722
[debug] [2026-09-04T15:31:28.744Z] Checked if tokens are valid: true, expires at: 1788539479722
[debug] [2026-09-04T15:31:28.745Z] Checked if tokens are valid: true, expires at: 1788539479722
[debug] [2026-09-04T15:31:28.745Z] Checked if tokens are valid: true, expires at: 1788539479722
[debug] [2026-09-04T15:31:28.745Z] Checked if tokens are valid: true, expires at: 1788539479722
[debug] [2026-09-04T15:31:28.745Z] Checked if tokens are valid: true, expires at: 1788539479722
[debug] [2026-09-04T15:31:28.745Z] Checked if tokens are valid: true, expires at: 1788539479722
[debug] [2026-09-04T15:31:28.745Z] Checked if tokens are valid: true, expires at: 1788539479722
[debug] [2026-09-04T15:31:28.745Z] Checked if tokens are valid: true, expires at: 1788539479722
[debug] [2026-09-04T15:31:28.745Z] Checked if tokens are valid: true, expires at: 1788539479722
[debug] [2026-09-04T15:31:28.745Z] Checked if tokens are valid: true, expires at: 1788539479722
[debug] [2026-09-04T15:31:28.746Z] Checked if tokens are valid: true, expires at: 1788539479722
[debug] [2026-09-04T15:31:28.746Z] Checked if tokens are valid: true, expires at: 1788539479722
[debug] [2026-09-04T15:31:28.746Z] Checked if tokens are valid: true, expires at: 1788539479722
[debug] [2026-09-04T15:31:28.746Z] Checked if tokens are valid: true, expires at: 1788539479722
[debug] [2026-09-04T15:31:28.746Z] Checked if tokens are valid: true, expires at: 1788539479722
[debug] [2026-09-04T15:31:28.746Z] Checked if tokens are valid: true, expires at: 1788539479722
[debug] [2026-09-04T15:31:28.746Z] Checked if tokens are valid: true, expires at: 1788539479722
[debug] [2026-09-04T15:31:28.746Z] Checked if tokens are valid: true, expires at: 1788539479722
[debug] [2026-09-04T15:31:28.746Z] Checked if tokens are valid: true, expires at: 1788539479722
[debug] [2026-09-04T15:31:28.746Z] Checked if tokens are valid: true, expires at: 1788539479722
[debug] [2026-09-04T15:31:28.746Z] Checked if tokens are valid: true, expires at: 1788539479722
[debug] [2026-09-04T15:31:28.747Z] Checked if tokens are valid: true, expires at: 1788539479722
[debug] [2026-09-04T15:31:28.747Z] Checked if tokens are valid: true, expires at: 1788539479722
[debug] [2026-09-04T15:31:28.747Z] Checked if tokens are valid: true, expires at: 1788539479722
[debug] [2026-09-04T15:31:28.747Z] Checked if tokens are valid: true, expires at: 1788539479722
[debug] [2026-09-04T15:31:28.747Z] Checked if tokens are valid: true, expires at: 1788539479722
[debug] [2026-09-04T15:31:28.747Z] Checked if tokens are valid: true, expires at: 1788539479722
[debug] [2026-09-04T15:31:28.747Z] Checked if tokens are valid: true, expires at: 1788539479722
[debug] [2026-09-04T15:31:28.747Z] Checked if tokens are valid: true, expires at: 1788539479722
[debug] [2026-09-04T15:31:28.747Z] Checked if tokens are valid: true, expires at: 1788539479722
[debug] [2026-09-04T15:31:28.747Z] Checked if tokens are valid: true, expires at: 1788539479722
[debug] [2026-09-04T15:31:28.747Z] Checked if tokens are valid: true, expires at: 1788539479722
[debug] [2026-09-04T15:31:28.748Z] Checked if tokens are valid: true, expires at: 1788539479722
[debug] [2026-09-04T15:31:28.748Z] Checked if tokens are valid: true, expires at: 1788539479722
[debug] [2026-09-04T15:31:28.748Z] Checked if tokens are valid: true, expires at: 1788539479722
[debug] [2026-09-04T15:31:28.748Z] Checked if tokens are valid: true, expires at: 1788539479722
[debug] [2026-09-04T15:31:28.749Z] >>> [apiv2][query] POST https://upload-firebasehosting.googleapis.com/upload/sites/my-job-cd13f/versions/562bd7f0c919cadf/files/7a1a910b7e7a3a0c963278f48e7ca7e394f42a624742dd505fc3cd7370d35476 [none]
[debug] [2026-09-04T15:31:28.749Z] >>> [apiv2][body] POST https://upload-firebasehosting.googleapis.com/upload/sites/my-job-cd13f/versions/562bd7f0c919cadf/files/7a1a910b7e7a3a0c963278f48e7ca7e394f42a624742dd505fc3cd7370d35476 [stream]
[debug] [2026-09-04T15:31:28.751Z] >>> [apiv2][query] POST https://upload-firebasehosting.googleapis.com/upload/sites/my-job-cd13f/versions/562bd7f0c919cadf/files/5e57f6166b702492ab9551af57e4546546c184673a4c0432f73b96f62820f7eb [none]
[debug] [2026-09-04T15:31:28.751Z] >>> [apiv2][body] POST https://upload-firebasehosting.googleapis.com/upload/sites/my-job-cd13f/versions/562bd7f0c919cadf/files/5e57f6166b702492ab9551af57e4546546c184673a4c0432f73b96f62820f7eb [stream]
[debug] [2026-09-04T15:31:28.752Z] >>> [apiv2][query] POST https://upload-firebasehosting.googleapis.com/upload/sites/my-job-cd13f/versions/562bd7f0c919cadf/files/06ff8c6c22173d01f0287cfe99e74d78894d461c621c3b804d18630c3c9c587c [none]
[debug] [2026-09-04T15:31:28.752Z] >>> [apiv2][body] POST https://upload-firebasehosting.googleapis.com/upload/sites/my-job-cd13f/versions/562bd7f0c919cadf/files/06ff8c6c22173d01f0287cfe99e74d78894d461c621c3b804d18630c3c9c587c [stream]
[debug] [2026-09-04T15:31:28.753Z] >>> [apiv2][query] POST https://upload-firebasehosting.googleapis.com/upload/sites/my-job-cd13f/versions/562bd7f0c919cadf/files/976c2332e08eb676b3fd8b99037ffa3db830b9db459bdc3cc7a9f553ea9ca862 [none]
[debug] [2026-09-04T15:31:28.753Z] >>> [apiv2][body] POST https://upload-firebasehosting.googleapis.com/upload/sites/my-job-cd13f/versions/562bd7f0c919cadf/files/976c2332e08eb676b3fd8b99037ffa3db830b9db459bdc3cc7a9f553ea9ca862 [stream]
[debug] [2026-09-04T15:31:28.753Z] >>> [apiv2][query] POST https://upload-firebasehosting.googleapis.com/upload/sites/my-job-cd13f/versions/562bd7f0c919cadf/files/a8e2a410aa10e449d49cd29c9fe4ba6552cdc09bf21c531ab682419ac095d66c [none]
[debug] [2026-09-04T15:31:28.753Z] >>> [apiv2][body] POST https://upload-firebasehosting.googleapis.com/upload/sites/my-job-cd13f/versions/562bd7f0c919cadf/files/a8e2a410aa10e449d49cd29c9fe4ba6552cdc09bf21c531ab682419ac095d66c [stream]
[debug] [2026-09-04T15:31:28.754Z] >>> [apiv2][query] POST https://upload-firebasehosting.googleapis.com/upload/sites/my-job-cd13f/versions/562bd7f0c919cadf/files/652128434fd6909518f5d52115cc473216f3aa4ee872a70f80ec3b385bbd1a0c [none]
[debug] [2026-09-04T15:31:28.754Z] >>> [apiv2][body] POST https://upload-firebasehosting.googleapis.com/upload/sites/my-job-cd13f/versions/562bd7f0c919cadf/files/652128434fd6909518f5d52115cc473216f3aa4ee872a70f80ec3b385bbd1a0c [stream]
[debug] [2026-09-04T15:31:28.754Z] >>> [apiv2][query] POST https://upload-firebasehosting.googleapis.com/upload/sites/my-job-cd13f/versions/562bd7f0c919cadf/files/dc28a4dc92fe352ed5d2201bd3972ce47691bc8e89e0400a68d1541d0567c6d5 [none]
[debug] [2026-09-04T15:31:28.754Z] >>> [apiv2][body] POST https://upload-firebasehosting.googleapis.com/upload/sites/my-job-cd13f/versions/562bd7f0c919cadf/files/dc28a4dc92fe352ed5d2201bd3972ce47691bc8e89e0400a68d1541d0567c6d5 [stream]
[debug] [2026-09-04T15:31:28.754Z] >>> [apiv2][query] POST https://upload-firebasehosting.googleapis.com/upload/sites/my-job-cd13f/versions/562bd7f0c919cadf/files/becb752d99d703da848de211408682b5b1c421f519e8013f318518759eae9a1d [none]
[debug] [2026-09-04T15:31:28.754Z] >>> [apiv2][body] POST https://upload-firebasehosting.googleapis.com/upload/sites/my-job-cd13f/versions/562bd7f0c919cadf/files/becb752d99d703da848de211408682b5b1c421f519e8013f318518759eae9a1d [stream]
[debug] [2026-09-04T15:31:28.755Z] >>> [apiv2][query] POST https://upload-firebasehosting.googleapis.com/upload/sites/my-job-cd13f/versions/562bd7f0c919cadf/files/16a62ccb632c751c8de291567b5844b4afbb8f1600809077a96613e347e73b02 [none]
[debug] [2026-09-04T15:31:28.755Z] >>> [apiv2][body] POST https://upload-firebasehosting.googleapis.com/upload/sites/my-job-cd13f/versions/562bd7f0c919cadf/files/16a62ccb632c751c8de291567b5844b4afbb8f1600809077a96613e347e73b02 [stream]
[debug] [2026-09-04T15:31:28.755Z] >>> [apiv2][query] POST https://upload-firebasehosting.googleapis.com/upload/sites/my-job-cd13f/versions/562bd7f0c919cadf/files/ecc05341e98e1e3459d52a34d21f22da0c265680028d7820421a76b60688772e [none]
[debug] [2026-09-04T15:31:28.755Z] >>> [apiv2][body] POST https://upload-firebasehosting.googleapis.com/upload/sites/my-job-cd13f/versions/562bd7f0c919cadf/files/ecc05341e98e1e3459d52a34d21f22da0c265680028d7820421a76b60688772e [stream]
[debug] [2026-09-04T15:31:28.755Z] >>> [apiv2][query] POST https://upload-firebasehosting.googleapis.com/upload/sites/my-job-cd13f/versions/562bd7f0c919cadf/files/eb54d6dd8754f453d22c7e585b946d5e8bad7cab8c85d84f57d8fed1863725ae [none]
[debug] [2026-09-04T15:31:28.755Z] >>> [apiv2][body] POST https://upload-firebasehosting.googleapis.com/upload/sites/my-job-cd13f/versions/562bd7f0c919cadf/files/eb54d6dd8754f453d22c7e585b946d5e8bad7cab8c85d84f57d8fed1863725ae [stream]
[debug] [2026-09-04T15:31:28.755Z] >>> [apiv2][query] POST https://upload-firebasehosting.googleapis.com/upload/sites/my-job-cd13f/versions/562bd7f0c919cadf/files/10f17bf7080af418151e9b89f7e284d491162023a0bc27611e639cb2c87a3e49 [none]
[debug] [2026-09-04T15:31:28.755Z] >>> [apiv2][body] POST https://upload-firebasehosting.googleapis.com/upload/sites/my-job-cd13f/versions/562bd7f0c919cadf/files/10f17bf7080af418151e9b89f7e284d491162023a0bc27611e639cb2c87a3e49 [stream]
[debug] [2026-09-04T15:31:28.756Z] >>> [apiv2][query] POST https://upload-firebasehosting.googleapis.com/upload/sites/my-job-cd13f/versions/562bd7f0c919cadf/files/255bb00a0fe34483e796e9558018274003cda9f6be4304a5ffdd14970e0a077a [none]
[debug] [2026-09-04T15:31:28.756Z] >>> [apiv2][body] POST https://upload-firebasehosting.googleapis.com/upload/sites/my-job-cd13f/versions/562bd7f0c919cadf/files/255bb00a0fe34483e796e9558018274003cda9f6be4304a5ffdd14970e0a077a [stream]
[debug] [2026-09-04T15:31:28.756Z] >>> [apiv2][query] POST https://upload-firebasehosting.googleapis.com/upload/sites/my-job-cd13f/versions/562bd7f0c919cadf/files/8fe93bff7d987c78a06cb56729df85026349c0d479836281ca8ff5cb59c82825 [none]
[debug] [2026-09-04T15:31:28.756Z] >>> [apiv2][body] POST https://upload-firebasehosting.googleapis.com/upload/sites/my-job-cd13f/versions/562bd7f0c919cadf/files/8fe93bff7d987c78a06cb56729df85026349c0d479836281ca8ff5cb59c82825 [stream]
[debug] [2026-09-04T15:31:28.756Z] >>> [apiv2][query] POST https://upload-firebasehosting.googleapis.com/upload/sites/my-job-cd13f/versions/562bd7f0c919cadf/files/28da5eab8a94fba4e49352c75932f738d377bd4cf79fc3de11e5d56b9574e940 [none]
[debug] [2026-09-04T15:31:28.756Z] >>> [apiv2][body] POST https://upload-firebasehosting.googleapis.com/upload/sites/my-job-cd13f/versions/562bd7f0c919cadf/files/28da5eab8a94fba4e49352c75932f738d377bd4cf79fc3de11e5d56b9574e940 [stream]
[debug] [2026-09-04T15:31:28.756Z] >>> [apiv2][query] POST https://upload-firebasehosting.googleapis.com/upload/sites/my-job-cd13f/versions/562bd7f0c919cadf/files/cde789cb286bb3b8ba5277c394a65748f68a107a963628ebe901dc6d35e2f03c [none]
[debug] [2026-09-04T15:31:28.756Z] >>> [apiv2][body] POST https://upload-firebasehosting.googleapis.com/upload/sites/my-job-cd13f/versions/562bd7f0c919cadf/files/cde789cb286bb3b8ba5277c394a65748f68a107a963628ebe901dc6d35e2f03c [stream]
[debug] [2026-09-04T15:31:28.756Z] >>> [apiv2][query] POST https://upload-firebasehosting.googleapis.com/upload/sites/my-job-cd13f/versions/562bd7f0c919cadf/files/c26134b34aee64d73ff4117945ce06a77943afef277b85b97b7163e6cbb061dc [none]
[debug] [2026-09-04T15:31:28.756Z] >>> [apiv2][body] POST https://upload-firebasehosting.googleapis.com/upload/sites/my-job-cd13f/versions/562bd7f0c919cadf/files/c26134b34aee64d73ff4117945ce06a77943afef277b85b97b7163e6cbb061dc [stream]
[debug] [2026-09-04T15:31:28.756Z] >>> [apiv2][query] POST https://upload-firebasehosting.googleapis.com/upload/sites/my-job-cd13f/versions/562bd7f0c919cadf/files/ca016c33abff117931bcf8e7820aa50a8d2168fb3115cccefa6b92d35b2ed272 [none]
[debug] [2026-09-04T15:31:28.756Z] >>> [apiv2][body] POST https://upload-firebasehosting.googleapis.com/upload/sites/my-job-cd13f/versions/562bd7f0c919cadf/files/ca016c33abff117931bcf8e7820aa50a8d2168fb3115cccefa6b92d35b2ed272 [stream]
[debug] [2026-09-04T15:31:28.757Z] >>> [apiv2][query] POST https://upload-firebasehosting.googleapis.com/upload/sites/my-job-cd13f/versions/562bd7f0c919cadf/files/dde2e8b841b271dbaafacd45ab3a849a27cef603a17382ee3829028f2712ab41 [none]
[debug] [2026-09-04T15:31:28.757Z] >>> [apiv2][body] POST https://upload-firebasehosting.googleapis.com/upload/sites/my-job-cd13f/versions/562bd7f0c919cadf/files/dde2e8b841b271dbaafacd45ab3a849a27cef603a17382ee3829028f2712ab41 [stream]
[debug] [2026-09-04T15:31:28.757Z] >>> [apiv2][query] POST https://upload-firebasehosting.googleapis.com/upload/sites/my-job-cd13f/versions/562bd7f0c919cadf/files/7495e94bcbae3fbc3e88f31523ece45dbe5be6af67f8b2a24e9fe42b398d3f3b [none]
[debug] [2026-09-04T15:31:28.757Z] >>> [apiv2][body] POST https://upload-firebasehosting.googleapis.com/upload/sites/my-job-cd13f/versions/562bd7f0c919cadf/files/7495e94bcbae3fbc3e88f31523ece45dbe5be6af67f8b2a24e9fe42b398d3f3b [stream]
[debug] [2026-09-04T15:31:28.757Z] >>> [apiv2][query] POST https://upload-firebasehosting.googleapis.com/upload/sites/my-job-cd13f/versions/562bd7f0c919cadf/files/5af2d5132aacc011c0c95bf14e1f2fa1c1de92a4c13c7b0b1c98b89030e32d45 [none]
[debug] [2026-09-04T15:31:28.757Z] >>> [apiv2][body] POST https://upload-firebasehosting.googleapis.com/upload/sites/my-job-cd13f/versions/562bd7f0c919cadf/files/5af2d5132aacc011c0c95bf14e1f2fa1c1de92a4c13c7b0b1c98b89030e32d45 [stream]
[debug] [2026-09-04T15:31:28.757Z] >>> [apiv2][query] POST https://upload-firebasehosting.googleapis.com/upload/sites/my-job-cd13f/versions/562bd7f0c919cadf/files/3ea54a58c9087b1b0f481f581ae23aa17eeab4b0b07ee1116bab1e693302327a [none]
[debug] [2026-09-04T15:31:28.757Z] >>> [apiv2][body] POST https://upload-firebasehosting.googleapis.com/upload/sites/my-job-cd13f/versions/562bd7f0c919cadf/files/3ea54a58c9087b1b0f481f581ae23aa17eeab4b0b07ee1116bab1e693302327a [stream]
[debug] [2026-09-04T15:31:28.757Z] >>> [apiv2][query] POST https://upload-firebasehosting.googleapis.com/upload/sites/my-job-cd13f/versions/562bd7f0c919cadf/files/4e4038e4cb17b1349cc9c717fca51c0e00782a2093bd8a939efc70e5d78bceb7 [none]
[debug] [2026-09-04T15:31:28.757Z] >>> [apiv2][body] POST https://upload-firebasehosting.googleapis.com/upload/sites/my-job-cd13f/versions/562bd7f0c919cadf/files/4e4038e4cb17b1349cc9c717fca51c0e00782a2093bd8a939efc70e5d78bceb7 [stream]
[debug] [2026-09-04T15:31:28.758Z] >>> [apiv2][query] POST https://upload-firebasehosting.googleapis.com/upload/sites/my-job-cd13f/versions/562bd7f0c919cadf/files/9db501bf314e8bcbd31ac7f79495753a2a2da4243c362edc5f07928f3c9146a0 [none]
[debug] [2026-09-04T15:31:28.758Z] >>> [apiv2][body] POST https://upload-firebasehosting.googleapis.com/upload/sites/my-job-cd13f/versions/562bd7f0c919cadf/files/9db501bf314e8bcbd31ac7f79495753a2a2da4243c362edc5f07928f3c9146a0 [stream]
[debug] [2026-09-04T15:31:28.758Z] >>> [apiv2][query] POST https://upload-firebasehosting.googleapis.com/upload/sites/my-job-cd13f/versions/562bd7f0c919cadf/files/186a125ea752e9a61135c52750453c5a1745dde35dab0818e97068eba4c49d85 [none]
[debug] [2026-09-04T15:31:28.758Z] >>> [apiv2][body] POST https://upload-firebasehosting.googleapis.com/upload/sites/my-job-cd13f/versions/562bd7f0c919cadf/files/186a125ea752e9a61135c52750453c5a1745dde35dab0818e97068eba4c49d85 [stream]
[debug] [2026-09-04T15:31:28.758Z] >>> [apiv2][query] POST https://upload-firebasehosting.googleapis.com/upload/sites/my-job-cd13f/versions/562bd7f0c919cadf/files/6502a3e6120bf2d6e8417e7c40bb57fb8a6954de9c86d3f43076a75b60cd23a2 [none]
[debug] [2026-09-04T15:31:28.758Z] >>> [apiv2][body] POST https://upload-firebasehosting.googleapis.com/upload/sites/my-job-cd13f/versions/562bd7f0c919cadf/files/6502a3e6120bf2d6e8417e7c40bb57fb8a6954de9c86d3f43076a75b60cd23a2 [stream]
[debug] [2026-09-04T15:31:28.758Z] >>> [apiv2][query] POST https://upload-firebasehosting.googleapis.com/upload/sites/my-job-cd13f/versions/562bd7f0c919cadf/files/a6846eaa75b7d105faa65a81cac8cd2e25ce568a0eca5bc190f8f6dfcc6dffa9 [none]
[debug] [2026-09-04T15:31:28.758Z] >>> [apiv2][body] POST https://upload-firebasehosting.googleapis.com/upload/sites/my-job-cd13f/versions/562bd7f0c919cadf/files/a6846eaa75b7d105faa65a81cac8cd2e25ce568a0eca5bc190f8f6dfcc6dffa9 [stream]
[debug] [2026-09-04T15:31:28.759Z] >>> [apiv2][query] POST https://upload-firebasehosting.googleapis.com/upload/sites/my-job-cd13f/versions/562bd7f0c919cadf/files/dae5b3bc4dee07f7575c24076f9b19798a28add18e9a7af6c3b3dfb5334e797e [none]
[debug] [2026-09-04T15:31:28.759Z] >>> [apiv2][body] POST https://upload-firebasehosting.googleapis.com/upload/sites/my-job-cd13f/versions/562bd7f0c919cadf/files/dae5b3bc4dee07f7575c24076f9b19798a28add18e9a7af6c3b3dfb5334e797e [stream]
[debug] [2026-09-04T15:31:28.759Z] >>> [apiv2][query] POST https://upload-firebasehosting.googleapis.com/upload/sites/my-job-cd13f/versions/562bd7f0c919cadf/files/ea578227833360be14c93f3d1deefa6c7b0121157da02c1196802ea37710ef38 [none]
[debug] [2026-09-04T15:31:28.759Z] >>> [apiv2][body] POST https://upload-firebasehosting.googleapis.com/upload/sites/my-job-cd13f/versions/562bd7f0c919cadf/files/ea578227833360be14c93f3d1deefa6c7b0121157da02c1196802ea37710ef38 [stream]
[debug] [2026-09-04T15:31:28.760Z] >>> [apiv2][query] POST https://upload-firebasehosting.googleapis.com/upload/sites/my-job-cd13f/versions/562bd7f0c919cadf/files/97ff87010f1864e17b2c1eddb3fbc7ea7a82aed574e869e4df25fed977e06a11 [none]
[debug] [2026-09-04T15:31:28.760Z] >>> [apiv2][body] POST https://upload-firebasehosting.googleapis.com/upload/sites/my-job-cd13f/versions/562bd7f0c919cadf/files/97ff87010f1864e17b2c1eddb3fbc7ea7a82aed574e869e4df25fed977e06a11 [stream]
[debug] [2026-09-04T15:31:28.760Z] >>> [apiv2][query] POST https://upload-firebasehosting.googleapis.com/upload/sites/my-job-cd13f/versions/562bd7f0c919cadf/files/c87c8630ce7eb13f8892ffb0ccf2733ec12d5a839467d05b950e4edc896bbaf4 [none]
[debug] [2026-09-04T15:31:28.760Z] >>> [apiv2][body] POST https://upload-firebasehosting.googleapis.com/upload/sites/my-job-cd13f/versions/562bd7f0c919cadf/files/c87c8630ce7eb13f8892ffb0ccf2733ec12d5a839467d05b950e4edc896bbaf4 [stream]
[debug] [2026-09-04T15:31:28.761Z] >>> [apiv2][query] POST https://upload-firebasehosting.googleapis.com/upload/sites/my-job-cd13f/versions/562bd7f0c919cadf/files/829e6e36fbea5a5046c72b4d9341f7392e71adad73e96e80bfc668fd9e4c1724 [none]
[debug] [2026-09-04T15:31:28.761Z] >>> [apiv2][body] POST https://upload-firebasehosting.googleapis.com/upload/sites/my-job-cd13f/versions/562bd7f0c919cadf/files/829e6e36fbea5a5046c72b4d9341f7392e71adad73e96e80bfc668fd9e4c1724 [stream]
[debug] [2026-09-04T15:31:28.761Z] >>> [apiv2][query] POST https://upload-firebasehosting.googleapis.com/upload/sites/my-job-cd13f/versions/562bd7f0c919cadf/files/c7c342a0d73faf970defda71ae6a723c2a83ec4adb81c899b13977d188d1bbb8 [none]
[debug] [2026-09-04T15:31:28.761Z] >>> [apiv2][body] POST https://upload-firebasehosting.googleapis.com/upload/sites/my-job-cd13f/versions/562bd7f0c919cadf/files/c7c342a0d73faf970defda71ae6a723c2a83ec4adb81c899b13977d188d1bbb8 [stream]
[debug] [2026-09-04T15:31:28.762Z] >>> [apiv2][query] POST https://upload-firebasehosting.googleapis.com/upload/sites/my-job-cd13f/versions/562bd7f0c919cadf/files/758b86072c174ec3f056b2df8367f5529674da55bf886cc6c6b9ab3e9c3790b3 [none]
[debug] [2026-09-04T15:31:28.762Z] >>> [apiv2][body] POST https://upload-firebasehosting.googleapis.com/upload/sites/my-job-cd13f/versions/562bd7f0c919cadf/files/758b86072c174ec3f056b2df8367f5529674da55bf886cc6c6b9ab3e9c3790b3 [stream]
[debug] [2026-09-04T15:31:28.762Z] >>> [apiv2][query] POST https://upload-firebasehosting.googleapis.com/upload/sites/my-job-cd13f/versions/562bd7f0c919cadf/files/b25a3da5985a5657760f6fec9eb5d620a53b9af33e9cb63a401d87ef95c03868 [none]
[debug] [2026-09-04T15:31:28.762Z] >>> [apiv2][body] POST https://upload-firebasehosting.googleapis.com/upload/sites/my-job-cd13f/versions/562bd7f0c919cadf/files/b25a3da5985a5657760f6fec9eb5d620a53b9af33e9cb63a401d87ef95c03868 [stream]
[debug] [2026-09-04T15:31:28.762Z] >>> [apiv2][query] POST https://upload-firebasehosting.googleapis.com/upload/sites/my-job-cd13f/versions/562bd7f0c919cadf/files/17e78e12743a2b7e03c7884282eb91f02614295c7be958eccadf5bae76736f95 [none]
[debug] [2026-09-04T15:31:28.762Z] >>> [apiv2][body] POST https://upload-firebasehosting.googleapis.com/upload/sites/my-job-cd13f/versions/562bd7f0c919cadf/files/17e78e12743a2b7e03c7884282eb91f02614295c7be958eccadf5bae76736f95 [stream]
[debug] [2026-09-04T15:31:28.763Z] >>> [apiv2][query] POST https://upload-firebasehosting.googleapis.com/upload/sites/my-job-cd13f/versions/562bd7f0c919cadf/files/524b4b6a0609e12490f76b0465bbc8a8acb70937a4d8487634fe82f0fc9e6313 [none]
[debug] [2026-09-04T15:31:28.763Z] >>> [apiv2][body] POST https://upload-firebasehosting.googleapis.com/upload/sites/my-job-cd13f/versions/562bd7f0c919cadf/files/524b4b6a0609e12490f76b0465bbc8a8acb70937a4d8487634fe82f0fc9e6313 [stream]
[debug] [2026-09-04T15:31:28.763Z] >>> [apiv2][query] POST https://upload-firebasehosting.googleapis.com/upload/sites/my-job-cd13f/versions/562bd7f0c919cadf/files/8503020b2ce88e243cb59c7adcce45f28e9c9f06730257582ee48a70b366f97c [none]
[debug] [2026-09-04T15:31:28.764Z] >>> [apiv2][body] POST https://upload-firebasehosting.googleapis.com/upload/sites/my-job-cd13f/versions/562bd7f0c919cadf/files/8503020b2ce88e243cb59c7adcce45f28e9c9f06730257582ee48a70b366f97c [stream]
[debug] [2026-09-04T15:31:28.764Z] >>> [apiv2][query] POST https://upload-firebasehosting.googleapis.com/upload/sites/my-job-cd13f/versions/562bd7f0c919cadf/files/3299622ec7c7dec2545a9a530ed4898bce2e75dd8669c31b984228f798acab2f [none]
[debug] [2026-09-04T15:31:28.764Z] >>> [apiv2][body] POST https://upload-firebasehosting.googleapis.com/upload/sites/my-job-cd13f/versions/562bd7f0c919cadf/files/3299622ec7c7dec2545a9a530ed4898bce2e75dd8669c31b984228f798acab2f [stream]
[debug] [2026-09-04T15:31:28.765Z] >>> [apiv2][query] POST https://upload-firebasehosting.googleapis.com/upload/sites/my-job-cd13f/versions/562bd7f0c919cadf/files/032d74d5bbddc616f639a6d326ae1a9bb2899d9eaf3504c693e315dee45e9c22 [none]
[debug] [2026-09-04T15:31:28.765Z] >>> [apiv2][body] POST https://upload-firebasehosting.googleapis.com/upload/sites/my-job-cd13f/versions/562bd7f0c919cadf/files/032d74d5bbddc616f639a6d326ae1a9bb2899d9eaf3504c693e315dee45e9c22 [stream]
[debug] [2026-09-04T15:31:28.765Z] >>> [apiv2][query] POST https://upload-firebasehosting.googleapis.com/upload/sites/my-job-cd13f/versions/562bd7f0c919cadf/files/651b80dcf4b538ec9f165aa891ba6b766e3fd5d73a6bee473d5274a45531d90d [none]
[debug] [2026-09-04T15:31:28.765Z] >>> [apiv2][body] POST https://upload-firebasehosting.googleapis.com/upload/sites/my-job-cd13f/versions/562bd7f0c919cadf/files/651b80dcf4b538ec9f165aa891ba6b766e3fd5d73a6bee473d5274a45531d90d [stream]
[debug] [2026-09-04T15:31:28.765Z] >>> [apiv2][query] POST https://upload-firebasehosting.googleapis.com/upload/sites/my-job-cd13f/versions/562bd7f0c919cadf/files/3a559fd48d87090e5a8eb7df0c39d0b69728990cc61436bd33d76c4ef8a6eceb [none]
[debug] [2026-09-04T15:31:28.766Z] >>> [apiv2][body] POST https://upload-firebasehosting.googleapis.com/upload/sites/my-job-cd13f/versions/562bd7f0c919cadf/files/3a559fd48d87090e5a8eb7df0c39d0b69728990cc61436bd33d76c4ef8a6eceb [stream]
[debug] [2026-09-04T15:31:28.767Z] >>> [apiv2][query] POST https://upload-firebasehosting.googleapis.com/upload/sites/my-job-cd13f/versions/562bd7f0c919cadf/files/a172809eee85edacf275da8fe1e32240831b238682a75ec386fbdd5070a03abe [none]
[debug] [2026-09-04T15:31:28.767Z] >>> [apiv2][body] POST https://upload-firebasehosting.googleapis.com/upload/sites/my-job-cd13f/versions/562bd7f0c919cadf/files/a172809eee85edacf275da8fe1e32240831b238682a75ec386fbdd5070a03abe [stream]
[debug] [2026-09-04T15:31:28.769Z] >>> [apiv2][query] POST https://upload-firebasehosting.googleapis.com/upload/sites/my-job-cd13f/versions/562bd7f0c919cadf/files/98d09bf57cb41a6b27042b33739b1afb5c5f54055a7838d74f84b2f66f65ccc0 [none]
[debug] [2026-09-04T15:31:28.769Z] >>> [apiv2][body] POST https://upload-firebasehosting.googleapis.com/upload/sites/my-job-cd13f/versions/562bd7f0c919cadf/files/98d09bf57cb41a6b27042b33739b1afb5c5f54055a7838d74f84b2f66f65ccc0 [stream]
[debug] [2026-09-04T15:31:28.769Z] >>> [apiv2][query] POST https://upload-firebasehosting.googleapis.com/upload/sites/my-job-cd13f/versions/562bd7f0c919cadf/files/df16d7c7cf7cacaca071195f6ee4fb1c294403d949cfacdc87ba9a464e200c87 [none]
[debug] [2026-09-04T15:31:28.769Z] >>> [apiv2][body] POST https://upload-firebasehosting.googleapis.com/upload/sites/my-job-cd13f/versions/562bd7f0c919cadf/files/df16d7c7cf7cacaca071195f6ee4fb1c294403d949cfacdc87ba9a464e200c87 [stream]
[debug] [2026-09-04T15:31:28.770Z] >>> [apiv2][query] POST https://upload-firebasehosting.googleapis.com/upload/sites/my-job-cd13f/versions/562bd7f0c919cadf/files/adcd47b31cc50f78c0c57528ef15b95dfb862775aaf92af40476b3bff6e9c97f [none]
[debug] [2026-09-04T15:31:28.770Z] >>> [apiv2][body] POST https://upload-firebasehosting.googleapis.com/upload/sites/my-job-cd13f/versions/562bd7f0c919cadf/files/adcd47b31cc50f78c0c57528ef15b95dfb862775aaf92af40476b3bff6e9c97f [stream]
[debug] [2026-09-04T15:31:28.770Z] >>> [apiv2][query] POST https://upload-firebasehosting.googleapis.com/upload/sites/my-job-cd13f/versions/562bd7f0c919cadf/files/dcbe1c9b9159ca21caea98e1bad364012ae284e9551375ca62b83d2811efac91 [none]
[debug] [2026-09-04T15:31:28.770Z] >>> [apiv2][body] POST https://upload-firebasehosting.googleapis.com/upload/sites/my-job-cd13f/versions/562bd7f0c919cadf/files/dcbe1c9b9159ca21caea98e1bad364012ae284e9551375ca62b83d2811efac91 [stream]
[debug] [2026-09-04T15:31:28.771Z] >>> [apiv2][query] POST https://upload-firebasehosting.googleapis.com/upload/sites/my-job-cd13f/versions/562bd7f0c919cadf/files/f3f327070595e2d733e64edb1ed8243c0419d5df91ae942cdccbb6b632334779 [none]
[debug] [2026-09-04T15:31:28.771Z] >>> [apiv2][body] POST https://upload-firebasehosting.googleapis.com/upload/sites/my-job-cd13f/versions/562bd7f0c919cadf/files/f3f327070595e2d733e64edb1ed8243c0419d5df91ae942cdccbb6b632334779 [stream]
[debug] [2026-09-04T15:31:28.771Z] >>> [apiv2][query] POST https://upload-firebasehosting.googleapis.com/upload/sites/my-job-cd13f/versions/562bd7f0c919cadf/files/851d12aa61aed8fbf667642904577fa6116942cd3bfa7bfe6af8d79983e7260c [none]
[debug] [2026-09-04T15:31:28.771Z] >>> [apiv2][body] POST https://upload-firebasehosting.googleapis.com/upload/sites/my-job-cd13f/versions/562bd7f0c919cadf/files/851d12aa61aed8fbf667642904577fa6116942cd3bfa7bfe6af8d79983e7260c [stream]
[debug] [2026-09-04T15:31:28.772Z] >>> [apiv2][query] POST https://upload-firebasehosting.googleapis.com/upload/sites/my-job-cd13f/versions/562bd7f0c919cadf/files/f026b16ad9e0fa47b74c4f161b07ff2ab03834773151a566ca631574d7b662ea [none]
[debug] [2026-09-04T15:31:28.772Z] >>> [apiv2][body] POST https://upload-firebasehosting.googleapis.com/upload/sites/my-job-cd13f/versions/562bd7f0c919cadf/files/f026b16ad9e0fa47b74c4f161b07ff2ab03834773151a566ca631574d7b662ea [stream]
[debug] [2026-09-04T15:31:28.772Z] >>> [apiv2][query] POST https://upload-firebasehosting.googleapis.com/upload/sites/my-job-cd13f/versions/562bd7f0c919cadf/files/0665b9ab4493aa9d7e988b57024e28772ae543e804b8cf6b0a3633854b7c3c7f [none]
[debug] [2026-09-04T15:31:28.772Z] >>> [apiv2][body] POST https://upload-firebasehosting.googleapis.com/upload/sites/my-job-cd13f/versions/562bd7f0c919cadf/files/0665b9ab4493aa9d7e988b57024e28772ae543e804b8cf6b0a3633854b7c3c7f [stream]
[debug] [2026-09-04T15:31:28.772Z] >>> [apiv2][query] POST https://upload-firebasehosting.googleapis.com/upload/sites/my-job-cd13f/versions/562bd7f0c919cadf/files/b97b9c3076e3e421b6758d8b11c4a0ffd936818508c0d53b88851dae757c8eeb [none]
[debug] [2026-09-04T15:31:28.772Z] >>> [apiv2][body] POST https://upload-firebasehosting.googleapis.com/upload/sites/my-job-cd13f/versions/562bd7f0c919cadf/files/b97b9c3076e3e421b6758d8b11c4a0ffd936818508c0d53b88851dae757c8eeb [stream]
[debug] [2026-09-04T15:31:28.773Z] >>> [apiv2][query] POST https://upload-firebasehosting.googleapis.com/upload/sites/my-job-cd13f/versions/562bd7f0c919cadf/files/85778f90430b4ac86232451996bb332d5cc04f60c4577f661c4c0ddbbbc74f1d [none]
[debug] [2026-09-04T15:31:28.773Z] >>> [apiv2][body] POST https://upload-firebasehosting.googleapis.com/upload/sites/my-job-cd13f/versions/562bd7f0c919cadf/files/85778f90430b4ac86232451996bb332d5cc04f60c4577f661c4c0ddbbbc74f1d [stream]
[debug] [2026-09-04T15:31:28.773Z] >>> [apiv2][query] POST https://upload-firebasehosting.googleapis.com/upload/sites/my-job-cd13f/versions/562bd7f0c919cadf/files/76a0261e9c9e4e2cc36f688ed5c297dfb1f056aeb51d2873bc09e244f46f80ac [none]
[debug] [2026-09-04T15:31:28.773Z] >>> [apiv2][body] POST https://upload-firebasehosting.googleapis.com/upload/sites/my-job-cd13f/versions/562bd7f0c919cadf/files/76a0261e9c9e4e2cc36f688ed5c297dfb1f056aeb51d2873bc09e244f46f80ac [stream]
[debug] [2026-09-04T15:31:28.773Z] >>> [apiv2][query] POST https://upload-firebasehosting.googleapis.com/upload/sites/my-job-cd13f/versions/562bd7f0c919cadf/files/adad73eb72a4ef892c8efef528410541c38b99e7e541e8a8d5c94db686e13461 [none]
[debug] [2026-09-04T15:31:28.773Z] >>> [apiv2][body] POST https://upload-firebasehosting.googleapis.com/upload/sites/my-job-cd13f/versions/562bd7f0c919cadf/files/adad73eb72a4ef892c8efef528410541c38b99e7e541e8a8d5c94db686e13461 [stream]
[debug] [2026-09-04T15:31:28.773Z] >>> [apiv2][query] POST https://upload-firebasehosting.googleapis.com/upload/sites/my-job-cd13f/versions/562bd7f0c919cadf/files/7b33e6697a6650843348b5e85146e7b4dfcb7882b3012eb226be7fff9243c279 [none]
[debug] [2026-09-04T15:31:28.773Z] >>> [apiv2][body] POST https://upload-firebasehosting.googleapis.com/upload/sites/my-job-cd13f/versions/562bd7f0c919cadf/files/7b33e6697a6650843348b5e85146e7b4dfcb7882b3012eb226be7fff9243c279 [stream]
[debug] [2026-09-04T15:31:28.773Z] >>> [apiv2][query] POST https://upload-firebasehosting.googleapis.com/upload/sites/my-job-cd13f/versions/562bd7f0c919cadf/files/4cd714514fc3454c1fdc247cf7be84c91aec7662e952cfe8c11cb8766ef8c3f4 [none]
[debug] [2026-09-04T15:31:28.773Z] >>> [apiv2][body] POST https://upload-firebasehosting.googleapis.com/upload/sites/my-job-cd13f/versions/562bd7f0c919cadf/files/4cd714514fc3454c1fdc247cf7be84c91aec7662e952cfe8c11cb8766ef8c3f4 [stream]
[debug] [2026-09-04T15:31:28.773Z] >>> [apiv2][query] POST https://upload-firebasehosting.googleapis.com/upload/sites/my-job-cd13f/versions/562bd7f0c919cadf/files/50511f96fabcfbade9d9ce8e817b97c7733f13bef939c9c69acf7d1344d5e4b6 [none]
[debug] [2026-09-04T15:31:28.773Z] >>> [apiv2][body] POST https://upload-firebasehosting.googleapis.com/upload/sites/my-job-cd13f/versions/562bd7f0c919cadf/files/50511f96fabcfbade9d9ce8e817b97c7733f13bef939c9c69acf7d1344d5e4b6 [stream]
[debug] [2026-09-04T15:31:28.773Z] >>> [apiv2][query] POST https://upload-firebasehosting.googleapis.com/upload/sites/my-job-cd13f/versions/562bd7f0c919cadf/files/4dbb7256d9d00e9a17abbebde8158aed37ed52ea1eb5d89ee1bf46c267c6503c [none]
[debug] [2026-09-04T15:31:28.773Z] >>> [apiv2][body] POST https://upload-firebasehosting.googleapis.com/upload/sites/my-job-cd13f/versions/562bd7f0c919cadf/files/4dbb7256d9d00e9a17abbebde8158aed37ed52ea1eb5d89ee1bf46c267c6503c [stream]
[debug] [2026-09-04T15:31:28.774Z] >>> [apiv2][query] POST https://upload-firebasehosting.googleapis.com/upload/sites/my-job-cd13f/versions/562bd7f0c919cadf/files/09d91ac00617f8dd51be0772b507c086ae164dc0cd595ecb7f71affdc2e7c7bf [none]
[debug] [2026-09-04T15:31:28.774Z] >>> [apiv2][body] POST https://upload-firebasehosting.googleapis.com/upload/sites/my-job-cd13f/versions/562bd7f0c919cadf/files/09d91ac00617f8dd51be0772b507c086ae164dc0cd595ecb7f71affdc2e7c7bf [stream]
[debug] [2026-09-04T15:31:28.774Z] >>> [apiv2][query] POST https://upload-firebasehosting.googleapis.com/upload/sites/my-job-cd13f/versions/562bd7f0c919cadf/files/a96efabd68f1d782817b8b67a255d3f857c09528a701a32f36cbb16b5b7743fa [none]
[debug] [2026-09-04T15:31:28.774Z] >>> [apiv2][body] POST https://upload-firebasehosting.googleapis.com/upload/sites/my-job-cd13f/versions/562bd7f0c919cadf/files/a96efabd68f1d782817b8b67a255d3f857c09528a701a32f36cbb16b5b7743fa [stream]
[debug] [2026-09-04T15:31:28.774Z] >>> [apiv2][query] POST https://upload-firebasehosting.googleapis.com/upload/sites/my-job-cd13f/versions/562bd7f0c919cadf/files/fbc4b0ae2f6fd54ec1611da4612c306a0b574d138013f467a4e90af735cc97a4 [none]
[debug] [2026-09-04T15:31:28.774Z] >>> [apiv2][body] POST https://upload-firebasehosting.googleapis.com/upload/sites/my-job-cd13f/versions/562bd7f0c919cadf/files/fbc4b0ae2f6fd54ec1611da4612c306a0b574d138013f467a4e90af735cc97a4 [stream]
[debug] [2026-09-04T15:31:28.774Z] >>> [apiv2][query] POST https://upload-firebasehosting.googleapis.com/upload/sites/my-job-cd13f/versions/562bd7f0c919cadf/files/31a458617934836e3a906fcee7265436bc154808452edc0e982754e2881b734e [none]
[debug] [2026-09-04T15:31:28.774Z] >>> [apiv2][body] POST https://upload-firebasehosting.googleapis.com/upload/sites/my-job-cd13f/versions/562bd7f0c919cadf/files/31a458617934836e3a906fcee7265436bc154808452edc0e982754e2881b734e [stream]
[debug] [2026-09-04T15:31:28.774Z] >>> [apiv2][query] POST https://upload-firebasehosting.googleapis.com/upload/sites/my-job-cd13f/versions/562bd7f0c919cadf/files/23fdd2d9ab4868d72348c21c823f40b4dfb85bef68bc202dcccba57fa2c13eb9 [none]
[debug] [2026-09-04T15:31:28.774Z] >>> [apiv2][body] POST https://upload-firebasehosting.googleapis.com/upload/sites/my-job-cd13f/versions/562bd7f0c919cadf/files/23fdd2d9ab4868d72348c21c823f40b4dfb85bef68bc202dcccba57fa2c13eb9 [stream]
[debug] [2026-09-04T15:31:28.774Z] >>> [apiv2][query] POST https://upload-firebasehosting.googleapis.com/upload/sites/my-job-cd13f/versions/562bd7f0c919cadf/files/2bda140da1ab448c0ffad2799d1e5248d4b0777412b3d3edd33c976b7279e852 [none]
[debug] [2026-09-04T15:31:28.774Z] >>> [apiv2][body] POST https://upload-firebasehosting.googleapis.com/upload/sites/my-job-cd13f/versions/562bd7f0c919cadf/files/2bda140da1ab448c0ffad2799d1e5248d4b0777412b3d3edd33c976b7279e852 [stream]
[debug] [2026-09-04T15:31:28.774Z] >>> [apiv2][query] POST https://upload-firebasehosting.googleapis.com/upload/sites/my-job-cd13f/versions/562bd7f0c919cadf/files/3a9c0caf338029cd533c3b48e19febb403bfe8f5d81ad37e5b8d878e5fbbaf69 [none]
[debug] [2026-09-04T15:31:28.774Z] >>> [apiv2][body] POST https://upload-firebasehosting.googleapis.com/upload/sites/my-job-cd13f/versions/562bd7f0c919cadf/files/3a9c0caf338029cd533c3b48e19febb403bfe8f5d81ad37e5b8d878e5fbbaf69 [stream]
[debug] [2026-09-04T15:31:28.774Z] >>> [apiv2][query] POST https://upload-firebasehosting.googleapis.com/upload/sites/my-job-cd13f/versions/562bd7f0c919cadf/files/da5b8e216b8eee28084975264aa5d7f97a5d3f120e08eec863ecd115d25dd71f [none]
[debug] [2026-09-04T15:31:28.774Z] >>> [apiv2][body] POST https://upload-firebasehosting.googleapis.com/upload/sites/my-job-cd13f/versions/562bd7f0c919cadf/files/da5b8e216b8eee28084975264aa5d7f97a5d3f120e08eec863ecd115d25dd71f [stream]
[debug] [2026-09-04T15:31:28.774Z] >>> [apiv2][query] POST https://upload-firebasehosting.googleapis.com/upload/sites/my-job-cd13f/versions/562bd7f0c919cadf/files/2582ee9e65d667c199b4cfe98617a83aaa57fadc3cd58f4b9585e2a9e895be7a [none]
[debug] [2026-09-04T15:31:28.774Z] >>> [apiv2][body] POST https://upload-firebasehosting.googleapis.com/upload/sites/my-job-cd13f/versions/562bd7f0c919cadf/files/2582ee9e65d667c199b4cfe98617a83aaa57fadc3cd58f4b9585e2a9e895be7a [stream]
[debug] [2026-09-04T15:31:28.775Z] >>> [apiv2][query] POST https://upload-firebasehosting.googleapis.com/upload/sites/my-job-cd13f/versions/562bd7f0c919cadf/files/e7eec94143bf5ec6509732006d0ccf1839c4f6b6c853e8387dcfce7fa65ef4af [none]
[debug] [2026-09-04T15:31:28.775Z] >>> [apiv2][body] POST https://upload-firebasehosting.googleapis.com/upload/sites/my-job-cd13f/versions/562bd7f0c919cadf/files/e7eec94143bf5ec6509732006d0ccf1839c4f6b6c853e8387dcfce7fa65ef4af [stream]
[debug] [2026-09-04T15:31:28.775Z] >>> [apiv2][query] POST https://upload-firebasehosting.googleapis.com/upload/sites/my-job-cd13f/versions/562bd7f0c919cadf/files/ffb19942e9597ef801de06a380a1474aba5effa4bc6f8d21df3242a348be8474 [none]
[debug] [2026-09-04T15:31:28.775Z] >>> [apiv2][body] POST https://upload-firebasehosting.googleapis.com/upload/sites/my-job-cd13f/versions/562bd7f0c919cadf/files/ffb19942e9597ef801de06a380a1474aba5effa4bc6f8d21df3242a348be8474 [stream]
[debug] [2026-09-04T15:31:28.775Z] >>> [apiv2][query] POST https://upload-firebasehosting.googleapis.com/upload/sites/my-job-cd13f/versions/562bd7f0c919cadf/files/1515de65fe8d5a00df72c1f379ac1d0bbe5be7bc59d16cf69bbf0db63aa98139 [none]
[debug] [2026-09-04T15:31:28.775Z] >>> [apiv2][body] POST https://upload-firebasehosting.googleapis.com/upload/sites/my-job-cd13f/versions/562bd7f0c919cadf/files/1515de65fe8d5a00df72c1f379ac1d0bbe5be7bc59d16cf69bbf0db63aa98139 [stream]
[debug] [2026-09-04T15:31:28.775Z] >>> [apiv2][query] POST https://upload-firebasehosting.googleapis.com/upload/sites/my-job-cd13f/versions/562bd7f0c919cadf/files/4c2c18e39621ee97b50b742b56880d3c20cfc80dfaf18e324467336f9323f2ca [none]
[debug] [2026-09-04T15:31:28.775Z] >>> [apiv2][body] POST https://upload-firebasehosting.googleapis.com/upload/sites/my-job-cd13f/versions/562bd7f0c919cadf/files/4c2c18e39621ee97b50b742b56880d3c20cfc80dfaf18e324467336f9323f2ca [stream]
[debug] [2026-09-04T15:31:28.775Z] >>> [apiv2][query] POST https://upload-firebasehosting.googleapis.com/upload/sites/my-job-cd13f/versions/562bd7f0c919cadf/files/f645c608ca36a361fc465a6fc6ecfa10ed62dac52bbc2d6ed896795de87a1c95 [none]
[debug] [2026-09-04T15:31:28.775Z] >>> [apiv2][body] POST https://upload-firebasehosting.googleapis.com/upload/sites/my-job-cd13f/versions/562bd7f0c919cadf/files/f645c608ca36a361fc465a6fc6ecfa10ed62dac52bbc2d6ed896795de87a1c95 [stream]
[debug] [2026-09-04T15:31:28.775Z] >>> [apiv2][query] POST https://upload-firebasehosting.googleapis.com/upload/sites/my-job-cd13f/versions/562bd7f0c919cadf/files/a34aaa943a9bf49fa0a3b3ed88e0a4b0cc1aadd116cf72c261733220509cd083 [none]
[debug] [2026-09-04T15:31:28.775Z] >>> [apiv2][body] POST https://upload-firebasehosting.googleapis.com/upload/sites/my-job-cd13f/versions/562bd7f0c919cadf/files/a34aaa943a9bf49fa0a3b3ed88e0a4b0cc1aadd116cf72c261733220509cd083 [stream]
[debug] [2026-09-04T15:31:28.775Z] >>> [apiv2][query] POST https://upload-firebasehosting.googleapis.com/upload/sites/my-job-cd13f/versions/562bd7f0c919cadf/files/679d2e4b9b403257a40567bd6842ee4e72ff21419be708b4c899f9b60fbf4cab [none]
[debug] [2026-09-04T15:31:28.775Z] >>> [apiv2][body] POST https://upload-firebasehosting.googleapis.com/upload/sites/my-job-cd13f/versions/562bd7f0c919cadf/files/679d2e4b9b403257a40567bd6842ee4e72ff21419be708b4c899f9b60fbf4cab [stream]
[debug] [2026-09-04T15:31:28.775Z] >>> [apiv2][query] POST https://upload-firebasehosting.googleapis.com/upload/sites/my-job-cd13f/versions/562bd7f0c919cadf/files/93db455499234098ae3aabd3e8e1bd99d3ee3cf48b3c74b8c54ccf47415797d4 [none]
[debug] [2026-09-04T15:31:28.775Z] >>> [apiv2][body] POST https://upload-firebasehosting.googleapis.com/upload/sites/my-job-cd13f/versions/562bd7f0c919cadf/files/93db455499234098ae3aabd3e8e1bd99d3ee3cf48b3c74b8c54ccf47415797d4 [stream]
[debug] [2026-09-04T15:31:28.775Z] >>> [apiv2][query] POST https://upload-firebasehosting.googleapis.com/upload/sites/my-job-cd13f/versions/562bd7f0c919cadf/files/a0d59eaac57df569f2b7cb6f913c6a57f1b42886e26581aff19d9940a0fbe34a [none]
[debug] [2026-09-04T15:31:28.775Z] >>> [apiv2][body] POST https://upload-firebasehosting.googleapis.com/upload/sites/my-job-cd13f/versions/562bd7f0c919cadf/files/a0d59eaac57df569f2b7cb6f913c6a57f1b42886e26581aff19d9940a0fbe34a [stream]
[debug] [2026-09-04T15:31:28.775Z] >>> [apiv2][query] POST https://upload-firebasehosting.googleapis.com/upload/sites/my-job-cd13f/versions/562bd7f0c919cadf/files/f3315ca2c721458fe9125bc208986ce343cde2ca8cf9430764954510551b3172 [none]
[debug] [2026-09-04T15:31:28.775Z] >>> [apiv2][body] POST https://upload-firebasehosting.googleapis.com/upload/sites/my-job-cd13f/versions/562bd7f0c919cadf/files/f3315ca2c721458fe9125bc208986ce343cde2ca8cf9430764954510551b3172 [stream]
[debug] [2026-09-04T15:31:28.776Z] >>> [apiv2][query] POST https://upload-firebasehosting.googleapis.com/upload/sites/my-job-cd13f/versions/562bd7f0c919cadf/files/18e28d3214eda45048d80d3925ea7627b809e69ad2e95f7f98459e9146a61c3d [none]
[debug] [2026-09-04T15:31:28.776Z] >>> [apiv2][body] POST https://upload-firebasehosting.googleapis.com/upload/sites/my-job-cd13f/versions/562bd7f0c919cadf/files/18e28d3214eda45048d80d3925ea7627b809e69ad2e95f7f98459e9146a61c3d [stream]
[debug] [2026-09-04T15:31:28.776Z] >>> [apiv2][query] POST https://upload-firebasehosting.googleapis.com/upload/sites/my-job-cd13f/versions/562bd7f0c919cadf/files/97319705d40d87e1ab09d67246d3360f1b22f4a2a9546ce026bc3039a8d50993 [none]
[debug] [2026-09-04T15:31:28.776Z] >>> [apiv2][body] POST https://upload-firebasehosting.googleapis.com/upload/sites/my-job-cd13f/versions/562bd7f0c919cadf/files/97319705d40d87e1ab09d67246d3360f1b22f4a2a9546ce026bc3039a8d50993 [stream]
[debug] [2026-09-04T15:31:28.776Z] >>> [apiv2][query] POST https://upload-firebasehosting.googleapis.com/upload/sites/my-job-cd13f/versions/562bd7f0c919cadf/files/b4def7aca812c71e5828a16079c002ad79b2dd5acd6b567a80462539589a53af [none]
[debug] [2026-09-04T15:31:28.776Z] >>> [apiv2][body] POST https://upload-firebasehosting.googleapis.com/upload/sites/my-job-cd13f/versions/562bd7f0c919cadf/files/b4def7aca812c71e5828a16079c002ad79b2dd5acd6b567a80462539589a53af [stream]
[debug] [2026-09-04T15:31:28.776Z] >>> [apiv2][query] POST https://upload-firebasehosting.googleapis.com/upload/sites/my-job-cd13f/versions/562bd7f0c919cadf/files/8f3ad72602d38624b25d7cdcf57983fee16a4a528964b6384a308e168c0a5c6f [none]
[debug] [2026-09-04T15:31:28.776Z] >>> [apiv2][body] POST https://upload-firebasehosting.googleapis.com/upload/sites/my-job-cd13f/versions/562bd7f0c919cadf/files/8f3ad72602d38624b25d7cdcf57983fee16a4a528964b6384a308e168c0a5c6f [stream]
[debug] [2026-09-04T15:31:28.776Z] >>> [apiv2][query] POST https://upload-firebasehosting.googleapis.com/upload/sites/my-job-cd13f/versions/562bd7f0c919cadf/files/6bd2003bd35bb32c1c0d99ab3aeac0cc1edaefd79f27df1d954bc87184048d74 [none]
[debug] [2026-09-04T15:31:28.776Z] >>> [apiv2][body] POST https://upload-firebasehosting.googleapis.com/upload/sites/my-job-cd13f/versions/562bd7f0c919cadf/files/6bd2003bd35bb32c1c0d99ab3aeac0cc1edaefd79f27df1d954bc87184048d74 [stream]
[debug] [2026-09-04T15:31:28.776Z] >>> [apiv2][query] POST https://upload-firebasehosting.googleapis.com/upload/sites/my-job-cd13f/versions/562bd7f0c919cadf/files/d1067cd3423d7409407c2c40fd3600a3427f61ea6ffe16687e23518396664c18 [none]
[debug] [2026-09-04T15:31:28.776Z] >>> [apiv2][body] POST https://upload-firebasehosting.googleapis.com/upload/sites/my-job-cd13f/versions/562bd7f0c919cadf/files/d1067cd3423d7409407c2c40fd3600a3427f61ea6ffe16687e23518396664c18 [stream]
[debug] [2026-09-04T15:31:28.776Z] >>> [apiv2][query] POST https://upload-firebasehosting.googleapis.com/upload/sites/my-job-cd13f/versions/562bd7f0c919cadf/files/684fad1d6bb2e6ecde920805b0925aebe1362488873fbf5b04d20c7daf94db11 [none]
[debug] [2026-09-04T15:31:28.776Z] >>> [apiv2][body] POST https://upload-firebasehosting.googleapis.com/upload/sites/my-job-cd13f/versions/562bd7f0c919cadf/files/684fad1d6bb2e6ecde920805b0925aebe1362488873fbf5b04d20c7daf94db11 [stream]
[debug] [2026-09-04T15:31:28.776Z] >>> [apiv2][query] POST https://upload-firebasehosting.googleapis.com/upload/sites/my-job-cd13f/versions/562bd7f0c919cadf/files/9e317fb808ec4714d6144f277f4de983b017fe5f3753369936ad5359f06b02e5 [none]
[debug] [2026-09-04T15:31:28.776Z] >>> [apiv2][body] POST https://upload-firebasehosting.googleapis.com/upload/sites/my-job-cd13f/versions/562bd7f0c919cadf/files/9e317fb808ec4714d6144f277f4de983b017fe5f3753369936ad5359f06b02e5 [stream]
[debug] [2026-09-04T15:31:28.777Z] >>> [apiv2][query] POST https://upload-firebasehosting.googleapis.com/upload/sites/my-job-cd13f/versions/562bd7f0c919cadf/files/28bf11182f4fb42d199349bd056455bae4f45efb4ae25434bf34367d8dab2a99 [none]
[debug] [2026-09-04T15:31:28.777Z] >>> [apiv2][body] POST https://upload-firebasehosting.googleapis.com/upload/sites/my-job-cd13f/versions/562bd7f0c919cadf/files/28bf11182f4fb42d199349bd056455bae4f45efb4ae25434bf34367d8dab2a99 [stream]
[debug] [2026-09-04T15:31:28.777Z] >>> [apiv2][query] POST https://upload-firebasehosting.googleapis.com/upload/sites/my-job-cd13f/versions/562bd7f0c919cadf/files/e7ff2ef317a4208676161d3da1fa081c855717c11ca7ed4a32ed58156236689d [none]
[debug] [2026-09-04T15:31:28.777Z] >>> [apiv2][body] POST https://upload-firebasehosting.googleapis.com/upload/sites/my-job-cd13f/versions/562bd7f0c919cadf/files/e7ff2ef317a4208676161d3da1fa081c855717c11ca7ed4a32ed58156236689d [stream]
[debug] [2026-09-04T15:31:28.777Z] >>> [apiv2][query] POST https://upload-firebasehosting.googleapis.com/upload/sites/my-job-cd13f/versions/562bd7f0c919cadf/files/b50f58b835f5ae01efea01b16da9b6bc83cc92b4fce872d18bfb9c810f0771b2 [none]
[debug] [2026-09-04T15:31:28.777Z] >>> [apiv2][body] POST https://upload-firebasehosting.googleapis.com/upload/sites/my-job-cd13f/versions/562bd7f0c919cadf/files/b50f58b835f5ae01efea01b16da9b6bc83cc92b4fce872d18bfb9c810f0771b2 [stream]
[debug] [2026-09-04T15:31:28.777Z] >>> [apiv2][query] POST https://upload-firebasehosting.googleapis.com/upload/sites/my-job-cd13f/versions/562bd7f0c919cadf/files/356808c0f7e4d44866008ab9fc4da632e3a7b0f6becea7e39793749efb11fae9 [none]
[debug] [2026-09-04T15:31:28.777Z] >>> [apiv2][body] POST https://upload-firebasehosting.googleapis.com/upload/sites/my-job-cd13f/versions/562bd7f0c919cadf/files/356808c0f7e4d44866008ab9fc4da632e3a7b0f6becea7e39793749efb11fae9 [stream]
[debug] [2026-09-04T15:31:28.777Z] >>> [apiv2][query] POST https://upload-firebasehosting.googleapis.com/upload/sites/my-job-cd13f/versions/562bd7f0c919cadf/files/f6c5463d0daeef471c1db848a759be7bb28056a78dea53633bac578ff31356f3 [none]
[debug] [2026-09-04T15:31:28.777Z] >>> [apiv2][body] POST https://upload-firebasehosting.googleapis.com/upload/sites/my-job-cd13f/versions/562bd7f0c919cadf/files/f6c5463d0daeef471c1db848a759be7bb28056a78dea53633bac578ff31356f3 [stream]
[debug] [2026-09-04T15:31:28.777Z] >>> [apiv2][query] POST https://upload-firebasehosting.googleapis.com/upload/sites/my-job-cd13f/versions/562bd7f0c919cadf/files/76cbb486b6ba2d6f4a46f81ea6f957de2f2e6af59242608646ce6a47338b6926 [none]
[debug] [2026-09-04T15:31:28.777Z] >>> [apiv2][body] POST https://upload-firebasehosting.googleapis.com/upload/sites/my-job-cd13f/versions/562bd7f0c919cadf/files/76cbb486b6ba2d6f4a46f81ea6f957de2f2e6af59242608646ce6a47338b6926 [stream]
[debug] [2026-09-04T15:31:28.777Z] >>> [apiv2][query] POST https://upload-firebasehosting.googleapis.com/upload/sites/my-job-cd13f/versions/562bd7f0c919cadf/files/7e8ca08af3a2514e3221cf169f238f848b4edabda830b1fede2e70d04aef1aad [none]
[debug] [2026-09-04T15:31:28.777Z] >>> [apiv2][body] POST https://upload-firebasehosting.googleapis.com/upload/sites/my-job-cd13f/versions/562bd7f0c919cadf/files/7e8ca08af3a2514e3221cf169f238f848b4edabda830b1fede2e70d04aef1aad [stream]
[debug] [2026-09-04T15:31:28.777Z] >>> [apiv2][query] POST https://upload-firebasehosting.googleapis.com/upload/sites/my-job-cd13f/versions/562bd7f0c919cadf/files/bdb29d1b69314cf1dd389b4142ae69600934e443347fb2be076d7c01300df4b1 [none]
[debug] [2026-09-04T15:31:28.777Z] >>> [apiv2][body] POST https://upload-firebasehosting.googleapis.com/upload/sites/my-job-cd13f/versions/562bd7f0c919cadf/files/bdb29d1b69314cf1dd389b4142ae69600934e443347fb2be076d7c01300df4b1 [stream]
[debug] [2026-09-04T15:31:28.777Z] >>> [apiv2][query] POST https://upload-firebasehosting.googleapis.com/upload/sites/my-job-cd13f/versions/562bd7f0c919cadf/files/c62a68fc622ef20b8307abe9a6a355d3a4dcdadd1d04a81d89a941019c9ee0bf [none]
[debug] [2026-09-04T15:31:28.777Z] >>> [apiv2][body] POST https://upload-firebasehosting.googleapis.com/upload/sites/my-job-cd13f/versions/562bd7f0c919cadf/files/c62a68fc622ef20b8307abe9a6a355d3a4dcdadd1d04a81d89a941019c9ee0bf [stream]
[debug] [2026-09-04T15:31:28.778Z] >>> [apiv2][query] POST https://upload-firebasehosting.googleapis.com/upload/sites/my-job-cd13f/versions/562bd7f0c919cadf/files/7d1b4c2db66bccfeeb6e19f11f86f0e6c354ad6c361e28705717a3ffb6c01aac [none]
[debug] [2026-09-04T15:31:28.778Z] >>> [apiv2][body] POST https://upload-firebasehosting.googleapis.com/upload/sites/my-job-cd13f/versions/562bd7f0c919cadf/files/7d1b4c2db66bccfeeb6e19f11f86f0e6c354ad6c361e28705717a3ffb6c01aac [stream]
[debug] [2026-09-04T15:31:28.778Z] >>> [apiv2][query] POST https://upload-firebasehosting.googleapis.com/upload/sites/my-job-cd13f/versions/562bd7f0c919cadf/files/2aa184951787c1a7c6ab8cd5df65d5f7087587a0c14f73ae1e758ac17463781b [none]
[debug] [2026-09-04T15:31:28.778Z] >>> [apiv2][body] POST https://upload-firebasehosting.googleapis.com/upload/sites/my-job-cd13f/versions/562bd7f0c919cadf/files/2aa184951787c1a7c6ab8cd5df65d5f7087587a0c14f73ae1e758ac17463781b [stream]
[debug] [2026-09-04T15:31:28.778Z] >>> [apiv2][query] POST https://upload-firebasehosting.googleapis.com/upload/sites/my-job-cd13f/versions/562bd7f0c919cadf/files/c787cdcb449b7625eeae276287383d206151c8f86230d2ce07b60ef663bf3b90 [none]
[debug] [2026-09-04T15:31:28.778Z] >>> [apiv2][body] POST https://upload-firebasehosting.googleapis.com/upload/sites/my-job-cd13f/versions/562bd7f0c919cadf/files/c787cdcb449b7625eeae276287383d206151c8f86230d2ce07b60ef663bf3b90 [stream]
[debug] [2026-09-04T15:31:28.778Z] >>> [apiv2][query] POST https://upload-firebasehosting.googleapis.com/upload/sites/my-job-cd13f/versions/562bd7f0c919cadf/files/b84fcf5494f362aee9efa97f13ddfc6e05ec5b013060693801bd155a3ac72af5 [none]
[debug] [2026-09-04T15:31:28.778Z] >>> [apiv2][body] POST https://upload-firebasehosting.googleapis.com/upload/sites/my-job-cd13f/versions/562bd7f0c919cadf/files/b84fcf5494f362aee9efa97f13ddfc6e05ec5b013060693801bd155a3ac72af5 [stream]
[debug] [2026-09-04T15:31:28.778Z] >>> [apiv2][query] POST https://upload-firebasehosting.googleapis.com/upload/sites/my-job-cd13f/versions/562bd7f0c919cadf/files/80261c268b0c4cf713d1f2319dd1a06cc86937e1e4a024c7d8b8adef6464ecef [none]
[debug] [2026-09-04T15:31:28.778Z] >>> [apiv2][body] POST https://upload-firebasehosting.googleapis.com/upload/sites/my-job-cd13f/versions/562bd7f0c919cadf/files/80261c268b0c4cf713d1f2319dd1a06cc86937e1e4a024c7d8b8adef6464ecef [stream]
[debug] [2026-09-04T15:31:28.778Z] >>> [apiv2][query] POST https://upload-firebasehosting.googleapis.com/upload/sites/my-job-cd13f/versions/562bd7f0c919cadf/files/1831183d4ecc46762217b1082b8f0be3d1638cec1c973475430f01c45be9c412 [none]
[debug] [2026-09-04T15:31:28.778Z] >>> [apiv2][body] POST https://upload-firebasehosting.googleapis.com/upload/sites/my-job-cd13f/versions/562bd7f0c919cadf/files/1831183d4ecc46762217b1082b8f0be3d1638cec1c973475430f01c45be9c412 [stream]
[debug] [2026-09-04T15:31:28.778Z] >>> [apiv2][query] POST https://upload-firebasehosting.googleapis.com/upload/sites/my-job-cd13f/versions/562bd7f0c919cadf/files/b25ccc3805bc8a023c5ebf1c0b5ec94ddcbcf1b64b19d876f487a200f7ece5cc [none]
[debug] [2026-09-04T15:31:28.778Z] >>> [apiv2][body] POST https://upload-firebasehosting.googleapis.com/upload/sites/my-job-cd13f/versions/562bd7f0c919cadf/files/b25ccc3805bc8a023c5ebf1c0b5ec94ddcbcf1b64b19d876f487a200f7ece5cc [stream]
[debug] [2026-09-04T15:31:28.779Z] >>> [apiv2][query] POST https://upload-firebasehosting.googleapis.com/upload/sites/my-job-cd13f/versions/562bd7f0c919cadf/files/811621174a8a7cd41988907ca1f247e3bc59ce3f19802316d118410bf576ebbb [none]
[debug] [2026-09-04T15:31:28.779Z] >>> [apiv2][body] POST https://upload-firebasehosting.googleapis.com/upload/sites/my-job-cd13f/versions/562bd7f0c919cadf/files/811621174a8a7cd41988907ca1f247e3bc59ce3f19802316d118410bf576ebbb [stream]
[debug] [2026-09-04T15:31:28.779Z] >>> [apiv2][query] POST https://upload-firebasehosting.googleapis.com/upload/sites/my-job-cd13f/versions/562bd7f0c919cadf/files/a1862350cad8975186ec7d95e2c6f6ad548d6bd2219ffaa79420067bbf14ad49 [none]
[debug] [2026-09-04T15:31:28.779Z] >>> [apiv2][body] POST https://upload-firebasehosting.googleapis.com/upload/sites/my-job-cd13f/versions/562bd7f0c919cadf/files/a1862350cad8975186ec7d95e2c6f6ad548d6bd2219ffaa79420067bbf14ad49 [stream]
[debug] [2026-09-04T15:31:28.779Z] >>> [apiv2][query] POST https://upload-firebasehosting.googleapis.com/upload/sites/my-job-cd13f/versions/562bd7f0c919cadf/files/128a7124e25da7d49ef3a116a11f12f297629db1e07933d710f0773c59297ea9 [none]
[debug] [2026-09-04T15:31:28.779Z] >>> [apiv2][body] POST https://upload-firebasehosting.googleapis.com/upload/sites/my-job-cd13f/versions/562bd7f0c919cadf/files/128a7124e25da7d49ef3a116a11f12f297629db1e07933d710f0773c59297ea9 [stream]
[debug] [2026-09-04T15:31:28.779Z] >>> [apiv2][query] POST https://upload-firebasehosting.googleapis.com/upload/sites/my-job-cd13f/versions/562bd7f0c919cadf/files/03421b339031c94c0ccae52a61151ef819a86c92f3253fc112962cd66a237712 [none]
[debug] [2026-09-04T15:31:28.779Z] >>> [apiv2][body] POST https://upload-firebasehosting.googleapis.com/upload/sites/my-job-cd13f/versions/562bd7f0c919cadf/files/03421b339031c94c0ccae52a61151ef819a86c92f3253fc112962cd66a237712 [stream]
[debug] [2026-09-04T15:31:28.779Z] >>> [apiv2][query] POST https://upload-firebasehosting.googleapis.com/upload/sites/my-job-cd13f/versions/562bd7f0c919cadf/files/bf886fbb3963f24b5eebcc6e33a72605a3e77fdc28771ad9f706f86109e26534 [none]
[debug] [2026-09-04T15:31:28.779Z] >>> [apiv2][body] POST https://upload-firebasehosting.googleapis.com/upload/sites/my-job-cd13f/versions/562bd7f0c919cadf/files/bf886fbb3963f24b5eebcc6e33a72605a3e77fdc28771ad9f706f86109e26534 [stream]
[debug] [2026-09-04T15:31:28.779Z] >>> [apiv2][query] POST https://upload-firebasehosting.googleapis.com/upload/sites/my-job-cd13f/versions/562bd7f0c919cadf/files/9b1ea88e23964c64f27c0a12e56aa1dd022be257557899a1edb58c8c263f3368 [none]
[debug] [2026-09-04T15:31:28.779Z] >>> [apiv2][body] POST https://upload-firebasehosting.googleapis.com/upload/sites/my-job-cd13f/versions/562bd7f0c919cadf/files/9b1ea88e23964c64f27c0a12e56aa1dd022be257557899a1edb58c8c263f3368 [stream]
[debug] [2026-09-04T15:31:28.779Z] >>> [apiv2][query] POST https://upload-firebasehosting.googleapis.com/upload/sites/my-job-cd13f/versions/562bd7f0c919cadf/files/51312701c3616c1692e040e36ec7d619d093bae42908b76abe1391da759ab94d [none]
[debug] [2026-09-04T15:31:28.779Z] >>> [apiv2][body] POST https://upload-firebasehosting.googleapis.com/upload/sites/my-job-cd13f/versions/562bd7f0c919cadf/files/51312701c3616c1692e040e36ec7d619d093bae42908b76abe1391da759ab94d [stream]
[debug] [2026-09-04T15:31:28.779Z] >>> [apiv2][query] POST https://upload-firebasehosting.googleapis.com/upload/sites/my-job-cd13f/versions/562bd7f0c919cadf/files/270200004571dcce3788061e3cfaea844e4d58e41f74c17eeef334635f774f29 [none]
[debug] [2026-09-04T15:31:28.780Z] >>> [apiv2][body] POST https://upload-firebasehosting.googleapis.com/upload/sites/my-job-cd13f/versions/562bd7f0c919cadf/files/270200004571dcce3788061e3cfaea844e4d58e41f74c17eeef334635f774f29 [stream]
[debug] [2026-09-04T15:31:28.780Z] >>> [apiv2][query] POST https://upload-firebasehosting.googleapis.com/upload/sites/my-job-cd13f/versions/562bd7f0c919cadf/files/d7666855f717dd02650291a85657f6b6973daf741924e1e980a6e180bae84510 [none]
[debug] [2026-09-04T15:31:28.780Z] >>> [apiv2][body] POST https://upload-firebasehosting.googleapis.com/upload/sites/my-job-cd13f/versions/562bd7f0c919cadf/files/d7666855f717dd02650291a85657f6b6973daf741924e1e980a6e180bae84510 [stream]
[debug] [2026-09-04T15:31:28.780Z] >>> [apiv2][query] POST https://upload-firebasehosting.googleapis.com/upload/sites/my-job-cd13f/versions/562bd7f0c919cadf/files/f7d0a68b78147c3e671fcf06f8f713d659cbd30a3dc37766e618d104940a4a07 [none]
[debug] [2026-09-04T15:31:28.780Z] >>> [apiv2][body] POST https://upload-firebasehosting.googleapis.com/upload/sites/my-job-cd13f/versions/562bd7f0c919cadf/files/f7d0a68b78147c3e671fcf06f8f713d659cbd30a3dc37766e618d104940a4a07 [stream]
[debug] [2026-09-04T15:31:28.780Z] >>> [apiv2][query] POST https://upload-firebasehosting.googleapis.com/upload/sites/my-job-cd13f/versions/562bd7f0c919cadf/files/8b1c583c2b5026d6c4b1b32e720e47ea6b4d8dccb34e655d468095814a328bab [none]
[debug] [2026-09-04T15:31:28.780Z] >>> [apiv2][body] POST https://upload-firebasehosting.googleapis.com/upload/sites/my-job-cd13f/versions/562bd7f0c919cadf/files/8b1c583c2b5026d6c4b1b32e720e47ea6b4d8dccb34e655d468095814a328bab [stream]
[debug] [2026-09-04T15:31:28.781Z] >>> [apiv2][query] POST https://upload-firebasehosting.googleapis.com/upload/sites/my-job-cd13f/versions/562bd7f0c919cadf/files/1529d21e039f31168a74c776fee8f42005bf3b187a4681435138e3e3d694633e [none]
[debug] [2026-09-04T15:31:28.781Z] >>> [apiv2][body] POST https://upload-firebasehosting.googleapis.com/upload/sites/my-job-cd13f/versions/562bd7f0c919cadf/files/1529d21e039f31168a74c776fee8f42005bf3b187a4681435138e3e3d694633e [stream]
[debug] [2026-09-04T15:31:28.781Z] >>> [apiv2][query] POST https://upload-firebasehosting.googleapis.com/upload/sites/my-job-cd13f/versions/562bd7f0c919cadf/files/b0d204b17fadccb2b941a838cf29441f94466de7ab1837ac75fb33215c303325 [none]
[debug] [2026-09-04T15:31:28.781Z] >>> [apiv2][body] POST https://upload-firebasehosting.googleapis.com/upload/sites/my-job-cd13f/versions/562bd7f0c919cadf/files/b0d204b17fadccb2b941a838cf29441f94466de7ab1837ac75fb33215c303325 [stream]
[debug] [2026-09-04T15:31:28.782Z] >>> [apiv2][query] POST https://upload-firebasehosting.googleapis.com/upload/sites/my-job-cd13f/versions/562bd7f0c919cadf/files/5a09df6187e21aa9a7d05094389385876ac93c818e1dcbb77a26a8fe408bf79c [none]
[debug] [2026-09-04T15:31:28.782Z] >>> [apiv2][body] POST https://upload-firebasehosting.googleapis.com/upload/sites/my-job-cd13f/versions/562bd7f0c919cadf/files/5a09df6187e21aa9a7d05094389385876ac93c818e1dcbb77a26a8fe408bf79c [stream]
[debug] [2026-09-04T15:31:28.782Z] >>> [apiv2][query] POST https://upload-firebasehosting.googleapis.com/upload/sites/my-job-cd13f/versions/562bd7f0c919cadf/files/b83034fee773d20a2b3b6f2cce7405231c0c5b91b21d9e6158472cc7cf28540e [none]
[debug] [2026-09-04T15:31:28.782Z] >>> [apiv2][body] POST https://upload-firebasehosting.googleapis.com/upload/sites/my-job-cd13f/versions/562bd7f0c919cadf/files/b83034fee773d20a2b3b6f2cce7405231c0c5b91b21d9e6158472cc7cf28540e [stream]
[debug] [2026-09-04T15:31:28.783Z] >>> [apiv2][query] POST https://upload-firebasehosting.googleapis.com/upload/sites/my-job-cd13f/versions/562bd7f0c919cadf/files/a6101c49ed36c33464b6645b609bfd6dbae07ba00e43f2b02bd732cc0c4d6724 [none]
[debug] [2026-09-04T15:31:28.783Z] >>> [apiv2][body] POST https://upload-firebasehosting.googleapis.com/upload/sites/my-job-cd13f/versions/562bd7f0c919cadf/files/a6101c49ed36c33464b6645b609bfd6dbae07ba00e43f2b02bd732cc0c4d6724 [stream]
[debug] [2026-09-04T15:31:28.784Z] >>> [apiv2][query] POST https://upload-firebasehosting.googleapis.com/upload/sites/my-job-cd13f/versions/562bd7f0c919cadf/files/26964ab6c8d57b75c2267d664997468c04719fab9e5ef20bead7e2f8a3799322 [none]
[debug] [2026-09-04T15:31:28.784Z] >>> [apiv2][body] POST https://upload-firebasehosting.googleapis.com/upload/sites/my-job-cd13f/versions/562bd7f0c919cadf/files/26964ab6c8d57b75c2267d664997468c04719fab9e5ef20bead7e2f8a3799322 [stream]
[debug] [2026-09-04T15:31:28.840Z] [hosting][populate queue][FINAL] {"max":1302,"min":1302,"avg":1302,"active":0,"complete":1,"success":1,"errored":0,"retried":0,"total":1,"elapsed":1394}
[debug] [2026-09-04T15:31:28.840Z] [hosting] uploads queued: 119
[info] i  hosting: uploading new files [0/119] (0%) 
[debug] [2026-09-04T15:31:30.391Z] <<< [apiv2][status] POST https://upload-firebasehosting.googleapis.com/upload/sites/my-job-cd13f/versions/562bd7f0c919cadf/files/4e4038e4cb17b1349cc9c717fca51c0e00782a2093bd8a939efc70e5d78bceb7 200
[debug] [2026-09-04T15:31:30.391Z] <<< [apiv2][body] POST https://upload-firebasehosting.googleapis.com/upload/sites/my-job-cd13f/versions/562bd7f0c919cadf/files/4e4038e4cb17b1349cc9c717fca51c0e00782a2093bd8a939efc70e5d78bceb7 [stream]
[debug] [2026-09-04T15:31:30.459Z] <<< [apiv2][status] POST https://upload-firebasehosting.googleapis.com/upload/sites/my-job-cd13f/versions/562bd7f0c919cadf/files/4cd714514fc3454c1fdc247cf7be84c91aec7662e952cfe8c11cb8766ef8c3f4 200
[debug] [2026-09-04T15:31:30.460Z] <<< [apiv2][body] POST https://upload-firebasehosting.googleapis.com/upload/sites/my-job-cd13f/versions/562bd7f0c919cadf/files/4cd714514fc3454c1fdc247cf7be84c91aec7662e952cfe8c11cb8766ef8c3f4 [stream]
[debug] [2026-09-04T15:31:30.491Z] <<< [apiv2][status] POST https://upload-firebasehosting.googleapis.com/upload/sites/my-job-cd13f/versions/562bd7f0c919cadf/files/6502a3e6120bf2d6e8417e7c40bb57fb8a6954de9c86d3f43076a75b60cd23a2 200
[debug] [2026-09-04T15:31:30.491Z] <<< [apiv2][body] POST https://upload-firebasehosting.googleapis.com/upload/sites/my-job-cd13f/versions/562bd7f0c919cadf/files/6502a3e6120bf2d6e8417e7c40bb57fb8a6954de9c86d3f43076a75b60cd23a2 [stream]
[debug] [2026-09-04T15:31:30.504Z] <<< [apiv2][status] POST https://upload-firebasehosting.googleapis.com/upload/sites/my-job-cd13f/versions/562bd7f0c919cadf/files/652128434fd6909518f5d52115cc473216f3aa4ee872a70f80ec3b385bbd1a0c 200
[debug] [2026-09-04T15:31:30.504Z] <<< [apiv2][body] POST https://upload-firebasehosting.googleapis.com/upload/sites/my-job-cd13f/versions/562bd7f0c919cadf/files/652128434fd6909518f5d52115cc473216f3aa4ee872a70f80ec3b385bbd1a0c [stream]
[debug] [2026-09-04T15:31:30.515Z] <<< [apiv2][status] POST https://upload-firebasehosting.googleapis.com/upload/sites/my-job-cd13f/versions/562bd7f0c919cadf/files/adcd47b31cc50f78c0c57528ef15b95dfb862775aaf92af40476b3bff6e9c97f 200
[debug] [2026-09-04T15:31:30.515Z] <<< [apiv2][body] POST https://upload-firebasehosting.googleapis.com/upload/sites/my-job-cd13f/versions/562bd7f0c919cadf/files/adcd47b31cc50f78c0c57528ef15b95dfb862775aaf92af40476b3bff6e9c97f [stream]
[debug] [2026-09-04T15:31:30.524Z] <<< [apiv2][status] POST https://upload-firebasehosting.googleapis.com/upload/sites/my-job-cd13f/versions/562bd7f0c919cadf/files/dc28a4dc92fe352ed5d2201bd3972ce47691bc8e89e0400a68d1541d0567c6d5 200
[debug] [2026-09-04T15:31:30.524Z] <<< [apiv2][body] POST https://upload-firebasehosting.googleapis.com/upload/sites/my-job-cd13f/versions/562bd7f0c919cadf/files/dc28a4dc92fe352ed5d2201bd3972ce47691bc8e89e0400a68d1541d0567c6d5 [stream]
[debug] [2026-09-04T15:31:30.569Z] <<< [apiv2][status] POST https://upload-firebasehosting.googleapis.com/upload/sites/my-job-cd13f/versions/562bd7f0c919cadf/files/ecc05341e98e1e3459d52a34d21f22da0c265680028d7820421a76b60688772e 200
[debug] [2026-09-04T15:31:30.570Z] <<< [apiv2][body] POST https://upload-firebasehosting.googleapis.com/upload/sites/my-job-cd13f/versions/562bd7f0c919cadf/files/ecc05341e98e1e3459d52a34d21f22da0c265680028d7820421a76b60688772e [stream]
[debug] [2026-09-04T15:31:30.625Z] <<< [apiv2][status] POST https://upload-firebasehosting.googleapis.com/upload/sites/my-job-cd13f/versions/562bd7f0c919cadf/files/d1067cd3423d7409407c2c40fd3600a3427f61ea6ffe16687e23518396664c18 200
[debug] [2026-09-04T15:31:30.625Z] <<< [apiv2][body] POST https://upload-firebasehosting.googleapis.com/upload/sites/my-job-cd13f/versions/562bd7f0c919cadf/files/d1067cd3423d7409407c2c40fd3600a3427f61ea6ffe16687e23518396664c18 [stream]
[debug] [2026-09-04T15:31:30.626Z] <<< [apiv2][status] POST https://upload-firebasehosting.googleapis.com/upload/sites/my-job-cd13f/versions/562bd7f0c919cadf/files/0665b9ab4493aa9d7e988b57024e28772ae543e804b8cf6b0a3633854b7c3c7f 200
[debug] [2026-09-04T15:31:30.626Z] <<< [apiv2][body] POST https://upload-firebasehosting.googleapis.com/upload/sites/my-job-cd13f/versions/562bd7f0c919cadf/files/0665b9ab4493aa9d7e988b57024e28772ae543e804b8cf6b0a3633854b7c3c7f [stream]
[debug] [2026-09-04T15:31:30.645Z] <<< [apiv2][status] POST https://upload-firebasehosting.googleapis.com/upload/sites/my-job-cd13f/versions/562bd7f0c919cadf/files/17e78e12743a2b7e03c7884282eb91f02614295c7be958eccadf5bae76736f95 200
[debug] [2026-09-04T15:31:30.645Z] <<< [apiv2][body] POST https://upload-firebasehosting.googleapis.com/upload/sites/my-job-cd13f/versions/562bd7f0c919cadf/files/17e78e12743a2b7e03c7884282eb91f02614295c7be958eccadf5bae76736f95 [stream]
[debug] [2026-09-04T15:31:30.654Z] <<< [apiv2][status] POST https://upload-firebasehosting.googleapis.com/upload/sites/my-job-cd13f/versions/562bd7f0c919cadf/files/bf886fbb3963f24b5eebcc6e33a72605a3e77fdc28771ad9f706f86109e26534 200
[debug] [2026-09-04T15:31:30.655Z] <<< [apiv2][body] POST https://upload-firebasehosting.googleapis.com/upload/sites/my-job-cd13f/versions/562bd7f0c919cadf/files/bf886fbb3963f24b5eebcc6e33a72605a3e77fdc28771ad9f706f86109e26534 [stream]
[debug] [2026-09-04T15:31:30.661Z] <<< [apiv2][status] POST https://upload-firebasehosting.googleapis.com/upload/sites/my-job-cd13f/versions/562bd7f0c919cadf/files/fbc4b0ae2f6fd54ec1611da4612c306a0b574d138013f467a4e90af735cc97a4 200
[debug] [2026-09-04T15:31:30.661Z] <<< [apiv2][body] POST https://upload-firebasehosting.googleapis.com/upload/sites/my-job-cd13f/versions/562bd7f0c919cadf/files/fbc4b0ae2f6fd54ec1611da4612c306a0b574d138013f467a4e90af735cc97a4 [stream]
[debug] [2026-09-04T15:31:30.666Z] <<< [apiv2][status] POST https://upload-firebasehosting.googleapis.com/upload/sites/my-job-cd13f/versions/562bd7f0c919cadf/files/dcbe1c9b9159ca21caea98e1bad364012ae284e9551375ca62b83d2811efac91 200
[debug] [2026-09-04T15:31:30.666Z] <<< [apiv2][body] POST https://upload-firebasehosting.googleapis.com/upload/sites/my-job-cd13f/versions/562bd7f0c919cadf/files/dcbe1c9b9159ca21caea98e1bad364012ae284e9551375ca62b83d2811efac91 [stream]
[debug] [2026-09-04T15:31:30.667Z] <<< [apiv2][status] POST https://upload-firebasehosting.googleapis.com/upload/sites/my-job-cd13f/versions/562bd7f0c919cadf/files/524b4b6a0609e12490f76b0465bbc8a8acb70937a4d8487634fe82f0fc9e6313 200
[debug] [2026-09-04T15:31:30.667Z] <<< [apiv2][body] POST https://upload-firebasehosting.googleapis.com/upload/sites/my-job-cd13f/versions/562bd7f0c919cadf/files/524b4b6a0609e12490f76b0465bbc8a8acb70937a4d8487634fe82f0fc9e6313 [stream]
[debug] [2026-09-04T15:31:30.673Z] <<< [apiv2][status] POST https://upload-firebasehosting.googleapis.com/upload/sites/my-job-cd13f/versions/562bd7f0c919cadf/files/2bda140da1ab448c0ffad2799d1e5248d4b0777412b3d3edd33c976b7279e852 200
[debug] [2026-09-04T15:31:30.673Z] <<< [apiv2][body] POST https://upload-firebasehosting.googleapis.com/upload/sites/my-job-cd13f/versions/562bd7f0c919cadf/files/2bda140da1ab448c0ffad2799d1e5248d4b0777412b3d3edd33c976b7279e852 [stream]
[debug] [2026-09-04T15:31:30.680Z] <<< [apiv2][status] POST https://upload-firebasehosting.googleapis.com/upload/sites/my-job-cd13f/versions/562bd7f0c919cadf/files/a6846eaa75b7d105faa65a81cac8cd2e25ce568a0eca5bc190f8f6dfcc6dffa9 200
[debug] [2026-09-04T15:31:30.680Z] <<< [apiv2][body] POST https://upload-firebasehosting.googleapis.com/upload/sites/my-job-cd13f/versions/562bd7f0c919cadf/files/a6846eaa75b7d105faa65a81cac8cd2e25ce568a0eca5bc190f8f6dfcc6dffa9 [stream]
[debug] [2026-09-04T15:31:30.681Z] <<< [apiv2][status] POST https://upload-firebasehosting.googleapis.com/upload/sites/my-job-cd13f/versions/562bd7f0c919cadf/files/dae5b3bc4dee07f7575c24076f9b19798a28add18e9a7af6c3b3dfb5334e797e 200
[debug] [2026-09-04T15:31:30.681Z] <<< [apiv2][body] POST https://upload-firebasehosting.googleapis.com/upload/sites/my-job-cd13f/versions/562bd7f0c919cadf/files/dae5b3bc4dee07f7575c24076f9b19798a28add18e9a7af6c3b3dfb5334e797e [stream]
[debug] [2026-09-04T15:31:30.684Z] <<< [apiv2][status] POST https://upload-firebasehosting.googleapis.com/upload/sites/my-job-cd13f/versions/562bd7f0c919cadf/files/ffb19942e9597ef801de06a380a1474aba5effa4bc6f8d21df3242a348be8474 200
[debug] [2026-09-04T15:31:30.684Z] <<< [apiv2][body] POST https://upload-firebasehosting.googleapis.com/upload/sites/my-job-cd13f/versions/562bd7f0c919cadf/files/ffb19942e9597ef801de06a380a1474aba5effa4bc6f8d21df3242a348be8474 [stream]
[debug] [2026-09-04T15:31:30.690Z] <<< [apiv2][status] POST https://upload-firebasehosting.googleapis.com/upload/sites/my-job-cd13f/versions/562bd7f0c919cadf/files/a96efabd68f1d782817b8b67a255d3f857c09528a701a32f36cbb16b5b7743fa 200
[debug] [2026-09-04T15:31:30.691Z] <<< [apiv2][body] POST https://upload-firebasehosting.googleapis.com/upload/sites/my-job-cd13f/versions/562bd7f0c919cadf/files/a96efabd68f1d782817b8b67a255d3f857c09528a701a32f36cbb16b5b7743fa [stream]
[debug] [2026-09-04T15:31:30.697Z] <<< [apiv2][status] POST https://upload-firebasehosting.googleapis.com/upload/sites/my-job-cd13f/versions/562bd7f0c919cadf/files/adad73eb72a4ef892c8efef528410541c38b99e7e541e8a8d5c94db686e13461 200
[debug] [2026-09-04T15:31:30.697Z] <<< [apiv2][body] POST https://upload-firebasehosting.googleapis.com/upload/sites/my-job-cd13f/versions/562bd7f0c919cadf/files/adad73eb72a4ef892c8efef528410541c38b99e7e541e8a8d5c94db686e13461 [stream]
[debug] [2026-09-04T15:31:30.702Z] <<< [apiv2][status] POST https://upload-firebasehosting.googleapis.com/upload/sites/my-job-cd13f/versions/562bd7f0c919cadf/files/f3f327070595e2d733e64edb1ed8243c0419d5df91ae942cdccbb6b632334779 200
[debug] [2026-09-04T15:31:30.703Z] <<< [apiv2][body] POST https://upload-firebasehosting.googleapis.com/upload/sites/my-job-cd13f/versions/562bd7f0c919cadf/files/f3f327070595e2d733e64edb1ed8243c0419d5df91ae942cdccbb6b632334779 [stream]
[debug] [2026-09-04T15:31:30.704Z] <<< [apiv2][status] POST https://upload-firebasehosting.googleapis.com/upload/sites/my-job-cd13f/versions/562bd7f0c919cadf/files/5af2d5132aacc011c0c95bf14e1f2fa1c1de92a4c13c7b0b1c98b89030e32d45 200
[debug] [2026-09-04T15:31:30.704Z] <<< [apiv2][body] POST https://upload-firebasehosting.googleapis.com/upload/sites/my-job-cd13f/versions/562bd7f0c919cadf/files/5af2d5132aacc011c0c95bf14e1f2fa1c1de92a4c13c7b0b1c98b89030e32d45 [stream]
[debug] [2026-09-04T15:31:30.715Z] <<< [apiv2][status] POST https://upload-firebasehosting.googleapis.com/upload/sites/my-job-cd13f/versions/562bd7f0c919cadf/files/ea578227833360be14c93f3d1deefa6c7b0121157da02c1196802ea37710ef38 200
[debug] [2026-09-04T15:31:30.715Z] <<< [apiv2][body] POST https://upload-firebasehosting.googleapis.com/upload/sites/my-job-cd13f/versions/562bd7f0c919cadf/files/ea578227833360be14c93f3d1deefa6c7b0121157da02c1196802ea37710ef38 [stream]
[debug] [2026-09-04T15:31:30.726Z] <<< [apiv2][status] POST https://upload-firebasehosting.googleapis.com/upload/sites/my-job-cd13f/versions/562bd7f0c919cadf/files/851d12aa61aed8fbf667642904577fa6116942cd3bfa7bfe6af8d79983e7260c 200
[debug] [2026-09-04T15:31:30.726Z] <<< [apiv2][body] POST https://upload-firebasehosting.googleapis.com/upload/sites/my-job-cd13f/versions/562bd7f0c919cadf/files/851d12aa61aed8fbf667642904577fa6116942cd3bfa7bfe6af8d79983e7260c [stream]
[debug] [2026-09-04T15:31:30.748Z] <<< [apiv2][status] POST https://upload-firebasehosting.googleapis.com/upload/sites/my-job-cd13f/versions/562bd7f0c919cadf/files/a172809eee85edacf275da8fe1e32240831b238682a75ec386fbdd5070a03abe 200
[debug] [2026-09-04T15:31:30.748Z] <<< [apiv2][body] POST https://upload-firebasehosting.googleapis.com/upload/sites/my-job-cd13f/versions/562bd7f0c919cadf/files/a172809eee85edacf275da8fe1e32240831b238682a75ec386fbdd5070a03abe [stream]
[debug] [2026-09-04T15:31:30.752Z] <<< [apiv2][status] POST https://upload-firebasehosting.googleapis.com/upload/sites/my-job-cd13f/versions/562bd7f0c919cadf/files/97ff87010f1864e17b2c1eddb3fbc7ea7a82aed574e869e4df25fed977e06a11 200
[debug] [2026-09-04T15:31:30.753Z] <<< [apiv2][body] POST https://upload-firebasehosting.googleapis.com/upload/sites/my-job-cd13f/versions/562bd7f0c919cadf/files/97ff87010f1864e17b2c1eddb3fbc7ea7a82aed574e869e4df25fed977e06a11 [stream]
[debug] [2026-09-04T15:31:30.758Z] <<< [apiv2][status] POST https://upload-firebasehosting.googleapis.com/upload/sites/my-job-cd13f/versions/562bd7f0c919cadf/files/eb54d6dd8754f453d22c7e585b946d5e8bad7cab8c85d84f57d8fed1863725ae 200
[debug] [2026-09-04T15:31:30.758Z] <<< [apiv2][body] POST https://upload-firebasehosting.googleapis.com/upload/sites/my-job-cd13f/versions/562bd7f0c919cadf/files/eb54d6dd8754f453d22c7e585b946d5e8bad7cab8c85d84f57d8fed1863725ae [stream]
[debug] [2026-09-04T15:31:30.759Z] <<< [apiv2][status] POST https://upload-firebasehosting.googleapis.com/upload/sites/my-job-cd13f/versions/562bd7f0c919cadf/files/50511f96fabcfbade9d9ce8e817b97c7733f13bef939c9c69acf7d1344d5e4b6 200
[debug] [2026-09-04T15:31:30.759Z] <<< [apiv2][body] POST https://upload-firebasehosting.googleapis.com/upload/sites/my-job-cd13f/versions/562bd7f0c919cadf/files/50511f96fabcfbade9d9ce8e817b97c7733f13bef939c9c69acf7d1344d5e4b6 [stream]
[debug] [2026-09-04T15:31:30.765Z] <<< [apiv2][status] POST https://upload-firebasehosting.googleapis.com/upload/sites/my-job-cd13f/versions/562bd7f0c919cadf/files/e7eec94143bf5ec6509732006d0ccf1839c4f6b6c853e8387dcfce7fa65ef4af 200
[debug] [2026-09-04T15:31:30.765Z] <<< [apiv2][body] POST https://upload-firebasehosting.googleapis.com/upload/sites/my-job-cd13f/versions/562bd7f0c919cadf/files/e7eec94143bf5ec6509732006d0ccf1839c4f6b6c853e8387dcfce7fa65ef4af [stream]
[debug] [2026-09-04T15:31:30.777Z] <<< [apiv2][status] POST https://upload-firebasehosting.googleapis.com/upload/sites/my-job-cd13f/versions/562bd7f0c919cadf/files/758b86072c174ec3f056b2df8367f5529674da55bf886cc6c6b9ab3e9c3790b3 200
[debug] [2026-09-04T15:31:30.777Z] <<< [apiv2][body] POST https://upload-firebasehosting.googleapis.com/upload/sites/my-job-cd13f/versions/562bd7f0c919cadf/files/758b86072c174ec3f056b2df8367f5529674da55bf886cc6c6b9ab3e9c3790b3 [stream]
[debug] [2026-09-04T15:31:30.789Z] <<< [apiv2][status] POST https://upload-firebasehosting.googleapis.com/upload/sites/my-job-cd13f/versions/562bd7f0c919cadf/files/f6c5463d0daeef471c1db848a759be7bb28056a78dea53633bac578ff31356f3 200
[debug] [2026-09-04T15:31:30.789Z] <<< [apiv2][body] POST https://upload-firebasehosting.googleapis.com/upload/sites/my-job-cd13f/versions/562bd7f0c919cadf/files/f6c5463d0daeef471c1db848a759be7bb28056a78dea53633bac578ff31356f3 [stream]
[debug] [2026-09-04T15:31:30.789Z] <<< [apiv2][status] POST https://upload-firebasehosting.googleapis.com/upload/sites/my-job-cd13f/versions/562bd7f0c919cadf/files/a0d59eaac57df569f2b7cb6f913c6a57f1b42886e26581aff19d9940a0fbe34a 200
[debug] [2026-09-04T15:31:30.789Z] <<< [apiv2][body] POST https://upload-firebasehosting.googleapis.com/upload/sites/my-job-cd13f/versions/562bd7f0c919cadf/files/a0d59eaac57df569f2b7cb6f913c6a57f1b42886e26581aff19d9940a0fbe34a [stream]
[debug] [2026-09-04T15:31:30.790Z] <<< [apiv2][status] POST https://upload-firebasehosting.googleapis.com/upload/sites/my-job-cd13f/versions/562bd7f0c919cadf/files/d7666855f717dd02650291a85657f6b6973daf741924e1e980a6e180bae84510 200
[debug] [2026-09-04T15:31:30.790Z] <<< [apiv2][body] POST https://upload-firebasehosting.googleapis.com/upload/sites/my-job-cd13f/versions/562bd7f0c919cadf/files/d7666855f717dd02650291a85657f6b6973daf741924e1e980a6e180bae84510 [stream]
[debug] [2026-09-04T15:31:30.791Z] <<< [apiv2][status] POST https://upload-firebasehosting.googleapis.com/upload/sites/my-job-cd13f/versions/562bd7f0c919cadf/files/10f17bf7080af418151e9b89f7e284d491162023a0bc27611e639cb2c87a3e49 200
[debug] [2026-09-04T15:31:30.791Z] <<< [apiv2][body] POST https://upload-firebasehosting.googleapis.com/upload/sites/my-job-cd13f/versions/562bd7f0c919cadf/files/10f17bf7080af418151e9b89f7e284d491162023a0bc27611e639cb2c87a3e49 [stream]
[debug] [2026-09-04T15:31:30.794Z] <<< [apiv2][status] POST https://upload-firebasehosting.googleapis.com/upload/sites/my-job-cd13f/versions/562bd7f0c919cadf/files/09d91ac00617f8dd51be0772b507c086ae164dc0cd595ecb7f71affdc2e7c7bf 200
[debug] [2026-09-04T15:31:30.795Z] <<< [apiv2][body] POST https://upload-firebasehosting.googleapis.com/upload/sites/my-job-cd13f/versions/562bd7f0c919cadf/files/09d91ac00617f8dd51be0772b507c086ae164dc0cd595ecb7f71affdc2e7c7bf [stream]
[debug] [2026-09-04T15:31:30.806Z] <<< [apiv2][status] POST https://upload-firebasehosting.googleapis.com/upload/sites/my-job-cd13f/versions/562bd7f0c919cadf/files/becb752d99d703da848de211408682b5b1c421f519e8013f318518759eae9a1d 200
[debug] [2026-09-04T15:31:30.806Z] <<< [apiv2][body] POST https://upload-firebasehosting.googleapis.com/upload/sites/my-job-cd13f/versions/562bd7f0c919cadf/files/becb752d99d703da848de211408682b5b1c421f519e8013f318518759eae9a1d [stream]
[debug] [2026-09-04T15:31:30.806Z] <<< [apiv2][status] POST https://upload-firebasehosting.googleapis.com/upload/sites/my-job-cd13f/versions/562bd7f0c919cadf/files/dde2e8b841b271dbaafacd45ab3a849a27cef603a17382ee3829028f2712ab41 200
[debug] [2026-09-04T15:31:30.807Z] <<< [apiv2][body] POST https://upload-firebasehosting.googleapis.com/upload/sites/my-job-cd13f/versions/562bd7f0c919cadf/files/dde2e8b841b271dbaafacd45ab3a849a27cef603a17382ee3829028f2712ab41 [stream]
[debug] [2026-09-04T15:31:30.815Z] <<< [apiv2][status] POST https://upload-firebasehosting.googleapis.com/upload/sites/my-job-cd13f/versions/562bd7f0c919cadf/files/a6101c49ed36c33464b6645b609bfd6dbae07ba00e43f2b02bd732cc0c4d6724 200
[debug] [2026-09-04T15:31:30.815Z] <<< [apiv2][body] POST https://upload-firebasehosting.googleapis.com/upload/sites/my-job-cd13f/versions/562bd7f0c919cadf/files/a6101c49ed36c33464b6645b609bfd6dbae07ba00e43f2b02bd732cc0c4d6724 [stream]
[debug] [2026-09-04T15:31:30.833Z] <<< [apiv2][status] POST https://upload-firebasehosting.googleapis.com/upload/sites/my-job-cd13f/versions/562bd7f0c919cadf/files/df16d7c7cf7cacaca071195f6ee4fb1c294403d949cfacdc87ba9a464e200c87 200
[debug] [2026-09-04T15:31:30.834Z] <<< [apiv2][body] POST https://upload-firebasehosting.googleapis.com/upload/sites/my-job-cd13f/versions/562bd7f0c919cadf/files/df16d7c7cf7cacaca071195f6ee4fb1c294403d949cfacdc87ba9a464e200c87 [stream]
[debug] [2026-09-04T15:31:30.840Z] <<< [apiv2][status] POST https://upload-firebasehosting.googleapis.com/upload/sites/my-job-cd13f/versions/562bd7f0c919cadf/files/b83034fee773d20a2b3b6f2cce7405231c0c5b91b21d9e6158472cc7cf28540e 200
[debug] [2026-09-04T15:31:30.840Z] <<< [apiv2][body] POST https://upload-firebasehosting.googleapis.com/upload/sites/my-job-cd13f/versions/562bd7f0c919cadf/files/b83034fee773d20a2b3b6f2cce7405231c0c5b91b21d9e6158472cc7cf28540e [stream]
[debug] [2026-09-04T15:31:30.841Z] <<< [apiv2][status] POST https://upload-firebasehosting.googleapis.com/upload/sites/my-job-cd13f/versions/562bd7f0c919cadf/files/da5b8e216b8eee28084975264aa5d7f97a5d3f120e08eec863ecd115d25dd71f 200
[debug] [2026-09-04T15:31:30.841Z] <<< [apiv2][body] POST https://upload-firebasehosting.googleapis.com/upload/sites/my-job-cd13f/versions/562bd7f0c919cadf/files/da5b8e216b8eee28084975264aa5d7f97a5d3f120e08eec863ecd115d25dd71f [stream]
[debug] [2026-09-04T15:31:30.842Z] <<< [apiv2][status] POST https://upload-firebasehosting.googleapis.com/upload/sites/my-job-cd13f/versions/562bd7f0c919cadf/files/3a9c0caf338029cd533c3b48e19febb403bfe8f5d81ad37e5b8d878e5fbbaf69 200
[debug] [2026-09-04T15:31:30.842Z] <<< [apiv2][body] POST https://upload-firebasehosting.googleapis.com/upload/sites/my-job-cd13f/versions/562bd7f0c919cadf/files/3a9c0caf338029cd533c3b48e19febb403bfe8f5d81ad37e5b8d878e5fbbaf69 [stream]
[debug] [2026-09-04T15:31:30.842Z] <<< [apiv2][status] POST https://upload-firebasehosting.googleapis.com/upload/sites/my-job-cd13f/versions/562bd7f0c919cadf/files/18e28d3214eda45048d80d3925ea7627b809e69ad2e95f7f98459e9146a61c3d 200
[debug] [2026-09-04T15:31:30.842Z] <<< [apiv2][body] POST https://upload-firebasehosting.googleapis.com/upload/sites/my-job-cd13f/versions/562bd7f0c919cadf/files/18e28d3214eda45048d80d3925ea7627b809e69ad2e95f7f98459e9146a61c3d [stream]
[debug] [2026-09-04T15:31:30.846Z] <<< [apiv2][status] POST https://upload-firebasehosting.googleapis.com/upload/sites/my-job-cd13f/versions/562bd7f0c919cadf/files/03421b339031c94c0ccae52a61151ef819a86c92f3253fc112962cd66a237712 200
[debug] [2026-09-04T15:31:30.847Z] <<< [apiv2][body] POST https://upload-firebasehosting.googleapis.com/upload/sites/my-job-cd13f/versions/562bd7f0c919cadf/files/03421b339031c94c0ccae52a61151ef819a86c92f3253fc112962cd66a237712 [stream]
[debug] [2026-09-04T15:31:30.858Z] <<< [apiv2][status] POST https://upload-firebasehosting.googleapis.com/upload/sites/my-job-cd13f/versions/562bd7f0c919cadf/files/16a62ccb632c751c8de291567b5844b4afbb8f1600809077a96613e347e73b02 200
[debug] [2026-09-04T15:31:30.858Z] <<< [apiv2][body] POST https://upload-firebasehosting.googleapis.com/upload/sites/my-job-cd13f/versions/562bd7f0c919cadf/files/16a62ccb632c751c8de291567b5844b4afbb8f1600809077a96613e347e73b02 [stream]
[debug] [2026-09-04T15:31:30.862Z] <<< [apiv2][status] POST https://upload-firebasehosting.googleapis.com/upload/sites/my-job-cd13f/versions/562bd7f0c919cadf/files/032d74d5bbddc616f639a6d326ae1a9bb2899d9eaf3504c693e315dee45e9c22 200
[debug] [2026-09-04T15:31:30.862Z] <<< [apiv2][body] POST https://upload-firebasehosting.googleapis.com/upload/sites/my-job-cd13f/versions/562bd7f0c919cadf/files/032d74d5bbddc616f639a6d326ae1a9bb2899d9eaf3504c693e315dee45e9c22 [stream]
[debug] [2026-09-04T15:31:30.863Z] <<< [apiv2][status] POST https://upload-firebasehosting.googleapis.com/upload/sites/my-job-cd13f/versions/562bd7f0c919cadf/files/9db501bf314e8bcbd31ac7f79495753a2a2da4243c362edc5f07928f3c9146a0 200
[debug] [2026-09-04T15:31:30.863Z] <<< [apiv2][body] POST https://upload-firebasehosting.googleapis.com/upload/sites/my-job-cd13f/versions/562bd7f0c919cadf/files/9db501bf314e8bcbd31ac7f79495753a2a2da4243c362edc5f07928f3c9146a0 [stream]
[debug] [2026-09-04T15:31:30.863Z] <<< [apiv2][status] POST https://upload-firebasehosting.googleapis.com/upload/sites/my-job-cd13f/versions/562bd7f0c919cadf/files/829e6e36fbea5a5046c72b4d9341f7392e71adad73e96e80bfc668fd9e4c1724 200
[debug] [2026-09-04T15:31:30.864Z] <<< [apiv2][body] POST https://upload-firebasehosting.googleapis.com/upload/sites/my-job-cd13f/versions/562bd7f0c919cadf/files/829e6e36fbea5a5046c72b4d9341f7392e71adad73e96e80bfc668fd9e4c1724 [stream]
[debug] [2026-09-04T15:31:30.868Z] <<< [apiv2][status] POST https://upload-firebasehosting.googleapis.com/upload/sites/my-job-cd13f/versions/562bd7f0c919cadf/files/76a0261e9c9e4e2cc36f688ed5c297dfb1f056aeb51d2873bc09e244f46f80ac 200
[debug] [2026-09-04T15:31:30.868Z] <<< [apiv2][body] POST https://upload-firebasehosting.googleapis.com/upload/sites/my-job-cd13f/versions/562bd7f0c919cadf/files/76a0261e9c9e4e2cc36f688ed5c297dfb1f056aeb51d2873bc09e244f46f80ac [stream]
[debug] [2026-09-04T15:31:30.869Z] <<< [apiv2][status] POST https://upload-firebasehosting.googleapis.com/upload/sites/my-job-cd13f/versions/562bd7f0c919cadf/files/5e57f6166b702492ab9551af57e4546546c184673a4c0432f73b96f62820f7eb 200
[debug] [2026-09-04T15:31:30.869Z] <<< [apiv2][body] POST https://upload-firebasehosting.googleapis.com/upload/sites/my-job-cd13f/versions/562bd7f0c919cadf/files/5e57f6166b702492ab9551af57e4546546c184673a4c0432f73b96f62820f7eb [stream]
[debug] [2026-09-04T15:31:30.874Z] <<< [apiv2][status] POST https://upload-firebasehosting.googleapis.com/upload/sites/my-job-cd13f/versions/562bd7f0c919cadf/files/3299622ec7c7dec2545a9a530ed4898bce2e75dd8669c31b984228f798acab2f 200
[debug] [2026-09-04T15:31:30.874Z] <<< [apiv2][body] POST https://upload-firebasehosting.googleapis.com/upload/sites/my-job-cd13f/versions/562bd7f0c919cadf/files/3299622ec7c7dec2545a9a530ed4898bce2e75dd8669c31b984228f798acab2f [stream]
[debug] [2026-09-04T15:31:30.875Z] <<< [apiv2][status] POST https://upload-firebasehosting.googleapis.com/upload/sites/my-job-cd13f/versions/562bd7f0c919cadf/files/186a125ea752e9a61135c52750453c5a1745dde35dab0818e97068eba4c49d85 200
[debug] [2026-09-04T15:31:30.875Z] <<< [apiv2][body] POST https://upload-firebasehosting.googleapis.com/upload/sites/my-job-cd13f/versions/562bd7f0c919cadf/files/186a125ea752e9a61135c52750453c5a1745dde35dab0818e97068eba4c49d85 [stream]
[debug] [2026-09-04T15:31:30.887Z] <<< [apiv2][status] POST https://upload-firebasehosting.googleapis.com/upload/sites/my-job-cd13f/versions/562bd7f0c919cadf/files/80261c268b0c4cf713d1f2319dd1a06cc86937e1e4a024c7d8b8adef6464ecef 200
[debug] [2026-09-04T15:31:30.887Z] <<< [apiv2][body] POST https://upload-firebasehosting.googleapis.com/upload/sites/my-job-cd13f/versions/562bd7f0c919cadf/files/80261c268b0c4cf713d1f2319dd1a06cc86937e1e4a024c7d8b8adef6464ecef [stream]
[debug] [2026-09-04T15:31:30.888Z] <<< [apiv2][status] POST https://upload-firebasehosting.googleapis.com/upload/sites/my-job-cd13f/versions/562bd7f0c919cadf/files/5a09df6187e21aa9a7d05094389385876ac93c818e1dcbb77a26a8fe408bf79c 200
[debug] [2026-09-04T15:31:30.888Z] <<< [apiv2][body] POST https://upload-firebasehosting.googleapis.com/upload/sites/my-job-cd13f/versions/562bd7f0c919cadf/files/5a09df6187e21aa9a7d05094389385876ac93c818e1dcbb77a26a8fe408bf79c [stream]
[debug] [2026-09-04T15:31:30.894Z] <<< [apiv2][status] POST https://upload-firebasehosting.googleapis.com/upload/sites/my-job-cd13f/versions/562bd7f0c919cadf/files/b50f58b835f5ae01efea01b16da9b6bc83cc92b4fce872d18bfb9c810f0771b2 200
[debug] [2026-09-04T15:31:30.894Z] <<< [apiv2][body] POST https://upload-firebasehosting.googleapis.com/upload/sites/my-job-cd13f/versions/562bd7f0c919cadf/files/b50f58b835f5ae01efea01b16da9b6bc83cc92b4fce872d18bfb9c810f0771b2 [stream]
[debug] [2026-09-04T15:31:30.905Z] <<< [apiv2][status] POST https://upload-firebasehosting.googleapis.com/upload/sites/my-job-cd13f/versions/562bd7f0c919cadf/files/b4def7aca812c71e5828a16079c002ad79b2dd5acd6b567a80462539589a53af 200
[debug] [2026-09-04T15:31:30.905Z] <<< [apiv2][body] POST https://upload-firebasehosting.googleapis.com/upload/sites/my-job-cd13f/versions/562bd7f0c919cadf/files/b4def7aca812c71e5828a16079c002ad79b2dd5acd6b567a80462539589a53af [stream]
[debug] [2026-09-04T15:31:30.905Z] <<< [apiv2][status] POST https://upload-firebasehosting.googleapis.com/upload/sites/my-job-cd13f/versions/562bd7f0c919cadf/files/f026b16ad9e0fa47b74c4f161b07ff2ab03834773151a566ca631574d7b662ea 200
[debug] [2026-09-04T15:31:30.906Z] <<< [apiv2][body] POST https://upload-firebasehosting.googleapis.com/upload/sites/my-job-cd13f/versions/562bd7f0c919cadf/files/f026b16ad9e0fa47b74c4f161b07ff2ab03834773151a566ca631574d7b662ea [stream]
[debug] [2026-09-04T15:31:30.911Z] <<< [apiv2][status] POST https://upload-firebasehosting.googleapis.com/upload/sites/my-job-cd13f/versions/562bd7f0c919cadf/files/7b33e6697a6650843348b5e85146e7b4dfcb7882b3012eb226be7fff9243c279 200
[debug] [2026-09-04T15:31:30.911Z] <<< [apiv2][body] POST https://upload-firebasehosting.googleapis.com/upload/sites/my-job-cd13f/versions/562bd7f0c919cadf/files/7b33e6697a6650843348b5e85146e7b4dfcb7882b3012eb226be7fff9243c279 [stream]
[debug] [2026-09-04T15:31:30.912Z] <<< [apiv2][status] POST https://upload-firebasehosting.googleapis.com/upload/sites/my-job-cd13f/versions/562bd7f0c919cadf/files/b0d204b17fadccb2b941a838cf29441f94466de7ab1837ac75fb33215c303325 200
[debug] [2026-09-04T15:31:30.912Z] <<< [apiv2][body] POST https://upload-firebasehosting.googleapis.com/upload/sites/my-job-cd13f/versions/562bd7f0c919cadf/files/b0d204b17fadccb2b941a838cf29441f94466de7ab1837ac75fb33215c303325 [stream]
[debug] [2026-09-04T15:31:30.912Z] <<< [apiv2][status] POST https://upload-firebasehosting.googleapis.com/upload/sites/my-job-cd13f/versions/562bd7f0c919cadf/files/9e317fb808ec4714d6144f277f4de983b017fe5f3753369936ad5359f06b02e5 200
[debug] [2026-09-04T15:31:30.912Z] <<< [apiv2][body] POST https://upload-firebasehosting.googleapis.com/upload/sites/my-job-cd13f/versions/562bd7f0c919cadf/files/9e317fb808ec4714d6144f277f4de983b017fe5f3753369936ad5359f06b02e5 [stream]
[debug] [2026-09-04T15:31:30.913Z] <<< [apiv2][status] POST https://upload-firebasehosting.googleapis.com/upload/sites/my-job-cd13f/versions/562bd7f0c919cadf/files/4dbb7256d9d00e9a17abbebde8158aed37ed52ea1eb5d89ee1bf46c267c6503c 200
[debug] [2026-09-04T15:31:30.913Z] <<< [apiv2][body] POST https://upload-firebasehosting.googleapis.com/upload/sites/my-job-cd13f/versions/562bd7f0c919cadf/files/4dbb7256d9d00e9a17abbebde8158aed37ed52ea1eb5d89ee1bf46c267c6503c [stream]
[debug] [2026-09-04T15:31:30.917Z] <<< [apiv2][status] POST https://upload-firebasehosting.googleapis.com/upload/sites/my-job-cd13f/versions/562bd7f0c919cadf/files/1515de65fe8d5a00df72c1f379ac1d0bbe5be7bc59d16cf69bbf0db63aa98139 200
[debug] [2026-09-04T15:31:30.917Z] <<< [apiv2][body] POST https://upload-firebasehosting.googleapis.com/upload/sites/my-job-cd13f/versions/562bd7f0c919cadf/files/1515de65fe8d5a00df72c1f379ac1d0bbe5be7bc59d16cf69bbf0db63aa98139 [stream]
[debug] [2026-09-04T15:31:30.923Z] <<< [apiv2][status] POST https://upload-firebasehosting.googleapis.com/upload/sites/my-job-cd13f/versions/562bd7f0c919cadf/files/7a1a910b7e7a3a0c963278f48e7ca7e394f42a624742dd505fc3cd7370d35476 200
[debug] [2026-09-04T15:31:30.923Z] <<< [apiv2][body] POST https://upload-firebasehosting.googleapis.com/upload/sites/my-job-cd13f/versions/562bd7f0c919cadf/files/7a1a910b7e7a3a0c963278f48e7ca7e394f42a624742dd505fc3cd7370d35476 [stream]
[debug] [2026-09-04T15:31:30.924Z] <<< [apiv2][status] POST https://upload-firebasehosting.googleapis.com/upload/sites/my-job-cd13f/versions/562bd7f0c919cadf/files/7d1b4c2db66bccfeeb6e19f11f86f0e6c354ad6c361e28705717a3ffb6c01aac 200
[debug] [2026-09-04T15:31:30.924Z] <<< [apiv2][body] POST https://upload-firebasehosting.googleapis.com/upload/sites/my-job-cd13f/versions/562bd7f0c919cadf/files/7d1b4c2db66bccfeeb6e19f11f86f0e6c354ad6c361e28705717a3ffb6c01aac [stream]
[debug] [2026-09-04T15:31:30.928Z] <<< [apiv2][status] POST https://upload-firebasehosting.googleapis.com/upload/sites/my-job-cd13f/versions/562bd7f0c919cadf/files/b25ccc3805bc8a023c5ebf1c0b5ec94ddcbcf1b64b19d876f487a200f7ece5cc 200
[debug] [2026-09-04T15:31:30.928Z] <<< [apiv2][body] POST https://upload-firebasehosting.googleapis.com/upload/sites/my-job-cd13f/versions/562bd7f0c919cadf/files/b25ccc3805bc8a023c5ebf1c0b5ec94ddcbcf1b64b19d876f487a200f7ece5cc [stream]
[debug] [2026-09-04T15:31:30.935Z] <<< [apiv2][status] POST https://upload-firebasehosting.googleapis.com/upload/sites/my-job-cd13f/versions/562bd7f0c919cadf/files/6bd2003bd35bb32c1c0d99ab3aeac0cc1edaefd79f27df1d954bc87184048d74 200
[debug] [2026-09-04T15:31:30.935Z] <<< [apiv2][body] POST https://upload-firebasehosting.googleapis.com/upload/sites/my-job-cd13f/versions/562bd7f0c919cadf/files/6bd2003bd35bb32c1c0d99ab3aeac0cc1edaefd79f27df1d954bc87184048d74 [stream]
[debug] [2026-09-04T15:31:30.935Z] <<< [apiv2][status] POST https://upload-firebasehosting.googleapis.com/upload/sites/my-job-cd13f/versions/562bd7f0c919cadf/files/28bf11182f4fb42d199349bd056455bae4f45efb4ae25434bf34367d8dab2a99 200
[debug] [2026-09-04T15:31:30.935Z] <<< [apiv2][body] POST https://upload-firebasehosting.googleapis.com/upload/sites/my-job-cd13f/versions/562bd7f0c919cadf/files/28bf11182f4fb42d199349bd056455bae4f45efb4ae25434bf34367d8dab2a99 [stream]
[debug] [2026-09-04T15:31:30.947Z] <<< [apiv2][status] POST https://upload-firebasehosting.googleapis.com/upload/sites/my-job-cd13f/versions/562bd7f0c919cadf/files/8b1c583c2b5026d6c4b1b32e720e47ea6b4d8dccb34e655d468095814a328bab 200
[debug] [2026-09-04T15:31:30.947Z] <<< [apiv2][body] POST https://upload-firebasehosting.googleapis.com/upload/sites/my-job-cd13f/versions/562bd7f0c919cadf/files/8b1c583c2b5026d6c4b1b32e720e47ea6b4d8dccb34e655d468095814a328bab [stream]
[debug] [2026-09-04T15:31:30.952Z] <<< [apiv2][status] POST https://upload-firebasehosting.googleapis.com/upload/sites/my-job-cd13f/versions/562bd7f0c919cadf/files/651b80dcf4b538ec9f165aa891ba6b766e3fd5d73a6bee473d5274a45531d90d 200
[debug] [2026-09-04T15:31:30.952Z] <<< [apiv2][body] POST https://upload-firebasehosting.googleapis.com/upload/sites/my-job-cd13f/versions/562bd7f0c919cadf/files/651b80dcf4b538ec9f165aa891ba6b766e3fd5d73a6bee473d5274a45531d90d [stream]
[debug] [2026-09-04T15:31:30.953Z] <<< [apiv2][status] POST https://upload-firebasehosting.googleapis.com/upload/sites/my-job-cd13f/versions/562bd7f0c919cadf/files/06ff8c6c22173d01f0287cfe99e74d78894d461c621c3b804d18630c3c9c587c 200
[debug] [2026-09-04T15:31:30.953Z] <<< [apiv2][body] POST https://upload-firebasehosting.googleapis.com/upload/sites/my-job-cd13f/versions/562bd7f0c919cadf/files/06ff8c6c22173d01f0287cfe99e74d78894d461c621c3b804d18630c3c9c587c [stream]
[debug] [2026-09-04T15:31:30.953Z] <<< [apiv2][status] POST https://upload-firebasehosting.googleapis.com/upload/sites/my-job-cd13f/versions/562bd7f0c919cadf/files/c26134b34aee64d73ff4117945ce06a77943afef277b85b97b7163e6cbb061dc 200
[debug] [2026-09-04T15:31:30.953Z] <<< [apiv2][body] POST https://upload-firebasehosting.googleapis.com/upload/sites/my-job-cd13f/versions/562bd7f0c919cadf/files/c26134b34aee64d73ff4117945ce06a77943afef277b85b97b7163e6cbb061dc [stream]
[debug] [2026-09-04T15:31:30.956Z] <<< [apiv2][status] POST https://upload-firebasehosting.googleapis.com/upload/sites/my-job-cd13f/versions/562bd7f0c919cadf/files/4c2c18e39621ee97b50b742b56880d3c20cfc80dfaf18e324467336f9323f2ca 200
[debug] [2026-09-04T15:31:30.956Z] <<< [apiv2][body] POST https://upload-firebasehosting.googleapis.com/upload/sites/my-job-cd13f/versions/562bd7f0c919cadf/files/4c2c18e39621ee97b50b742b56880d3c20cfc80dfaf18e324467336f9323f2ca [stream]
[debug] [2026-09-04T15:31:30.958Z] <<< [apiv2][status] POST https://upload-firebasehosting.googleapis.com/upload/sites/my-job-cd13f/versions/562bd7f0c919cadf/files/ca016c33abff117931bcf8e7820aa50a8d2168fb3115cccefa6b92d35b2ed272 200
[debug] [2026-09-04T15:31:30.959Z] <<< [apiv2][body] POST https://upload-firebasehosting.googleapis.com/upload/sites/my-job-cd13f/versions/562bd7f0c919cadf/files/ca016c33abff117931bcf8e7820aa50a8d2168fb3115cccefa6b92d35b2ed272 [stream]
[debug] [2026-09-04T15:31:30.959Z] <<< [apiv2][status] POST https://upload-firebasehosting.googleapis.com/upload/sites/my-job-cd13f/versions/562bd7f0c919cadf/files/976c2332e08eb676b3fd8b99037ffa3db830b9db459bdc3cc7a9f553ea9ca862 200
[debug] [2026-09-04T15:31:30.959Z] <<< [apiv2][body] POST https://upload-firebasehosting.googleapis.com/upload/sites/my-job-cd13f/versions/562bd7f0c919cadf/files/976c2332e08eb676b3fd8b99037ffa3db830b9db459bdc3cc7a9f553ea9ca862 [stream]
[debug] [2026-09-04T15:31:30.967Z] <<< [apiv2][status] POST https://upload-firebasehosting.googleapis.com/upload/sites/my-job-cd13f/versions/562bd7f0c919cadf/files/2aa184951787c1a7c6ab8cd5df65d5f7087587a0c14f73ae1e758ac17463781b 200
[debug] [2026-09-04T15:31:30.967Z] <<< [apiv2][body] POST https://upload-firebasehosting.googleapis.com/upload/sites/my-job-cd13f/versions/562bd7f0c919cadf/files/2aa184951787c1a7c6ab8cd5df65d5f7087587a0c14f73ae1e758ac17463781b [stream]
[info] i  hosting: uploading new files [75/119] (63%) 
[debug] [2026-09-04T15:31:30.973Z] <<< [apiv2][status] POST https://upload-firebasehosting.googleapis.com/upload/sites/my-job-cd13f/versions/562bd7f0c919cadf/files/a8e2a410aa10e449d49cd29c9fe4ba6552cdc09bf21c531ab682419ac095d66c 200
[debug] [2026-09-04T15:31:30.973Z] <<< [apiv2][body] POST https://upload-firebasehosting.googleapis.com/upload/sites/my-job-cd13f/versions/562bd7f0c919cadf/files/a8e2a410aa10e449d49cd29c9fe4ba6552cdc09bf21c531ab682419ac095d66c [stream]
[debug] [2026-09-04T15:31:30.973Z] <<< [apiv2][status] POST https://upload-firebasehosting.googleapis.com/upload/sites/my-job-cd13f/versions/562bd7f0c919cadf/files/8f3ad72602d38624b25d7cdcf57983fee16a4a528964b6384a308e168c0a5c6f 200
[debug] [2026-09-04T15:31:30.974Z] <<< [apiv2][body] POST https://upload-firebasehosting.googleapis.com/upload/sites/my-job-cd13f/versions/562bd7f0c919cadf/files/8f3ad72602d38624b25d7cdcf57983fee16a4a528964b6384a308e168c0a5c6f [stream]
[debug] [2026-09-04T15:31:30.974Z] <<< [apiv2][status] POST https://upload-firebasehosting.googleapis.com/upload/sites/my-job-cd13f/versions/562bd7f0c919cadf/files/f7d0a68b78147c3e671fcf06f8f713d659cbd30a3dc37766e618d104940a4a07 200
[debug] [2026-09-04T15:31:30.974Z] <<< [apiv2][body] POST https://upload-firebasehosting.googleapis.com/upload/sites/my-job-cd13f/versions/562bd7f0c919cadf/files/f7d0a68b78147c3e671fcf06f8f713d659cbd30a3dc37766e618d104940a4a07 [stream]
[debug] [2026-09-04T15:31:30.984Z] <<< [apiv2][status] POST https://upload-firebasehosting.googleapis.com/upload/sites/my-job-cd13f/versions/562bd7f0c919cadf/files/51312701c3616c1692e040e36ec7d619d093bae42908b76abe1391da759ab94d 200
[debug] [2026-09-04T15:31:30.985Z] <<< [apiv2][body] POST https://upload-firebasehosting.googleapis.com/upload/sites/my-job-cd13f/versions/562bd7f0c919cadf/files/51312701c3616c1692e040e36ec7d619d093bae42908b76abe1391da759ab94d [stream]
[debug] [2026-09-04T15:31:30.990Z] <<< [apiv2][status] POST https://upload-firebasehosting.googleapis.com/upload/sites/my-job-cd13f/versions/562bd7f0c919cadf/files/1529d21e039f31168a74c776fee8f42005bf3b187a4681435138e3e3d694633e 200
[debug] [2026-09-04T15:31:30.990Z] <<< [apiv2][body] POST https://upload-firebasehosting.googleapis.com/upload/sites/my-job-cd13f/versions/562bd7f0c919cadf/files/1529d21e039f31168a74c776fee8f42005bf3b187a4681435138e3e3d694633e [stream]
[debug] [2026-09-04T15:31:30.991Z] <<< [apiv2][status] POST https://upload-firebasehosting.googleapis.com/upload/sites/my-job-cd13f/versions/562bd7f0c919cadf/files/23fdd2d9ab4868d72348c21c823f40b4dfb85bef68bc202dcccba57fa2c13eb9 200
[debug] [2026-09-04T15:31:30.991Z] <<< [apiv2][body] POST https://upload-firebasehosting.googleapis.com/upload/sites/my-job-cd13f/versions/562bd7f0c919cadf/files/23fdd2d9ab4868d72348c21c823f40b4dfb85bef68bc202dcccba57fa2c13eb9 [stream]
[debug] [2026-09-04T15:31:30.991Z] <<< [apiv2][status] POST https://upload-firebasehosting.googleapis.com/upload/sites/my-job-cd13f/versions/562bd7f0c919cadf/files/7495e94bcbae3fbc3e88f31523ece45dbe5be6af67f8b2a24e9fe42b398d3f3b 200
[debug] [2026-09-04T15:31:30.991Z] <<< [apiv2][body] POST https://upload-firebasehosting.googleapis.com/upload/sites/my-job-cd13f/versions/562bd7f0c919cadf/files/7495e94bcbae3fbc3e88f31523ece45dbe5be6af67f8b2a24e9fe42b398d3f3b [stream]
[debug] [2026-09-04T15:31:30.996Z] <<< [apiv2][status] POST https://upload-firebasehosting.googleapis.com/upload/sites/my-job-cd13f/versions/562bd7f0c919cadf/files/97319705d40d87e1ab09d67246d3360f1b22f4a2a9546ce026bc3039a8d50993 200
[debug] [2026-09-04T15:31:30.997Z] <<< [apiv2][body] POST https://upload-firebasehosting.googleapis.com/upload/sites/my-job-cd13f/versions/562bd7f0c919cadf/files/97319705d40d87e1ab09d67246d3360f1b22f4a2a9546ce026bc3039a8d50993 [stream]
[debug] [2026-09-04T15:31:30.998Z] <<< [apiv2][status] POST https://upload-firebasehosting.googleapis.com/upload/sites/my-job-cd13f/versions/562bd7f0c919cadf/files/255bb00a0fe34483e796e9558018274003cda9f6be4304a5ffdd14970e0a077a 200
[debug] [2026-09-04T15:31:30.998Z] <<< [apiv2][body] POST https://upload-firebasehosting.googleapis.com/upload/sites/my-job-cd13f/versions/562bd7f0c919cadf/files/255bb00a0fe34483e796e9558018274003cda9f6be4304a5ffdd14970e0a077a [stream]
[debug] [2026-09-04T15:31:30.998Z] <<< [apiv2][status] POST https://upload-firebasehosting.googleapis.com/upload/sites/my-job-cd13f/versions/562bd7f0c919cadf/files/c87c8630ce7eb13f8892ffb0ccf2733ec12d5a839467d05b950e4edc896bbaf4 200
[debug] [2026-09-04T15:31:30.998Z] <<< [apiv2][body] POST https://upload-firebasehosting.googleapis.com/upload/sites/my-job-cd13f/versions/562bd7f0c919cadf/files/c87c8630ce7eb13f8892ffb0ccf2733ec12d5a839467d05b950e4edc896bbaf4 [stream]
[debug] [2026-09-04T15:31:30.999Z] <<< [apiv2][status] POST https://upload-firebasehosting.googleapis.com/upload/sites/my-job-cd13f/versions/562bd7f0c919cadf/files/cde789cb286bb3b8ba5277c394a65748f68a107a963628ebe901dc6d35e2f03c 200
[debug] [2026-09-04T15:31:30.999Z] <<< [apiv2][body] POST https://upload-firebasehosting.googleapis.com/upload/sites/my-job-cd13f/versions/562bd7f0c919cadf/files/cde789cb286bb3b8ba5277c394a65748f68a107a963628ebe901dc6d35e2f03c [stream]
[debug] [2026-09-04T15:31:31.002Z] <<< [apiv2][status] POST https://upload-firebasehosting.googleapis.com/upload/sites/my-job-cd13f/versions/562bd7f0c919cadf/files/b97b9c3076e3e421b6758d8b11c4a0ffd936818508c0d53b88851dae757c8eeb 200
[debug] [2026-09-04T15:31:31.002Z] <<< [apiv2][body] POST https://upload-firebasehosting.googleapis.com/upload/sites/my-job-cd13f/versions/562bd7f0c919cadf/files/b97b9c3076e3e421b6758d8b11c4a0ffd936818508c0d53b88851dae757c8eeb [stream]
[debug] [2026-09-04T15:31:31.003Z] <<< [apiv2][status] POST https://upload-firebasehosting.googleapis.com/upload/sites/my-job-cd13f/versions/562bd7f0c919cadf/files/c787cdcb449b7625eeae276287383d206151c8f86230d2ce07b60ef663bf3b90 200
[debug] [2026-09-04T15:31:31.003Z] <<< [apiv2][body] POST https://upload-firebasehosting.googleapis.com/upload/sites/my-job-cd13f/versions/562bd7f0c919cadf/files/c787cdcb449b7625eeae276287383d206151c8f86230d2ce07b60ef663bf3b90 [stream]
[debug] [2026-09-04T15:31:31.012Z] <<< [apiv2][status] POST https://upload-firebasehosting.googleapis.com/upload/sites/my-job-cd13f/versions/562bd7f0c919cadf/files/26964ab6c8d57b75c2267d664997468c04719fab9e5ef20bead7e2f8a3799322 200
[debug] [2026-09-04T15:31:31.013Z] <<< [apiv2][body] POST https://upload-firebasehosting.googleapis.com/upload/sites/my-job-cd13f/versions/562bd7f0c919cadf/files/26964ab6c8d57b75c2267d664997468c04719fab9e5ef20bead7e2f8a3799322 [stream]
[debug] [2026-09-04T15:31:31.016Z] <<< [apiv2][status] POST https://upload-firebasehosting.googleapis.com/upload/sites/my-job-cd13f/versions/562bd7f0c919cadf/files/9b1ea88e23964c64f27c0a12e56aa1dd022be257557899a1edb58c8c263f3368 200
[debug] [2026-09-04T15:31:31.016Z] <<< [apiv2][body] POST https://upload-firebasehosting.googleapis.com/upload/sites/my-job-cd13f/versions/562bd7f0c919cadf/files/9b1ea88e23964c64f27c0a12e56aa1dd022be257557899a1edb58c8c263f3368 [stream]
[debug] [2026-09-04T15:31:31.017Z] <<< [apiv2][status] POST https://upload-firebasehosting.googleapis.com/upload/sites/my-job-cd13f/versions/562bd7f0c919cadf/files/270200004571dcce3788061e3cfaea844e4d58e41f74c17eeef334635f774f29 200
[debug] [2026-09-04T15:31:31.017Z] <<< [apiv2][body] POST https://upload-firebasehosting.googleapis.com/upload/sites/my-job-cd13f/versions/562bd7f0c919cadf/files/270200004571dcce3788061e3cfaea844e4d58e41f74c17eeef334635f774f29 [stream]
[debug] [2026-09-04T15:31:31.027Z] <<< [apiv2][status] POST https://upload-firebasehosting.googleapis.com/upload/sites/my-job-cd13f/versions/562bd7f0c919cadf/files/31a458617934836e3a906fcee7265436bc154808452edc0e982754e2881b734e 200
[debug] [2026-09-04T15:31:31.027Z] <<< [apiv2][body] POST https://upload-firebasehosting.googleapis.com/upload/sites/my-job-cd13f/versions/562bd7f0c919cadf/files/31a458617934836e3a906fcee7265436bc154808452edc0e982754e2881b734e [stream]
[debug] [2026-09-04T15:31:31.028Z] <<< [apiv2][status] POST https://upload-firebasehosting.googleapis.com/upload/sites/my-job-cd13f/versions/562bd7f0c919cadf/files/8503020b2ce88e243cb59c7adcce45f28e9c9f06730257582ee48a70b366f97c 200
[debug] [2026-09-04T15:31:31.028Z] <<< [apiv2][body] POST https://upload-firebasehosting.googleapis.com/upload/sites/my-job-cd13f/versions/562bd7f0c919cadf/files/8503020b2ce88e243cb59c7adcce45f28e9c9f06730257582ee48a70b366f97c [stream]
[debug] [2026-09-04T15:31:31.029Z] <<< [apiv2][status] POST https://upload-firebasehosting.googleapis.com/upload/sites/my-job-cd13f/versions/562bd7f0c919cadf/files/93db455499234098ae3aabd3e8e1bd99d3ee3cf48b3c74b8c54ccf47415797d4 200
[debug] [2026-09-04T15:31:31.029Z] <<< [apiv2][body] POST https://upload-firebasehosting.googleapis.com/upload/sites/my-job-cd13f/versions/562bd7f0c919cadf/files/93db455499234098ae3aabd3e8e1bd99d3ee3cf48b3c74b8c54ccf47415797d4 [stream]
[debug] [2026-09-04T15:31:31.032Z] <<< [apiv2][status] POST https://upload-firebasehosting.googleapis.com/upload/sites/my-job-cd13f/versions/562bd7f0c919cadf/files/7e8ca08af3a2514e3221cf169f238f848b4edabda830b1fede2e70d04aef1aad 200
[debug] [2026-09-04T15:31:31.033Z] <<< [apiv2][body] POST https://upload-firebasehosting.googleapis.com/upload/sites/my-job-cd13f/versions/562bd7f0c919cadf/files/7e8ca08af3a2514e3221cf169f238f848b4edabda830b1fede2e70d04aef1aad [stream]
[debug] [2026-09-04T15:31:31.033Z] <<< [apiv2][status] POST https://upload-firebasehosting.googleapis.com/upload/sites/my-job-cd13f/versions/562bd7f0c919cadf/files/f3315ca2c721458fe9125bc208986ce343cde2ca8cf9430764954510551b3172 200
[debug] [2026-09-04T15:31:31.033Z] <<< [apiv2][body] POST https://upload-firebasehosting.googleapis.com/upload/sites/my-job-cd13f/versions/562bd7f0c919cadf/files/f3315ca2c721458fe9125bc208986ce343cde2ca8cf9430764954510551b3172 [stream]
[debug] [2026-09-04T15:31:31.044Z] <<< [apiv2][status] POST https://upload-firebasehosting.googleapis.com/upload/sites/my-job-cd13f/versions/562bd7f0c919cadf/files/e7ff2ef317a4208676161d3da1fa081c855717c11ca7ed4a32ed58156236689d 200
[debug] [2026-09-04T15:31:31.044Z] <<< [apiv2][body] POST https://upload-firebasehosting.googleapis.com/upload/sites/my-job-cd13f/versions/562bd7f0c919cadf/files/e7ff2ef317a4208676161d3da1fa081c855717c11ca7ed4a32ed58156236689d [stream]
[debug] [2026-09-04T15:31:31.045Z] <<< [apiv2][status] POST https://upload-firebasehosting.googleapis.com/upload/sites/my-job-cd13f/versions/562bd7f0c919cadf/files/8fe93bff7d987c78a06cb56729df85026349c0d479836281ca8ff5cb59c82825 200
[debug] [2026-09-04T15:31:31.045Z] <<< [apiv2][body] POST https://upload-firebasehosting.googleapis.com/upload/sites/my-job-cd13f/versions/562bd7f0c919cadf/files/8fe93bff7d987c78a06cb56729df85026349c0d479836281ca8ff5cb59c82825 [stream]
[debug] [2026-09-04T15:31:31.058Z] <<< [apiv2][status] POST https://upload-firebasehosting.googleapis.com/upload/sites/my-job-cd13f/versions/562bd7f0c919cadf/files/3ea54a58c9087b1b0f481f581ae23aa17eeab4b0b07ee1116bab1e693302327a 200
[debug] [2026-09-04T15:31:31.058Z] <<< [apiv2][body] POST https://upload-firebasehosting.googleapis.com/upload/sites/my-job-cd13f/versions/562bd7f0c919cadf/files/3ea54a58c9087b1b0f481f581ae23aa17eeab4b0b07ee1116bab1e693302327a [stream]
[debug] [2026-09-04T15:31:31.063Z] <<< [apiv2][status] POST https://upload-firebasehosting.googleapis.com/upload/sites/my-job-cd13f/versions/562bd7f0c919cadf/files/a1862350cad8975186ec7d95e2c6f6ad548d6bd2219ffaa79420067bbf14ad49 200
[debug] [2026-09-04T15:31:31.063Z] <<< [apiv2][body] POST https://upload-firebasehosting.googleapis.com/upload/sites/my-job-cd13f/versions/562bd7f0c919cadf/files/a1862350cad8975186ec7d95e2c6f6ad548d6bd2219ffaa79420067bbf14ad49 [stream]
[debug] [2026-09-04T15:31:31.064Z] <<< [apiv2][status] POST https://upload-firebasehosting.googleapis.com/upload/sites/my-job-cd13f/versions/562bd7f0c919cadf/files/1831183d4ecc46762217b1082b8f0be3d1638cec1c973475430f01c45be9c412 200
[debug] [2026-09-04T15:31:31.064Z] <<< [apiv2][body] POST https://upload-firebasehosting.googleapis.com/upload/sites/my-job-cd13f/versions/562bd7f0c919cadf/files/1831183d4ecc46762217b1082b8f0be3d1638cec1c973475430f01c45be9c412 [stream]
[debug] [2026-09-04T15:31:31.065Z] <<< [apiv2][status] POST https://upload-firebasehosting.googleapis.com/upload/sites/my-job-cd13f/versions/562bd7f0c919cadf/files/85778f90430b4ac86232451996bb332d5cc04f60c4577f661c4c0ddbbbc74f1d 200
[debug] [2026-09-04T15:31:31.065Z] <<< [apiv2][body] POST https://upload-firebasehosting.googleapis.com/upload/sites/my-job-cd13f/versions/562bd7f0c919cadf/files/85778f90430b4ac86232451996bb332d5cc04f60c4577f661c4c0ddbbbc74f1d [stream]
[debug] [2026-09-04T15:31:31.065Z] <<< [apiv2][status] POST https://upload-firebasehosting.googleapis.com/upload/sites/my-job-cd13f/versions/562bd7f0c919cadf/files/128a7124e25da7d49ef3a116a11f12f297629db1e07933d710f0773c59297ea9 200
[debug] [2026-09-04T15:31:31.066Z] <<< [apiv2][body] POST https://upload-firebasehosting.googleapis.com/upload/sites/my-job-cd13f/versions/562bd7f0c919cadf/files/128a7124e25da7d49ef3a116a11f12f297629db1e07933d710f0773c59297ea9 [stream]
[debug] [2026-09-04T15:31:31.068Z] <<< [apiv2][status] POST https://upload-firebasehosting.googleapis.com/upload/sites/my-job-cd13f/versions/562bd7f0c919cadf/files/c62a68fc622ef20b8307abe9a6a355d3a4dcdadd1d04a81d89a941019c9ee0bf 200
[debug] [2026-09-04T15:31:31.068Z] <<< [apiv2][body] POST https://upload-firebasehosting.googleapis.com/upload/sites/my-job-cd13f/versions/562bd7f0c919cadf/files/c62a68fc622ef20b8307abe9a6a355d3a4dcdadd1d04a81d89a941019c9ee0bf [stream]
[debug] [2026-09-04T15:31:31.100Z] <<< [apiv2][status] POST https://upload-firebasehosting.googleapis.com/upload/sites/my-job-cd13f/versions/562bd7f0c919cadf/files/98d09bf57cb41a6b27042b33739b1afb5c5f54055a7838d74f84b2f66f65ccc0 200
[debug] [2026-09-04T15:31:31.100Z] <<< [apiv2][body] POST https://upload-firebasehosting.googleapis.com/upload/sites/my-job-cd13f/versions/562bd7f0c919cadf/files/98d09bf57cb41a6b27042b33739b1afb5c5f54055a7838d74f84b2f66f65ccc0 [stream]
[debug] [2026-09-04T15:31:31.104Z] <<< [apiv2][status] POST https://upload-firebasehosting.googleapis.com/upload/sites/my-job-cd13f/versions/562bd7f0c919cadf/files/679d2e4b9b403257a40567bd6842ee4e72ff21419be708b4c899f9b60fbf4cab 200
[debug] [2026-09-04T15:31:31.104Z] <<< [apiv2][body] POST https://upload-firebasehosting.googleapis.com/upload/sites/my-job-cd13f/versions/562bd7f0c919cadf/files/679d2e4b9b403257a40567bd6842ee4e72ff21419be708b4c899f9b60fbf4cab [stream]
[debug] [2026-09-04T15:31:31.105Z] <<< [apiv2][status] POST https://upload-firebasehosting.googleapis.com/upload/sites/my-job-cd13f/versions/562bd7f0c919cadf/files/c7c342a0d73faf970defda71ae6a723c2a83ec4adb81c899b13977d188d1bbb8 200
[debug] [2026-09-04T15:31:31.105Z] <<< [apiv2][body] POST https://upload-firebasehosting.googleapis.com/upload/sites/my-job-cd13f/versions/562bd7f0c919cadf/files/c7c342a0d73faf970defda71ae6a723c2a83ec4adb81c899b13977d188d1bbb8 [stream]
[debug] [2026-09-04T15:31:31.170Z] <<< [apiv2][status] POST https://upload-firebasehosting.googleapis.com/upload/sites/my-job-cd13f/versions/562bd7f0c919cadf/files/a34aaa943a9bf49fa0a3b3ed88e0a4b0cc1aadd116cf72c261733220509cd083 200
[debug] [2026-09-04T15:31:31.170Z] <<< [apiv2][body] POST https://upload-firebasehosting.googleapis.com/upload/sites/my-job-cd13f/versions/562bd7f0c919cadf/files/a34aaa943a9bf49fa0a3b3ed88e0a4b0cc1aadd116cf72c261733220509cd083 [stream]
[debug] [2026-09-04T15:31:31.181Z] <<< [apiv2][status] POST https://upload-firebasehosting.googleapis.com/upload/sites/my-job-cd13f/versions/562bd7f0c919cadf/files/b25a3da5985a5657760f6fec9eb5d620a53b9af33e9cb63a401d87ef95c03868 200
[debug] [2026-09-04T15:31:31.181Z] <<< [apiv2][body] POST https://upload-firebasehosting.googleapis.com/upload/sites/my-job-cd13f/versions/562bd7f0c919cadf/files/b25a3da5985a5657760f6fec9eb5d620a53b9af33e9cb63a401d87ef95c03868 [stream]
[debug] [2026-09-04T15:31:31.192Z] <<< [apiv2][status] POST https://upload-firebasehosting.googleapis.com/upload/sites/my-job-cd13f/versions/562bd7f0c919cadf/files/b84fcf5494f362aee9efa97f13ddfc6e05ec5b013060693801bd155a3ac72af5 200
[debug] [2026-09-04T15:31:31.192Z] <<< [apiv2][body] POST https://upload-firebasehosting.googleapis.com/upload/sites/my-job-cd13f/versions/562bd7f0c919cadf/files/b84fcf5494f362aee9efa97f13ddfc6e05ec5b013060693801bd155a3ac72af5 [stream]
[debug] [2026-09-04T15:31:31.206Z] <<< [apiv2][status] POST https://upload-firebasehosting.googleapis.com/upload/sites/my-job-cd13f/versions/562bd7f0c919cadf/files/76cbb486b6ba2d6f4a46f81ea6f957de2f2e6af59242608646ce6a47338b6926 200
[debug] [2026-09-04T15:31:31.206Z] <<< [apiv2][body] POST https://upload-firebasehosting.googleapis.com/upload/sites/my-job-cd13f/versions/562bd7f0c919cadf/files/76cbb486b6ba2d6f4a46f81ea6f957de2f2e6af59242608646ce6a47338b6926 [stream]
[debug] [2026-09-04T15:31:31.207Z] <<< [apiv2][status] POST https://upload-firebasehosting.googleapis.com/upload/sites/my-job-cd13f/versions/562bd7f0c919cadf/files/811621174a8a7cd41988907ca1f247e3bc59ce3f19802316d118410bf576ebbb 200
[debug] [2026-09-04T15:31:31.207Z] <<< [apiv2][body] POST https://upload-firebasehosting.googleapis.com/upload/sites/my-job-cd13f/versions/562bd7f0c919cadf/files/811621174a8a7cd41988907ca1f247e3bc59ce3f19802316d118410bf576ebbb [stream]
[debug] [2026-09-04T15:31:31.221Z] <<< [apiv2][status] POST https://upload-firebasehosting.googleapis.com/upload/sites/my-job-cd13f/versions/562bd7f0c919cadf/files/28da5eab8a94fba4e49352c75932f738d377bd4cf79fc3de11e5d56b9574e940 200
[debug] [2026-09-04T15:31:31.221Z] <<< [apiv2][body] POST https://upload-firebasehosting.googleapis.com/upload/sites/my-job-cd13f/versions/562bd7f0c919cadf/files/28da5eab8a94fba4e49352c75932f738d377bd4cf79fc3de11e5d56b9574e940 [stream]
[debug] [2026-09-04T15:31:31.251Z] <<< [apiv2][status] POST https://upload-firebasehosting.googleapis.com/upload/sites/my-job-cd13f/versions/562bd7f0c919cadf/files/f645c608ca36a361fc465a6fc6ecfa10ed62dac52bbc2d6ed896795de87a1c95 200
[debug] [2026-09-04T15:31:31.251Z] <<< [apiv2][body] POST https://upload-firebasehosting.googleapis.com/upload/sites/my-job-cd13f/versions/562bd7f0c919cadf/files/f645c608ca36a361fc465a6fc6ecfa10ed62dac52bbc2d6ed896795de87a1c95 [stream]
[debug] [2026-09-04T15:31:31.262Z] <<< [apiv2][status] POST https://upload-firebasehosting.googleapis.com/upload/sites/my-job-cd13f/versions/562bd7f0c919cadf/files/684fad1d6bb2e6ecde920805b0925aebe1362488873fbf5b04d20c7daf94db11 200
[debug] [2026-09-04T15:31:31.262Z] <<< [apiv2][body] POST https://upload-firebasehosting.googleapis.com/upload/sites/my-job-cd13f/versions/562bd7f0c919cadf/files/684fad1d6bb2e6ecde920805b0925aebe1362488873fbf5b04d20c7daf94db11 [stream]
[debug] [2026-09-04T15:31:31.262Z] <<< [apiv2][status] POST https://upload-firebasehosting.googleapis.com/upload/sites/my-job-cd13f/versions/562bd7f0c919cadf/files/bdb29d1b69314cf1dd389b4142ae69600934e443347fb2be076d7c01300df4b1 200
[debug] [2026-09-04T15:31:31.263Z] <<< [apiv2][body] POST https://upload-firebasehosting.googleapis.com/upload/sites/my-job-cd13f/versions/562bd7f0c919cadf/files/bdb29d1b69314cf1dd389b4142ae69600934e443347fb2be076d7c01300df4b1 [stream]
[debug] [2026-09-04T15:31:31.385Z] <<< [apiv2][status] POST https://upload-firebasehosting.googleapis.com/upload/sites/my-job-cd13f/versions/562bd7f0c919cadf/files/3a559fd48d87090e5a8eb7df0c39d0b69728990cc61436bd33d76c4ef8a6eceb 200
[debug] [2026-09-04T15:31:31.385Z] <<< [apiv2][body] POST https://upload-firebasehosting.googleapis.com/upload/sites/my-job-cd13f/versions/562bd7f0c919cadf/files/3a559fd48d87090e5a8eb7df0c39d0b69728990cc61436bd33d76c4ef8a6eceb [stream]
[debug] [2026-09-04T15:31:31.568Z] <<< [apiv2][status] POST https://upload-firebasehosting.googleapis.com/upload/sites/my-job-cd13f/versions/562bd7f0c919cadf/files/2582ee9e65d667c199b4cfe98617a83aaa57fadc3cd58f4b9585e2a9e895be7a 200
[debug] [2026-09-04T15:31:31.568Z] <<< [apiv2][body] POST https://upload-firebasehosting.googleapis.com/upload/sites/my-job-cd13f/versions/562bd7f0c919cadf/files/2582ee9e65d667c199b4cfe98617a83aaa57fadc3cd58f4b9585e2a9e895be7a [stream]
[debug] [2026-09-04T15:31:31.670Z] <<< [apiv2][status] POST https://upload-firebasehosting.googleapis.com/upload/sites/my-job-cd13f/versions/562bd7f0c919cadf/files/356808c0f7e4d44866008ab9fc4da632e3a7b0f6becea7e39793749efb11fae9 200
[debug] [2026-09-04T15:31:31.670Z] <<< [apiv2][body] POST https://upload-firebasehosting.googleapis.com/upload/sites/my-job-cd13f/versions/562bd7f0c919cadf/files/356808c0f7e4d44866008ab9fc4da632e3a7b0f6becea7e39793749efb11fae9 [stream]
[debug] [2026-09-04T15:31:31.670Z] [hosting][upload queue][FINAL] {"max":2928,"min":1665,"avg":2169.3025210084043,"active":0,"complete":119,"success":119,"errored":0,"retried":0,"total":119,"elapsed":2949}
[info] i  hosting: upload complete 
[info] +  hosting[my-job-cd13f]: file upload complete 
[debug] [2026-09-04T15:31:31.670Z] [hosting] deploy completed after 4727ms
[debug] [2026-09-04T15:31:31.670Z] [
  {
    "config": {
      "public": "out",
      "ignore": [
        "firebase.json",
        "**/.*",
        "**/node_modules/**"
      ],
      "site": "my-job-cd13f"
    },
    "version": "projects/419525639852/sites/my-job-cd13f/versions/562bd7f0c919cadf"
  }
]
[info] i  hosting[my-job-cd13f]: finalizing version... 
[debug] [2026-09-04T15:31:31.672Z] Checked if tokens are valid: true, expires at: 1788539479722
[debug] [2026-09-04T15:31:31.672Z] Checked if tokens are valid: true, expires at: 1788539479722
[debug] [2026-09-04T15:31:31.672Z] >>> [apiv2][query] PATCH https://firebasehosting.googleapis.com/v1beta1/projects/-/sites/my-job-cd13f/versions/562bd7f0c919cadf updateMask=status%2Cconfig
[debug] [2026-09-04T15:31:31.673Z] >>> [apiv2][body] PATCH https://firebasehosting.googleapis.com/v1beta1/projects/-/sites/my-job-cd13f/versions/562bd7f0c919cadf {"status":"FINALIZED","config":{}}
[debug] [2026-09-04T15:31:32.559Z] <<< [apiv2][status] PATCH https://firebasehosting.googleapis.com/v1beta1/projects/-/sites/my-job-cd13f/versions/562bd7f0c919cadf 200
[debug] [2026-09-04T15:31:32.559Z] <<< [apiv2][body] PATCH https://firebasehosting.googleapis.com/v1beta1/projects/-/sites/my-job-cd13f/versions/562bd7f0c919cadf {"name":"projects/419525639852/sites/my-job-cd13f/versions/562bd7f0c919cadf","status":"FINALIZED","config":{},"labels":{"deployment-tool":"cli-firebase"},"createTime":"2026-09-04T15:31:24.502586Z","createUser":{"email":"ayushkumard31@gmail.com"},"finalizeTime":"2026-09-04T15:31:31.662939Z","finalizeUser":{"email":"ayushkumard31@gmail.com"}}
[debug] [2026-09-04T15:31:32.559Z] [hosting] finalized version for my-job-cd13f:[object Object]
[info] +  hosting[my-job-cd13f]: version finalized 
[info] i  hosting[my-job-cd13f]: releasing new version... 
[debug] [2026-09-04T15:31:32.560Z] Checked if tokens are valid: true, expires at: 1788539479722
[debug] [2026-09-04T15:31:32.560Z] Checked if tokens are valid: true, expires at: 1788539479722
[debug] [2026-09-04T15:31:32.560Z] >>> [apiv2][query] POST https://firebasehosting.googleapis.com/v1beta1/projects/-/sites/my-job-cd13f/channels/live/releases versionName=projects%2F419525639852%2Fsites%2Fmy-job-cd13f%2Fversions%2F562bd7f0c919cadf
[debug] [2026-09-04T15:31:32.560Z] >>> [apiv2][body] POST https://firebasehosting.googleapis.com/v1beta1/projects/-/sites/my-job-cd13f/channels/live/releases {}
[debug] [2026-09-04T15:31:33.396Z] <<< [apiv2][status] POST https://firebasehosting.googleapis.com/v1beta1/projects/-/sites/my-job-cd13f/channels/live/releases 200
[debug] [2026-09-04T15:31:33.854Z] ----------------------------------------------------------------------
[debug] [2026-09-04T15:31:33.858Z] Command:       C:\Program Files\nodejs\node.exe C:\Users\ayush\AppData\Roaming\npm\node_modules\firebase-tools\lib\bin\firebase.js hosting:sites:list --project my-job-cd13f
[debug] [2026-09-04T15:31:33.859Z] CLI Version:   15.29.0
[debug] [2026-09-04T15:31:33.859Z] Platform:      win32
[debug] [2026-09-04T15:31:33.859Z] Node Version:  v26.5.0
[debug] [2026-09-04T15:31:33.859Z] Detected Agent: codex_cli
[debug] [2026-09-04T15:31:33.859Z] Time:          Fri Sep 04 2026 21:01:33 GMT+0530 (India Standard Time)
[debug] [2026-09-04T15:31:33.859Z] ----------------------------------------------------------------------
[debug] 
[debug] [2026-09-04T15:31:34.092Z] > command requires scopes: ["email","openid","https://www.googleapis.com/auth/cloudplatformprojects.readonly","https://www.googleapis.com/auth/firebase","https://www.googleapis.com/auth/cloud-platform"]
[debug] [2026-09-04T15:31:34.092Z] > authorizing via signed-in user (ayushkumard31@gmail.com)
[debug] [2026-09-04T15:31:34.092Z] [iam] checking project my-job-cd13f for permissions ["firebase.projects.get","firebasehosting.sites.get"]
[debug] [2026-09-04T15:31:34.105Z] Checked if tokens are valid: true, expires at: 1788539479722
[debug] [2026-09-04T15:31:34.106Z] Checked if tokens are valid: true, expires at: 1788539479722
[debug] [2026-09-04T15:31:34.107Z] >>> [apiv2][query] POST https://cloudresourcemanager.googleapis.com/v1/projects/my-job-cd13f:testIamPermissions [none]
[debug] [2026-09-04T15:31:34.107Z] >>> [apiv2][(partial)header] POST https://cloudresourcemanager.googleapis.com/v1/projects/my-job-cd13f:testIamPermissions  x-goog-user-project=my-job-cd13f
[debug] [2026-09-04T15:31:34.107Z] >>> [apiv2][body] POST https://cloudresourcemanager.googleapis.com/v1/projects/my-job-cd13f:testIamPermissions {"permissions":["firebase.projects.get","firebasehosting.sites.get"]}
[debug] [2026-09-04T15:31:34.651Z] <<< [apiv2][status] POST https://cloudresourcemanager.googleapis.com/v1/projects/my-job-cd13f:testIamPermissions 200
[debug] [2026-09-04T15:31:34.651Z] <<< [apiv2][body] POST https://cloudresourcemanager.googleapis.com/v1/projects/my-job-cd13f:testIamPermissions {"permissions":["firebase.projects.get","firebasehosting.sites.get"]}
[debug] [2026-09-04T15:31:34.651Z] Checked if tokens are valid: true, expires at: 1788539479722
[debug] [2026-09-04T15:31:34.651Z] Checked if tokens are valid: true, expires at: 1788539479722
[debug] [2026-09-04T15:31:34.652Z] >>> [apiv2][query] GET https://firebasehosting.googleapis.com/v1beta1/projects/my-job-cd13f/sites pageToken=&pageSize=10
[debug] [2026-09-04T15:31:35.957Z] <<< [apiv2][status] GET https://firebasehosting.googleapis.com/v1beta1/projects/my-job-cd13f/sites 200
[debug] [2026-09-04T15:31:50.572Z] ----------------------------------------------------------------------
[debug] [2026-09-04T15:31:50.574Z] Command:       C:\Program Files\nodejs\node.exe C:\Users\ayush\AppData\Roaming\npm\node_modules\firebase-tools\lib\bin\firebase.js deploy --only hosting:my-job-cd13f --project my-job-cd13f --debug
[debug] [2026-09-04T15:31:50.575Z] CLI Version:   15.29.0
[debug] [2026-09-04T15:31:50.575Z] Platform:      win32
[debug] [2026-09-04T15:31:50.575Z] Node Version:  v26.5.0
[debug] [2026-09-04T15:31:50.575Z] Detected Agent: codex_cli
[debug] [2026-09-04T15:31:50.575Z] Time:          Fri Sep 04 2026 21:01:50 GMT+0530 (India Standard Time)
[debug] [2026-09-04T15:31:50.575Z] ----------------------------------------------------------------------
[debug] 
[debug] [2026-09-04T15:31:52.429Z] > command requires scopes: ["email","openid","https://www.googleapis.com/auth/cloudplatformprojects.readonly","https://www.googleapis.com/auth/firebase","https://www.googleapis.com/auth/cloud-platform"]
[debug] [2026-09-04T15:31:52.429Z] > authorizing via signed-in user (ayushkumard31@gmail.com)
[debug] [2026-09-04T15:31:52.429Z] [iam] checking project my-job-cd13f for permissions ["firebase.projects.get","firebasehosting.sites.update"]
[debug] [2026-09-04T15:31:52.439Z] Checked if tokens are valid: true, expires at: 1788539479722
[debug] [2026-09-04T15:31:52.440Z] Checked if tokens are valid: true, expires at: 1788539479722
[debug] [2026-09-04T15:31:52.440Z] >>> [apiv2][query] POST https://cloudresourcemanager.googleapis.com/v1/projects/my-job-cd13f:testIamPermissions [none]
[debug] [2026-09-04T15:31:52.441Z] >>> [apiv2][(partial)header] POST https://cloudresourcemanager.googleapis.com/v1/projects/my-job-cd13f:testIamPermissions  x-goog-user-project=my-job-cd13f
[debug] [2026-09-04T15:31:52.441Z] >>> [apiv2][body] POST https://cloudresourcemanager.googleapis.com/v1/projects/my-job-cd13f:testIamPermissions {"permissions":["firebase.projects.get","firebasehosting.sites.update"]}
[debug] [2026-09-04T15:31:53.936Z] <<< [apiv2][status] POST https://cloudresourcemanager.googleapis.com/v1/projects/my-job-cd13f:testIamPermissions 200
[debug] [2026-09-04T15:31:53.936Z] <<< [apiv2][body] POST https://cloudresourcemanager.googleapis.com/v1/projects/my-job-cd13f:testIamPermissions {"permissions":["firebase.projects.get","firebasehosting.sites.update"]}
[debug] [2026-09-04T15:31:53.936Z] Checked if tokens are valid: true, expires at: 1788539479722
[debug] [2026-09-04T15:31:53.936Z] Checked if tokens are valid: true, expires at: 1788539479722
[debug] [2026-09-04T15:31:53.937Z] >>> [apiv2][query] GET https://firebase.googleapis.com/v1beta1/projects/my-job-cd13f [none]
[debug] [2026-09-04T15:31:54.780Z] <<< [apiv2][status] GET https://firebase.googleapis.com/v1beta1/projects/my-job-cd13f 200
[debug] [2026-09-04T15:31:54.780Z] <<< [apiv2][body] GET https://firebase.googleapis.com/v1beta1/projects/my-job-cd13f {"projectId":"my-job-cd13f","projectNumber":"419525639852","displayName":"My-job","name":"projects/my-job-cd13f","resources":{"hostingSite":"my-job-cd13f"},"state":"ACTIVE","labels":{"firebase":"enabled"},"etag":"1_73a1ae8e-2ed8-4dfb-a262-fa19110c8d58"}
[info] 
[info] === Deploying to 'my-job-cd13f'...
[info] 
[info] i  deploying hosting 
[debug] [2026-09-04T15:31:54.783Z] Checked if tokens are valid: true, expires at: 1788539479722
[debug] [2026-09-04T15:31:54.783Z] Checked if tokens are valid: true, expires at: 1788539479722
[debug] [2026-09-04T15:31:54.783Z] >>> [apiv2][query] GET https://firebasehosting.googleapis.com/v1beta1/projects/my-job-cd13f/sites/my-job-cd13f [none]
[debug] [2026-09-04T15:31:56.050Z] <<< [apiv2][status] GET https://firebasehosting.googleapis.com/v1beta1/projects/my-job-cd13f/sites/my-job-cd13f 200
[debug] [2026-09-04T15:31:56.051Z] <<< [apiv2][body] GET https://firebasehosting.googleapis.com/v1beta1/projects/my-job-cd13f/sites/my-job-cd13f {"name":"projects/my-job-cd13f/sites/my-job-cd13f","defaultUrl":"https://my-job-cd13f.web.app","appId":"1:419525639852:web:969f2ef332dcb8411b2909","type":"DEFAULT_SITE"}
[debug] [2026-09-04T15:31:56.052Z] Checked if tokens are valid: true, expires at: 1788539479722
[debug] [2026-09-04T15:31:56.053Z] Checked if tokens are valid: true, expires at: 1788539479722
[debug] [2026-09-04T15:31:56.053Z] >>> [apiv2][query] POST https://firebasehosting.googleapis.com/v1beta1/projects/-/sites/my-job-cd13f/versions [none]
[debug] [2026-09-04T15:31:56.053Z] >>> [apiv2][body] POST https://firebasehosting.googleapis.com/v1beta1/projects/-/sites/my-job-cd13f/versions {"status":"CREATED","labels":{"deployment-tool":"cli-firebase"}}
[debug] [2026-09-04T15:31:57.244Z] <<< [apiv2][status] POST https://firebasehosting.googleapis.com/v1beta1/projects/-/sites/my-job-cd13f/versions 200
[debug] [2026-09-04T15:31:57.244Z] <<< [apiv2][body] POST https://firebasehosting.googleapis.com/v1beta1/projects/-/sites/my-job-cd13f/versions {"name":"projects/419525639852/sites/my-job-cd13f/versions/c8898baf4549c3ae","status":"CREATED","config":{},"labels":{"deployment-tool":"cli-firebase"}}
[info] i  hosting[my-job-cd13f]: beginning deploy... 
[info] i  hosting[my-job-cd13f]: found 141 files in out 
[debug] [2026-09-04T15:31:57.266Z] [hosting] uploading with 200 concurrency
[debug] [2026-09-04T15:31:57.279Z] Checked if tokens are valid: true, expires at: 1788539479722
[debug] [2026-09-04T15:31:57.279Z] Checked if tokens are valid: true, expires at: 1788539479722
[debug] [2026-09-04T15:31:57.281Z] [hosting] hash cache [b3V0] stored for 141 files
[debug] [2026-09-04T15:31:57.281Z] [hosting][hash queue][FINAL] {"max":4,"min":0,"avg":1.6883695838968813,"active":0,"complete":141,"success":141,"errored":0,"retried":0,"total":141,"elapsed":12}
[debug] [2026-09-04T15:31:57.282Z] >>> [apiv2][query] POST https://firebasehosting.googleapis.com/v1beta1/projects/419525639852/sites/my-job-cd13f/versions/c8898baf4549c3ae:populateFiles [none]
[debug] [2026-09-04T15:31:57.282Z] >>> [apiv2][body] POST https://firebasehosting.googleapis.com/v1beta1/projects/419525639852/sites/my-job-cd13f/versions/c8898baf4549c3ae:populateFiles {"files":{"/__next.__PAGE__.txt":"b84fcf5494f362aee9efa97f13ddfc6e05ec5b013060693801bd155a3ac72af5","/__next._tree.txt":"26964ab6c8d57b75c2267d664997468c04719fab9e5ef20bead7e2f8a3799322","/__next._full.txt":"8fe93bff7d987c78a06cb56729df85026349c0d479836281ca8ff5cb59c82825","/_not-found.txt":"b0d204b17fadccb2b941a838cf29441f94466de7ab1837ac75fb33215c303325","/_not-found.html":"3ea54a58c9087b1b0f481f581ae23aa17eeab4b0b07ee1116bab1e693302327a","/window.svg":"6bd2003bd35bb32c1c0d99ab3aeac0cc1edaefd79f27df1d954bc87184048d74","/vercel.svg":"adad73eb72a4ef892c8efef528410541c38b99e7e541e8a8d5c94db686e13461","/tasks.txt":"186a125ea752e9a61135c52750453c5a1745dde35dab0818e97068eba4c49d85","/tasks.html":"2aa184951787c1a7c6ab8cd5df65d5f7087587a0c14f73ae1e758ac17463781b","/resources.txt":"3299622ec7c7dec2545a9a530ed4898bce2e75dd8669c31b984228f798acab2f","/resources.html":"b25a3da5985a5657760f6fec9eb5d620a53b9af33e9cb63a401d87ef95c03868","/profile.txt":"976c2332e08eb676b3fd8b99037ffa3db830b9db459bdc3cc7a9f553ea9ca862","/profile.html":"8f3ad72602d38624b25d7cdcf57983fee16a4a528964b6384a308e168c0a5c6f","/planner.txt":"93db455499234098ae3aabd3e8e1bd99d3ee3cf48b3c74b8c54ccf47415797d4","/planner.html":"255bb00a0fe34483e796e9558018274003cda9f6be4304a5ffdd14970e0a077a","/pdf.worker.min.mjs":"2582ee9e65d667c199b4cfe98617a83aaa57fadc3cd58f4b9585e2a9e895be7a","/onboarding.txt":"1831183d4ecc46762217b1082b8f0be3d1638cec1c973475430f01c45be9c412","/onboarding.html":"f026b16ad9e0fa47b74c4f161b07ff2ab03834773151a566ca631574d7b662ea","/notifications.txt":"80261c268b0c4cf713d1f2319dd1a06cc86937e1e4a024c7d8b8adef6464ecef","/notifications.html":"76a0261e9c9e4e2cc36f688ed5c297dfb1f056aeb51d2873bc09e244f46f80ac","/next.svg":"0665b9ab4493aa9d7e988b57024e28772ae543e804b8cf6b0a3633854b7c3c7f","/logo.jpg":"ca016c33abff117931bcf8e7820aa50a8d2168fb3115cccefa6b92d35b2ed272","/liked.txt":"c26134b34aee64d73ff4117945ce06a77943afef277b85b97b7163e6cbb061dc","/liked.html":"b83034fee773d20a2b3b6f2cce7405231c0c5b91b21d9e6158472cc7cf28540e","/index.txt":"8fe93bff7d987c78a06cb56729df85026349c0d479836281ca8ff5cb59c82825","/index.html":"98d09bf57cb41a6b27042b33739b1afb5c5f54055a7838d74f84b2f66f65ccc0","/icon.jpg":"ca016c33abff117931bcf8e7820aa50a8d2168fb3115cccefa6b92d35b2ed272","/goals.txt":"c7c342a0d73faf970defda71ae6a723c2a83ec4adb81c899b13977d188d1bbb8","/goals.html":"23fdd2d9ab4868d72348c21c823f40b4dfb85bef68bc202dcccba57fa2c13eb9","/globe.svg":"6502a3e6120bf2d6e8417e7c40bb57fb8a6954de9c86d3f43076a75b60cd23a2","/games.txt":"f645c608ca36a361fc465a6fc6ecfa10ed62dac52bbc2d6ed896795de87a1c95","/games.html":"851d12aa61aed8fbf667642904577fa6116942cd3bfa7bfe6af8d79983e7260c","/focus.txt":"829e6e36fbea5a5046c72b4d9341f7392e71adad73e96e80bfc668fd9e4c1724","/focus.html":"4c2c18e39621ee97b50b742b56880d3c20cfc80dfaf18e324467336f9323f2ca","/file.svg":"5a09df6187e21aa9a7d05094389385876ac93c818e1dcbb77a26a8fe408bf79c","/exams.txt":"eb54d6dd8754f453d22c7e585b946d5e8bad7cab8c85d84f57d8fed1863725ae","/exams.html":"a6101c49ed36c33464b6645b609bfd6dbae07ba00e43f2b02bd732cc0c4d6724","/docs.txt":"97ff87010f1864e17b2c1eddb3fbc7ea7a82aed574e869e4df25fed977e06a11","/docs.html":"06ff8c6c22173d01f0287cfe99e74d78894d461c621c3b804d18630c3c9c587c","/day.txt":"10f17bf7080af418151e9b89f7e284d491162023a0bc27611e639cb2c87a3e49","/day.html":"e7eec94143bf5ec6509732006d0ccf1839c4f6b6c853e8387dcfce7fa65ef4af","/attendance.txt":"becb752d99d703da848de211408682b5b1c421f519e8013f318518759eae9a1d","/attendance.html":"7d1b4c2db66bccfeeb6e19f11f86f0e6c354ad6c361e28705717a3ffb6c01aac","/apple-icon.jpg":"ca016c33abff117931bcf8e7820aa50a8d2168fb3115cccefa6b92d35b2ed272","/admin.txt":"31a458617934836e3a906fcee7265436bc154808452edc0e982754e2881b734e","/admin.html":"7a1a910b7e7a3a0c963278f48e7ca7e394f42a624742dd505fc3cd7370d35476","/404.html":"3ea54a58c9087b1b0f481f581ae23aa17eeab4b0b07ee1116bab1e693302327a","/_not-found/__next._tree.txt":"f7d0a68b78147c3e671fcf06f8f713d659cbd30a3dc37766e618d104940a4a07","/_not-found/__next._full.txt":"b0d204b17fadccb2b941a838cf29441f94466de7ab1837ac75fb33215c303325","/_not-found/__next._not-found/__PAGE__.txt":"b97b9c3076e3e421b6758d8b11c4a0ffd936818508c0d53b88851dae757c8eeb","/_next/static/NDDghL4ijNcoYLLjRTG3y/_ssgManifest.js":"dc28a4dc92fe352ed5d2201bd3972ce47691bc8e89e0400a68d1541d0567c6d5","/_next/static/NDDghL4ijNcoYLLjRTG3y/_clientMiddlewareManifest.js":"5e57f6166b702492ab9551af57e4546546c184673a4c0432f73b96f62820f7eb","/_next/static/NDDghL4ijNcoYLLjRTG3y/_buildManifest.js":"dcbe1c9b9159ca21caea98e1bad364012ae284e9551375ca62b83d2811efac91","/_next/static/media/icon.3t44vzrdi53j7.jpg":"ca016c33abff117931bcf8e7820aa50a8d2168fb3115cccefa6b92d35b2ed272","/_next/static/media/fef07dbb0973bf53-s.3p2_lha1f2xer.woff2":"4cd714514fc3454c1fdc247cf7be84c91aec7662e952cfe8c11cb8766ef8c3f4","/_next/static/media/caa3a2e1cccd8315-s.p.0wgildi0cnwt9.woff2":"a1862350cad8975186ec7d95e2c6f6ad548d6bd2219ffaa79420067bbf14ad49","/_next/static/media/bbc41e54d2fcbd21-s.1rgnod-3esatf.woff2":"4dbb7256d9d00e9a17abbebde8158aed37ed52ea1eb5d89ee1bf46c267c6503c","/_next/static/media/apple-icon.3t44vzrdi53j7.jpg":"ca016c33abff117931bcf8e7820aa50a8d2168fb3115cccefa6b92d35b2ed272","/_next/static/media/8a480f0b521d4e75-s.1qq4vpdcun5oj.woff2":"9e317fb808ec4714d6144f277f4de983b017fe5f3753369936ad5359f06b02e5","/_next/static/media/7d817b4c03b0c5f1-s.1uyisp29ctx0d.woff2":"da5b8e216b8eee28084975264aa5d7f97a5d3f120e08eec863ecd115d25dd71f","/_next/static/media/797e433ab948586e-s.p.0r6juujl39pe6.woff2":"17e78e12743a2b7e03c7884282eb91f02614295c7be958eccadf5bae76736f95","/_next/static/media/7178b3e590c64307-s.21jp631_3pja2.woff2":"9db501bf314e8bcbd31ac7f79495753a2a2da4243c362edc5f07928f3c9146a0","/_next/static/media/6306c77e7c8268e4-s.2dbetqa9o8jxf.woff2":"ea578227833360be14c93f3d1deefa6c7b0121157da02c1196802ea37710ef38","/_next/static/media/5ce348bf30bf5439-s.31988l_ccedte.woff2":"03421b339031c94c0ccae52a61151ef819a86c92f3253fc112962cd66a237712","/_next/static/media/53b9e256198e5412-s.390ncx5urfkfu.woff2":"4e4038e4cb17b1349cc9c717fca51c0e00782a2093bd8a939efc70e5d78bceb7","/_next/static/media/4fa387ec64143e14-s.2tuy5pz7dlieh.woff2":"fbc4b0ae2f6fd54ec1611da4612c306a0b574d138013f467a4e90af735cc97a4","/_next/static/chunks/turbopack-1q-g338g0yvlc.js":"a96efabd68f1d782817b8b67a255d3f857c09528a701a32f36cbb16b5b7743fa","/_next/static/chunks/4561u0v7ysn3r.js":"28bf11182f4fb42d199349bd056455bae4f45efb4ae25434bf34367d8dab2a99","/_next/static/chunks/424ex9qdi3x-_.js":"a172809eee85edacf275da8fe1e32240831b238682a75ec386fbdd5070a03abe","/_next/static/chunks/3yfl9fgvivx3-.js":"2bda140da1ab448c0ffad2799d1e5248d4b0777412b3d3edd33c976b7279e852","/_next/static/chunks/3ybztev-wy0jr.js":"28da5eab8a94fba4e49352c75932f738d377bd4cf79fc3de11e5d56b9574e940","/_next/static/chunks/3to1zi829x-pv.js":"7b33e6697a6650843348b5e85146e7b4dfcb7882b3012eb226be7fff9243c279","/_next/static/chunks/3s1j3acoy2ohw.js":"76cbb486b6ba2d6f4a46f81ea6f957de2f2e6af59242608646ce6a47338b6926","/_next/static/chunks/3jahpfigzh_cp.js":"09d91ac00617f8dd51be0772b507c086ae164dc0cd595ecb7f71affdc2e7c7bf","/_next/static/chunks/3i_cyg4wdjbs3.js":"652128434fd6909518f5d52115cc473216f3aa4ee872a70f80ec3b385bbd1a0c","/_next/static/chunks/3fntmmi971322.js":"bf886fbb3963f24b5eebcc6e33a72605a3e77fdc28771ad9f706f86109e26534","/_next/static/chunks/3aj00caz3j4xz.js":"c87c8630ce7eb13f8892ffb0ccf2733ec12d5a839467d05b950e4edc896bbaf4","/_next/static/chunks/2v0tpxf_pxrem.js":"51312701c3616c1692e040e36ec7d619d093bae42908b76abe1391da759ab94d","/_next/static/chunks/2igf71_yyt5xk.js":"adcd47b31cc50f78c0c57528ef15b95dfb862775aaf92af40476b3bff6e9c97f","/_next/static/chunks/273azql_f4t0h.js":"16a62ccb632c751c8de291567b5844b4afbb8f1600809077a96613e347e73b02","/_next/static/chunks/2279vmyssjkrl.js":"b4def7aca812c71e5828a16079c002ad79b2dd5acd6b567a80462539589a53af","/_next/static/chunks/1uw_l0xxx8sw6.css":"ffb19942e9597ef801de06a380a1474aba5effa4bc6f8d21df3242a348be8474","/_next/static/chunks/1tf_7tyqr_zf3.js":"d1067cd3423d7409407c2c40fd3600a3427f61ea6ffe16687e23518396664c18","/_next/static/chunks/1qy1w9wnd7ma8.js":"7495e94bcbae3fbc3e88f31523ece45dbe5be6af67f8b2a24e9fe42b398d3f3b","/_next/static/chunks/1k6ni5zd3ivdm.js":"758b86072c174ec3f056b2df8367f5529674da55bf886cc6c6b9ab3e9c3790b3","/_next/static/chunks/1d2uq89bxp0p0.js":"e7ff2ef317a4208676161d3da1fa081c855717c11ca7ed4a32ed58156236689d","/_next/static/chunks/18a2gy_21p3wb.js":"a34aaa943a9bf49fa0a3b3ed88e0a4b0cc1aadd116cf72c261733220509cd083","/_next/static/chunks/11jq0c2_zavac.js":"8b1c583c2b5026d6c4b1b32e720e47ea6b4d8dccb34e655d468095814a328bab","/_next/static/chunks/0_tqe3gnuk7-c.js":"b50f58b835f5ae01efea01b16da9b6bc83cc92b4fce872d18bfb9c810f0771b2","/_next/static/chunks/0trtjo6t-pe4v.js":"85778f90430b4ac86232451996bb332d5cc04f60c4577f661c4c0ddbbbc74f1d","/_next/static/chunks/0k9dpd1s_o-ou.js":"270200004571dcce3788061e3cfaea844e4d58e41f74c17eeef334635f774f29","/_next/static/chunks/0k1z5gyzve4ix.js":"a8e2a410aa10e449d49cd29c9fe4ba6552cdc09bf21c531ab682419ac095d66c","/_next/static/chunks/0cz1d0mv5g_q7.js":"18e28d3214eda45048d80d3925ea7627b809e69ad2e95f7f98459e9146a61c3d","/_next/static/chunks/08pvuezahzukt.js":"651b80dcf4b538ec9f165aa891ba6b766e3fd5d73a6bee473d5274a45531d90d","/_next/static/chunks/01mybq_k9nbwc.js":"811621174a8a7cd41988907ca1f247e3bc59ce3f19802316d118410bf576ebbb","/_next/static/chunks/00n_jzhk8o2cr.js":"9b1ea88e23964c64f27c0a12e56aa1dd022be257557899a1edb58c8c263f3368","/tasks/__next._tree.txt":"684fad1d6bb2e6ecde920805b0925aebe1362488873fbf5b04d20c7daf94db11","/tasks/__next._full.txt":"186a125ea752e9a61135c52750453c5a1745dde35dab0818e97068eba4c49d85","/tasks/__next.tasks/__PAGE__.txt":"b25ccc3805bc8a023c5ebf1c0b5ec94ddcbcf1b64b19d876f487a200f7ece5cc","/resources/__next._tree.txt":"ecc05341e98e1e3459d52a34d21f22da0c265680028d7820421a76b60688772e","/resources/__next._full.txt":"3299622ec7c7dec2545a9a530ed4898bce2e75dd8669c31b984228f798acab2f","/resources/__next.resources/__PAGE__.txt":"a0d59eaac57df569f2b7cb6f913c6a57f1b42886e26581aff19d9940a0fbe34a","/profile/__next._tree.txt":"8503020b2ce88e243cb59c7adcce45f28e9c9f06730257582ee48a70b366f97c","/profile/__next._full.txt":"976c2332e08eb676b3fd8b99037ffa3db830b9db459bdc3cc7a9f553ea9ca862","/profile/__next.profile/__PAGE__.txt":"f3315ca2c721458fe9125bc208986ce343cde2ca8cf9430764954510551b3172","/planner/__next._tree.txt":"df16d7c7cf7cacaca071195f6ee4fb1c294403d949cfacdc87ba9a464e200c87","/planner/__next._full.txt":"93db455499234098ae3aabd3e8e1bd99d3ee3cf48b3c74b8c54ccf47415797d4","/planner/__next.planner/__PAGE__.txt":"97319705d40d87e1ab09d67246d3360f1b22f4a2a9546ce026bc3039a8d50993","/onboarding/__next._tree.txt":"5af2d5132aacc011c0c95bf14e1f2fa1c1de92a4c13c7b0b1c98b89030e32d45","/onboarding/__next._full.txt":"1831183d4ecc46762217b1082b8f0be3d1638cec1c973475430f01c45be9c412","/onboarding/__next.onboarding/__PAGE__.txt":"679d2e4b9b403257a40567bd6842ee4e72ff21419be708b4c899f9b60fbf4cab","/notifications/__next._tree.txt":"dae5b3bc4dee07f7575c24076f9b19798a28add18e9a7af6c3b3dfb5334e797e","/notifications/__next._full.txt":"80261c268b0c4cf713d1f2319dd1a06cc86937e1e4a024c7d8b8adef6464ecef","/notifications/__next.notifications/__PAGE__.txt":"356808c0f7e4d44866008ab9fc4da632e3a7b0f6becea7e39793749efb11fae9","/liked/__next._tree.txt":"3a559fd48d87090e5a8eb7df0c39d0b69728990cc61436bd33d76c4ef8a6eceb","/liked/__next._full.txt":"c26134b34aee64d73ff4117945ce06a77943afef277b85b97b7163e6cbb061dc","/liked/__next.liked/__PAGE__.txt":"dde2e8b841b271dbaafacd45ab3a849a27cef603a17382ee3829028f2712ab41","/goals/__next._tree.txt":"50511f96fabcfbade9d9ce8e817b97c7733f13bef939c9c69acf7d1344d5e4b6","/goals/__next._full.txt":"c7c342a0d73faf970defda71ae6a723c2a83ec4adb81c899b13977d188d1bbb8","/goals/__next.goals/__PAGE__.txt":"bdb29d1b69314cf1dd389b4142ae69600934e443347fb2be076d7c01300df4b1","/games/__next._tree.txt":"a6846eaa75b7d105faa65a81cac8cd2e25ce568a0eca5bc190f8f6dfcc6dffa9","/games/__next._full.txt":"f645c608ca36a361fc465a6fc6ecfa10ed62dac52bbc2d6ed896795de87a1c95","/games/__next.games/__PAGE__.txt":"cde789cb286bb3b8ba5277c394a65748f68a107a963628ebe901dc6d35e2f03c","/focus/__next._tree.txt":"c62a68fc622ef20b8307abe9a6a355d3a4dcdadd1d04a81d89a941019c9ee0bf","/focus/__next._full.txt":"829e6e36fbea5a5046c72b4d9341f7392e71adad73e96e80bfc668fd9e4c1724","/focus/__next.focus/__PAGE__.txt":"1515de65fe8d5a00df72c1f379ac1d0bbe5be7bc59d16cf69bbf0db63aa98139","/exams/__next._tree.txt":"524b4b6a0609e12490f76b0465bbc8a8acb70937a4d8487634fe82f0fc9e6313","/exams/__next._full.txt":"eb54d6dd8754f453d22c7e585b946d5e8bad7cab8c85d84f57d8fed1863725ae","/exams/__next.exams/__PAGE__.txt":"c787cdcb449b7625eeae276287383d206151c8f86230d2ce07b60ef663bf3b90","/docs/__next._tree.txt":"1529d21e039f31168a74c776fee8f42005bf3b187a4681435138e3e3d694633e","/docs/__next._full.txt":"97ff87010f1864e17b2c1eddb3fbc7ea7a82aed574e869e4df25fed977e06a11","/docs/__next.docs/__PAGE__.txt":"032d74d5bbddc616f639a6d326ae1a9bb2899d9eaf3504c693e315dee45e9c22","/day/__next._tree.txt":"f3f327070595e2d733e64edb1ed8243c0419d5df91ae942cdccbb6b632334779","/day/__next._full.txt":"10f17bf7080af418151e9b89f7e284d491162023a0bc27611e639cb2c87a3e49","/day/__next.day/__PAGE__.txt":"f6c5463d0daeef471c1db848a759be7bb28056a78dea53633bac578ff31356f3","/attendance/__next._tree.txt":"128a7124e25da7d49ef3a116a11f12f297629db1e07933d710f0773c59297ea9","/attendance/__next._full.txt":"becb752d99d703da848de211408682b5b1c421f519e8013f318518759eae9a1d","/attendance/__next.attendance/__PAGE__.txt":"3a9c0caf338029cd533c3b48e19febb403bfe8f5d81ad37e5b8d878e5fbbaf69","/admin/__next._tree.txt":"d7666855f717dd02650291a85657f6b6973daf741924e1e980a6e180bae84510","/admin/__next._full.txt":"31a458617934836e3a906fcee7265436bc154808452edc0e982754e2881b734e","/admin/__next.admin/__PAGE__.txt":"7e8ca08af3a2514e3221cf169f238f848b4edabda830b1fede2e70d04aef1aad"}}
[debug] [2026-09-04T15:31:58.151Z] <<< [apiv2][status] POST https://firebasehosting.googleapis.com/v1beta1/projects/419525639852/sites/my-job-cd13f/versions/c8898baf4549c3ae:populateFiles 200
[debug] [2026-09-04T15:31:58.151Z] <<< [apiv2][body] POST https://firebasehosting.googleapis.com/v1beta1/projects/419525639852/sites/my-job-cd13f/versions/c8898baf4549c3ae:populateFiles {"uploadUrl":"https://upload-firebasehosting.googleapis.com/upload/sites/my-job-cd13f/versions/c8898baf4549c3ae/files"}
[debug] [2026-09-04T15:31:58.151Z] [hosting][populate queue][FINAL] {"max":872,"min":872,"avg":872,"active":0,"complete":1,"success":1,"errored":0,"retried":0,"total":1,"elapsed":872}
[debug] [2026-09-04T15:31:58.151Z] [hosting] uploads queued: 0
[debug] [2026-09-04T15:31:58.151Z] [hosting][upload queue][FINAL] {"max":0,"min":9999999999,"avg":0,"active":0,"complete":0,"success":0,"errored":0,"retried":0,"total":0,"elapsed":1788535918151}
[info] i  hosting: upload complete 
[info] +  hosting[my-job-cd13f]: file upload complete 
[debug] [2026-09-04T15:31:58.151Z] [hosting] deploy completed after 905ms
[debug] [2026-09-04T15:31:58.151Z] [
  {
    "config": {
      "public": "out",
      "ignore": [
        "firebase.json",
        "**/.*",
        "**/node_modules/**"
      ],
      "site": "my-job-cd13f"
    },
    "version": "projects/419525639852/sites/my-job-cd13f/versions/c8898baf4549c3ae"
  }
]
[info] i  hosting[my-job-cd13f]: finalizing version... 
[debug] [2026-09-04T15:31:58.152Z] Checked if tokens are valid: true, expires at: 1788539479722
[debug] [2026-09-04T15:31:58.152Z] Checked if tokens are valid: true, expires at: 1788539479722
[debug] [2026-09-04T15:31:58.153Z] >>> [apiv2][query] PATCH https://firebasehosting.googleapis.com/v1beta1/projects/-/sites/my-job-cd13f/versions/c8898baf4549c3ae updateMask=status%2Cconfig
[debug] [2026-09-04T15:31:58.153Z] >>> [apiv2][body] PATCH https://firebasehosting.googleapis.com/v1beta1/projects/-/sites/my-job-cd13f/versions/c8898baf4549c3ae {"status":"FINALIZED","config":{}}
[debug] [2026-09-04T15:31:58.819Z] <<< [apiv2][status] PATCH https://firebasehosting.googleapis.com/v1beta1/projects/-/sites/my-job-cd13f/versions/c8898baf4549c3ae 200
[debug] [2026-09-04T15:31:58.820Z] <<< [apiv2][body] PATCH https://firebasehosting.googleapis.com/v1beta1/projects/-/sites/my-job-cd13f/versions/c8898baf4549c3ae {"name":"projects/419525639852/sites/my-job-cd13f/versions/c8898baf4549c3ae","status":"FINALIZED","config":{},"labels":{"deployment-tool":"cli-firebase"},"createTime":"2026-09-04T15:31:55.951072Z","createUser":{"email":"ayushkumard31@gmail.com"},"finalizeTime":"2026-09-04T15:31:58.044309Z","finalizeUser":{"email":"ayushkumard31@gmail.com"}}
[debug] [2026-09-04T15:31:58.820Z] [hosting] finalized version for my-job-cd13f:[object Object]
[info] +  hosting[my-job-cd13f]: version finalized 
[info] i  hosting[my-job-cd13f]: releasing new version... 
[debug] [2026-09-04T15:31:58.820Z] Checked if tokens are valid: true, expires at: 1788539479722
[debug] [2026-09-04T15:31:58.820Z] Checked if tokens are valid: true, expires at: 1788539479722
[debug] [2026-09-04T15:31:58.820Z] >>> [apiv2][query] POST https://firebasehosting.googleapis.com/v1beta1/projects/-/sites/my-job-cd13f/channels/live/releases versionName=projects%2F419525639852%2Fsites%2Fmy-job-cd13f%2Fversions%2Fc8898baf4549c3ae
[debug] [2026-09-04T15:31:58.820Z] >>> [apiv2][body] POST https://firebasehosting.googleapis.com/v1beta1/projects/-/sites/my-job-cd13f/channels/live/releases {}
[debug] [2026-09-04T15:31:59.743Z] <<< [apiv2][status] POST https://firebasehosting.googleapis.com/v1beta1/projects/-/sites/my-job-cd13f/channels/live/releases 200
[debug] [2026-09-04T15:42:17.742Z] ----------------------------------------------------------------------
[debug] [2026-09-04T15:42:17.745Z] Command:       C:\Program Files\nodejs\node.exe C:\Users\ayush\AppData\Roaming\npm\node_modules\firebase-tools\lib\bin\firebase.js deploy --only firestore:rules --project my-job-cd13f
[debug] [2026-09-04T15:42:17.745Z] CLI Version:   15.29.0
[debug] [2026-09-04T15:42:17.746Z] Platform:      win32
[debug] [2026-09-04T15:42:17.746Z] Node Version:  v26.5.0
[debug] [2026-09-04T15:42:17.746Z] Detected Agent: codex_cli
[debug] [2026-09-04T15:42:17.746Z] Time:          Fri Sep 04 2026 21:12:17 GMT+0530 (India Standard Time)
[debug] [2026-09-04T15:42:17.746Z] ----------------------------------------------------------------------
[debug] 
[debug] [2026-09-04T15:42:19.317Z] > command requires scopes: ["email","openid","https://www.googleapis.com/auth/cloudplatformprojects.readonly","https://www.googleapis.com/auth/firebase","https://www.googleapis.com/auth/cloud-platform"]
[debug] [2026-09-04T15:42:19.318Z] > authorizing via signed-in user (ayushkumard31@gmail.com)
[debug] [2026-09-04T15:42:19.318Z] [iam] checking project my-job-cd13f for permissions ["datastore.indexes.create","datastore.indexes.delete","datastore.indexes.list","datastore.indexes.update","firebase.projects.get"]
[debug] [2026-09-04T15:42:19.336Z] Checked if tokens are valid: true, expires at: 1788539479722
[debug] [2026-09-04T15:42:19.336Z] Checked if tokens are valid: true, expires at: 1788539479722
[debug] [2026-09-04T15:42:19.338Z] >>> [apiv2][query] POST https://cloudresourcemanager.googleapis.com/v1/projects/my-job-cd13f:testIamPermissions [none]
[debug] [2026-09-04T15:42:19.338Z] >>> [apiv2][(partial)header] POST https://cloudresourcemanager.googleapis.com/v1/projects/my-job-cd13f:testIamPermissions  x-goog-user-project=my-job-cd13f
[debug] [2026-09-04T15:42:19.338Z] >>> [apiv2][body] POST https://cloudresourcemanager.googleapis.com/v1/projects/my-job-cd13f:testIamPermissions {"permissions":["datastore.indexes.create","datastore.indexes.delete","datastore.indexes.list","datastore.indexes.update","firebase.projects.get"]}
[debug] [2026-09-04T15:42:21.009Z] <<< [apiv2][status] POST https://cloudresourcemanager.googleapis.com/v1/projects/my-job-cd13f:testIamPermissions 200
[debug] [2026-09-04T15:42:21.009Z] <<< [apiv2][body] POST https://cloudresourcemanager.googleapis.com/v1/projects/my-job-cd13f:testIamPermissions {"permissions":["datastore.indexes.create","datastore.indexes.delete","datastore.indexes.list","datastore.indexes.update","firebase.projects.get"]}
[info] 
[info] === Deploying to 'my-job-cd13f'...
[info] 
[info] i  deploying firestore 
[info] i  firestore: ensuring required API firestore.googleapis.com is enabled... 
[info] i  firestore: ensuring required API firestore.googleapis.com is enabled... 
[debug] [2026-09-04T15:42:21.013Z] Checked if tokens are valid: true, expires at: 1788539479722
[debug] [2026-09-04T15:42:21.014Z] Checked if tokens are valid: true, expires at: 1788539479722
[debug] [2026-09-04T15:42:21.014Z] >>> [apiv2][query] GET https://firestore.googleapis.com/v1/projects/my-job-cd13f/databases/(default) [none]
[debug] [2026-09-04T15:42:21.555Z] <<< [apiv2][status] GET https://firestore.googleapis.com/v1/projects/my-job-cd13f/databases/(default) 200
[debug] [2026-09-04T15:42:21.555Z] <<< [apiv2][body] GET https://firestore.googleapis.com/v1/projects/my-job-cd13f/databases/(default) {"name":"projects/my-job-cd13f/databases/(default)","uid":"a380bc56-19d9-437c-9480-78ba3e58121b","createTime":"2026-08-10T11:33:02.078864Z","updateTime":"2026-08-10T11:33:02.078864Z","locationId":"asia-south1","type":"FIRESTORE_NATIVE","concurrencyMode":"PESSIMISTIC","versionRetentionPeriod":"3600s","earliestVersionTime":"2026-09-04T14:42:20.923805Z","appEngineIntegrationMode":"DISABLED","keyPrefix":"j","pointInTimeRecoveryEnablement":"POINT_IN_TIME_RECOVERY_DISABLED","deleteProtectionState":"DELETE_PROTECTION_DISABLED","databaseEdition":"STANDARD","freeTier":true,"realtimeUpdatesMode":"REALTIME_UPDATES_MODE_ENABLED","enhancedTextSearchQueryMode":"ENHANCED_QUERY_MODE_ENABLED","etag":"IMeNwumh1ZYDMPyCl63+lZYD"}
[info] i  cloud.firestore: checking firestore.rules for compilation errors... 
[debug] [2026-09-04T15:42:21.556Z] Checked if tokens are valid: true, expires at: 1788539479722
[debug] [2026-09-04T15:42:21.556Z] Checked if tokens are valid: true, expires at: 1788539479722
[debug] [2026-09-04T15:42:21.557Z] >>> [apiv2][query] POST https://firebaserules.googleapis.com/v1/projects/my-job-cd13f:test [none]
[debug] [2026-09-04T15:42:21.557Z] >>> [apiv2][body] POST https://firebaserules.googleapis.com/v1/projects/my-job-cd13f:test [omitted]
[debug] [2026-09-04T15:42:23.286Z] <<< [apiv2][status] POST https://firebaserules.googleapis.com/v1/projects/my-job-cd13f:test 200
[debug] [2026-09-04T15:42:23.286Z] <<< [apiv2][body] POST https://firebaserules.googleapis.com/v1/projects/my-job-cd13f:test {}
[info] +  cloud.firestore: rules file firestore.rules compiled successfully 
[debug] [2026-09-04T15:42:23.287Z] Checked if tokens are valid: true, expires at: 1788539479722
[debug] [2026-09-04T15:42:23.287Z] Checked if tokens are valid: true, expires at: 1788539479722
[debug] [2026-09-04T15:42:23.291Z] >>> [apiv2][query] GET https://firebaserules.googleapis.com/v1/projects/my-job-cd13f/releases pageSize=10&pageToken=
[debug] [2026-09-04T15:42:24.761Z] <<< [apiv2][status] GET https://firebaserules.googleapis.com/v1/projects/my-job-cd13f/releases 200
[debug] [2026-09-04T15:42:24.761Z] <<< [apiv2][body] GET https://firebaserules.googleapis.com/v1/projects/my-job-cd13f/releases {"releases":[{"name":"projects/my-job-cd13f/releases/cloud.firestore","rulesetName":"projects/my-job-cd13f/rulesets/70cfefed-4ae9-44b3-b9b7-e1f587493c53","createTime":"2026-08-10T11:33:07.423664Z","updateTime":"2026-08-10T12:40:41.985782Z"}]}
[debug] [2026-09-04T15:42:24.761Z] Checked if tokens are valid: true, expires at: 1788539479722
[debug] [2026-09-04T15:42:24.761Z] Checked if tokens are valid: true, expires at: 1788539479722
[debug] [2026-09-04T15:42:24.761Z] >>> [apiv2][query] GET https://firebaserules.googleapis.com/v1/projects/my-job-cd13f/rulesets/70cfefed-4ae9-44b3-b9b7-e1f587493c53 [none]
[debug] [2026-09-04T15:42:26.210Z] <<< [apiv2][status] GET https://firebaserules.googleapis.com/v1/projects/my-job-cd13f/rulesets/70cfefed-4ae9-44b3-b9b7-e1f587493c53 200
[debug] [2026-09-04T15:42:26.210Z] <<< [apiv2][body] GET https://firebaserules.googleapis.com/v1/projects/my-job-cd13f/rulesets/70cfefed-4ae9-44b3-b9b7-e1f587493c53 [omitted]
[info] i  firestore: latest version of firestore.rules already up to date, skipping upload... 
[debug] [2026-09-04T15:42:26.211Z] [rules] releasing cloud.firestore with ruleset projects/my-job-cd13f/rulesets/70cfefed-4ae9-44b3-b9b7-e1f587493c53
[debug] [2026-09-04T15:42:26.211Z] Checked if tokens are valid: true, expires at: 1788539479722
[debug] [2026-09-04T15:42:26.211Z] Checked if tokens are valid: true, expires at: 1788539479722
[debug] [2026-09-04T15:42:26.212Z] >>> [apiv2][query] PATCH https://firebaserules.googleapis.com/v1/projects/my-job-cd13f/releases/cloud.firestore [none]
[debug] [2026-09-04T15:42:26.212Z] >>> [apiv2][body] PATCH https://firebaserules.googleapis.com/v1/projects/my-job-cd13f/releases/cloud.firestore {"release":{"name":"projects/my-job-cd13f/releases/cloud.firestore","rulesetName":"projects/my-job-cd13f/rulesets/70cfefed-4ae9-44b3-b9b7-e1f587493c53"}}
[debug] [2026-09-04T15:42:27.707Z] <<< [apiv2][status] PATCH https://firebaserules.googleapis.com/v1/projects/my-job-cd13f/releases/cloud.firestore 200
[debug] [2026-09-04T16:10:47.181Z] ----------------------------------------------------------------------
[debug] [2026-09-04T16:10:47.184Z] Command:       C:\Program Files\nodejs\node.exe C:\Users\ayush\AppData\Roaming\npm\node_modules\firebase-tools\lib\bin\firebase.js deploy --only hosting --project my-job-cd13f
[debug] [2026-09-04T16:10:47.184Z] CLI Version:   15.29.0
[debug] [2026-09-04T16:10:47.184Z] Platform:      win32
[debug] [2026-09-04T16:10:47.184Z] Node Version:  v26.5.0
[debug] [2026-09-04T16:10:47.185Z] Detected Agent: codex_cli
[debug] [2026-09-04T16:10:47.185Z] Time:          Fri Sep 04 2026 21:40:47 GMT+0530 (India Standard Time)
[debug] [2026-09-04T16:10:47.185Z] ----------------------------------------------------------------------
[debug] 
[debug] [2026-09-04T16:11:10.580Z] > command requires scopes: ["email","openid","https://www.googleapis.com/auth/cloudplatformprojects.readonly","https://www.googleapis.com/auth/firebase","https://www.googleapis.com/auth/cloud-platform"]
[debug] [2026-09-04T16:11:10.581Z] > authorizing via signed-in user (ayushkumard31@gmail.com)
[debug] [2026-09-04T16:11:10.581Z] [iam] checking project my-job-cd13f for permissions ["firebase.projects.get","firebasehosting.sites.update"]
[debug] [2026-09-04T16:11:10.607Z] Checked if tokens are valid: true, expires at: 1788539479722
[debug] [2026-09-04T16:11:10.607Z] Checked if tokens are valid: true, expires at: 1788539479722
[debug] [2026-09-04T16:11:10.608Z] >>> [apiv2][query] POST https://cloudresourcemanager.googleapis.com/v1/projects/my-job-cd13f:testIamPermissions [none]
[debug] [2026-09-04T16:11:10.609Z] >>> [apiv2][(partial)header] POST https://cloudresourcemanager.googleapis.com/v1/projects/my-job-cd13f:testIamPermissions  x-goog-user-project=my-job-cd13f
[debug] [2026-09-04T16:11:10.609Z] >>> [apiv2][body] POST https://cloudresourcemanager.googleapis.com/v1/projects/my-job-cd13f:testIamPermissions {"permissions":["firebase.projects.get","firebasehosting.sites.update"]}
[debug] [2026-09-04T16:11:12.164Z] <<< [apiv2][status] POST https://cloudresourcemanager.googleapis.com/v1/projects/my-job-cd13f:testIamPermissions 200
[debug] [2026-09-04T16:11:12.164Z] <<< [apiv2][body] POST https://cloudresourcemanager.googleapis.com/v1/projects/my-job-cd13f:testIamPermissions {"permissions":["firebase.projects.get","firebasehosting.sites.update"]}
[debug] [2026-09-04T16:11:12.164Z] Checked if tokens are valid: true, expires at: 1788539479722
[debug] [2026-09-04T16:11:12.164Z] Checked if tokens are valid: true, expires at: 1788539479722
[debug] [2026-09-04T16:11:12.165Z] >>> [apiv2][query] GET https://firebase.googleapis.com/v1beta1/projects/my-job-cd13f [none]
[debug] [2026-09-04T16:11:12.920Z] <<< [apiv2][status] GET https://firebase.googleapis.com/v1beta1/projects/my-job-cd13f 200
[debug] [2026-09-04T16:11:12.920Z] <<< [apiv2][body] GET https://firebase.googleapis.com/v1beta1/projects/my-job-cd13f {"projectId":"my-job-cd13f","projectNumber":"419525639852","displayName":"My-job","name":"projects/my-job-cd13f","resources":{"hostingSite":"my-job-cd13f"},"state":"ACTIVE","labels":{"firebase":"enabled"},"etag":"1_73a1ae8e-2ed8-4dfb-a262-fa19110c8d58"}
[info] 
[info] === Deploying to 'my-job-cd13f'...
[info] 
[info] i  deploying hosting 
[debug] [2026-09-04T16:11:12.923Z] Checked if tokens are valid: true, expires at: 1788539479722
[debug] [2026-09-04T16:11:12.923Z] Checked if tokens are valid: true, expires at: 1788539479722
[debug] [2026-09-04T16:11:12.924Z] >>> [apiv2][query] GET https://firebasehosting.googleapis.com/v1beta1/projects/my-job-cd13f/sites/my-job-cd13f [none]
[debug] [2026-09-04T16:11:14.512Z] <<< [apiv2][status] GET https://firebasehosting.googleapis.com/v1beta1/projects/my-job-cd13f/sites/my-job-cd13f 200
[debug] [2026-09-04T16:11:14.512Z] <<< [apiv2][body] GET https://firebasehosting.googleapis.com/v1beta1/projects/my-job-cd13f/sites/my-job-cd13f {"name":"projects/my-job-cd13f/sites/my-job-cd13f","defaultUrl":"https://my-job-cd13f.web.app","appId":"1:419525639852:web:969f2ef332dcb8411b2909","type":"DEFAULT_SITE"}
[debug] [2026-09-04T16:11:14.515Z] Checked if tokens are valid: true, expires at: 1788539479722
[debug] [2026-09-04T16:11:14.515Z] Checked if tokens are valid: true, expires at: 1788539479722
[debug] [2026-09-04T16:11:14.515Z] >>> [apiv2][query] POST https://firebasehosting.googleapis.com/v1beta1/projects/-/sites/my-job-cd13f/versions [none]
[debug] [2026-09-04T16:11:14.515Z] >>> [apiv2][body] POST https://firebasehosting.googleapis.com/v1beta1/projects/-/sites/my-job-cd13f/versions {"status":"CREATED","labels":{"deployment-tool":"cli-firebase"}}
[debug] [2026-09-04T16:11:15.635Z] <<< [apiv2][status] POST https://firebasehosting.googleapis.com/v1beta1/projects/-/sites/my-job-cd13f/versions 200
[debug] [2026-09-04T16:11:15.636Z] <<< [apiv2][body] POST https://firebasehosting.googleapis.com/v1beta1/projects/-/sites/my-job-cd13f/versions {"name":"projects/419525639852/sites/my-job-cd13f/versions/d686f30a7fcecbbf","status":"CREATED","config":{},"labels":{"deployment-tool":"cli-firebase"}}
[info] i  hosting[my-job-cd13f]: beginning deploy... 
[info] i  hosting[my-job-cd13f]: found 153 files in out 
[debug] [2026-09-04T16:11:15.665Z] [hosting] uploading with 200 concurrency
[debug] [2026-09-04T16:11:16.151Z] Checked if tokens are valid: true, expires at: 1788539479722
[debug] [2026-09-04T16:11:16.151Z] Checked if tokens are valid: true, expires at: 1788539479722
[debug] [2026-09-04T16:11:16.152Z] [hosting] hash cache [b3V0] stored for 153 files
[debug] [2026-09-04T16:11:16.153Z] [hosting][hash queue][FINAL] {"max":431,"min":3,"avg":97.37254901960783,"active":0,"complete":153,"success":153,"errored":0,"retried":0,"total":153,"elapsed":485}
[debug] [2026-09-04T16:11:16.154Z] >>> [apiv2][query] POST https://firebasehosting.googleapis.com/v1beta1/projects/419525639852/sites/my-job-cd13f/versions/d686f30a7fcecbbf:populateFiles [none]
[debug] [2026-09-04T16:11:16.154Z] >>> [apiv2][body] POST https://firebasehosting.googleapis.com/v1beta1/projects/419525639852/sites/my-job-cd13f/versions/d686f30a7fcecbbf:populateFiles {"files":{"/window.svg":"6bd2003bd35bb32c1c0d99ab3aeac0cc1edaefd79f27df1d954bc87184048d74","/vercel.svg":"adad73eb72a4ef892c8efef528410541c38b99e7e541e8a8d5c94db686e13461","/pdf.worker.min.mjs":"2582ee9e65d667c199b4cfe98617a83aaa57fadc3cd58f4b9585e2a9e895be7a","/next.svg":"0665b9ab4493aa9d7e988b57024e28772ae543e804b8cf6b0a3633854b7c3c7f","/logo.jpg":"ca016c33abff117931bcf8e7820aa50a8d2168fb3115cccefa6b92d35b2ed272","/globe.svg":"6502a3e6120bf2d6e8417e7c40bb57fb8a6954de9c86d3f43076a75b60cd23a2","/file.svg":"5a09df6187e21aa9a7d05094389385876ac93c818e1dcbb77a26a8fe408bf79c","/__next._tree.txt":"346caed7e340a46f40d457f893f0a0e71fdc9922a75c2c98095cfae827721cd1","/_not-found.txt":"27aa6d373f62a13746160fd38cf08784ece79efad53e02774c407c5ef9b576f2","/__next.__PAGE__.txt":"9efbc2228db36b7d069c2c43486c2dac9c46baf2a74aeb12a9a528bb081da7ed","/__next._full.txt":"2c6f568bd74de7168e571a7390292aad4715a9bcb49cc7dbc57d42c3c1d01257","/tasks.txt":"6d6e82303f2aedd9bd7a432d61b76b311d62a4458f6e86779facd247a2eca0d7","/resources.txt":"9cbc1bcf13c6baa8cbfae27ec6f3192c8522f25c6a36d6de75c59c9d00a1c10f","/tasks.html":"d58cb3a8e17ee41084db9c8bb13d1fe757e9abe7aa3a0688b7743a71c38bfdbb","/profile.txt":"fc4a4057d835407bc50205eb324ec32ac3744201623289f857876fe270d2e3c9","/_not-found.html":"77c282f436d60c03a6bc22fb362cc8c8400bacc2dc2e830a4bbdc9984738d8b7","/resources.html":"e341425944ce426ddb73dbca2abdc54d9dd4ac211e9ae8705e7e1dac88eb256b","/planner.txt":"9207d01f3ec56b114044aa75fcdc0926c48763ed684827094796504b17386d63","/profile.html":"54a230ae3798740c609ae55a6469854c6f89fe14d24d20f2dce3707baba07f95","/onboarding.txt":"3da2b9d60c73a8e40ab1693071dd6d7704674d2e3b2e9b35b92228127150852b","/planner.html":"2565a560f1a41e1108bc96ee2db71ef03fd45db2a3393f2afa206f1334fb78ee","/onboarding.html":"39127341f1daf56c9d3db83f85187c9662542d604d9b0141491109d8e39927b3","/notifications.txt":"ef47edef1131291a030ec43fd9827adea59c489cd0b4b4be4e56a3832a9bc81c","/liked.txt":"68100bd4710d466b07591df85b666b497b3c0c93eaff772a17f9c5fcd6d7f646","/index.txt":"2c6f568bd74de7168e571a7390292aad4715a9bcb49cc7dbc57d42c3c1d01257","/notifications.html":"7b028bee267837190ee2eeb7230a50988d05a216046733448035dadb4fa4b411","/liked.html":"4001ad4e6273bcdf140cfcfabce04fba41af9c0d4f1419d3a60fe20bd2f3cbc4","/icon.jpg":"ca016c33abff117931bcf8e7820aa50a8d2168fb3115cccefa6b92d35b2ed272","/goals.txt":"b2d7efe84e377050d4410a62e95d9cd8930e208977b1a2589636879bfb0d043e","/index.html":"2e731125a578ef2c71b95ad679a6f35dd87eafd076957e5d4857fd436d06a166","/goals.html":"197a92d782d51a81aa3830bed179ddb9469b7258e1d6707eaa474f9c170d8a87","/games.txt":"2277ed2d5d3b4bbdbe04cdd6ee69588efd69e4a78e37c18177a526918568c96f","/games.html":"cf459609f05fc3006856ebb50c26d4a2c9a6960d18d0838d81e9150d5d5a1d0d","/focus.txt":"f88a1cdc025da00202f2a33aa768296e43a408de783fa2bfac348e5b55f7a50b","/focus.html":"c26aa28bd8baac6380eceaab4c7183c1b8a9027ff2a7dd5e8f4affa007d2872f","/finance.txt":"08cf7eb0c6ccb3323409dd3bf8108bcd178cf0cda011ffe71b400706ac903087","/finance.html":"9d43527a3747d2ef3824e1c91032bb3c23a0ab883225a20fdd4aba70a13fddcf","/exams.txt":"274851587b2f889e3f900d0dd868a04d9f13018dc7aec61f1a8f17d087caf80b","/english.html":"cc3f4203830760428be078657d8684ae92bcf7444de562a17365a78f7f34cc9a","/english.txt":"2e8317e4daae1c4504790beb28c7a9b2029345115848d2aea390fc114e0627e4","/exams.html":"cbcec94fc1511256aaf3b9f152236095b7159dc699f311996b731031c8bcc5e1","/attendance.txt":"c039cc15eb1ce278ef1a3519608f59680c89b3aefc26f6a5c77e6012b250b8c4","/day.txt":"983258a5d39dbbc86da8ef3ccf7967ce2c527e6136067b13d64ba1371d89313b","/docs.html":"04fb434e9101563594bfbc7549b4a365c769a99601bd1eb45bb1af84644ea6be","/day.html":"7c38a88219870c03774575f8f056a6f3f55e3e7cdb729fd826e4fdf71030bec1","/docs.txt":"3814b6b8a777cd004ebc78868b4259862b668c3b46f794f4144ec9dbcd7c6694","/_not-found/__next._tree.txt":"19415931c73a9418627843cf3a5ec1f051440133566b90052f553677251f9f5f","/attendance.html":"8cd4cf35e07caa68da0b7aa068d8fc873e7ab1ba0c9665706537d416bc5e49c1","/admin.txt":"28d43f56a7451d3ad000dc9f187d443df10ea00f66e608ca079c6a1857ec6a4a","/apple-icon.jpg":"ca016c33abff117931bcf8e7820aa50a8d2168fb3115cccefa6b92d35b2ed272","/404.html":"77c282f436d60c03a6bc22fb362cc8c8400bacc2dc2e830a4bbdc9984738d8b7","/admin.html":"8809004e664b60c47b184e26b04b739ae156c3785d904b4d0298681c828d8158","/_not-found/__next._not-found/__PAGE__.txt":"16c3a7521ab3ebbd47a2a3922e6641304a0c7555d7d758db348c0b5e6c9ef55f","/_not-found/__next._full.txt":"27aa6d373f62a13746160fd38cf08784ece79efad53e02774c407c5ef9b576f2","/_next/static/media/icon.3t44vzrdi53j7.jpg":"ca016c33abff117931bcf8e7820aa50a8d2168fb3115cccefa6b92d35b2ed272","/_next/static/media/fef07dbb0973bf53-s.3p2_lha1f2xer.woff2":"4cd714514fc3454c1fdc247cf7be84c91aec7662e952cfe8c11cb8766ef8c3f4","/_next/static/media/caa3a2e1cccd8315-s.p.0wgildi0cnwt9.woff2":"a1862350cad8975186ec7d95e2c6f6ad548d6bd2219ffaa79420067bbf14ad49","/_next/static/media/bbc41e54d2fcbd21-s.1rgnod-3esatf.woff2":"4dbb7256d9d00e9a17abbebde8158aed37ed52ea1eb5d89ee1bf46c267c6503c","/_next/static/media/apple-icon.3t44vzrdi53j7.jpg":"ca016c33abff117931bcf8e7820aa50a8d2168fb3115cccefa6b92d35b2ed272","/_next/static/media/8a480f0b521d4e75-s.1qq4vpdcun5oj.woff2":"9e317fb808ec4714d6144f277f4de983b017fe5f3753369936ad5359f06b02e5","/_next/static/media/7d817b4c03b0c5f1-s.1uyisp29ctx0d.woff2":"da5b8e216b8eee28084975264aa5d7f97a5d3f120e08eec863ecd115d25dd71f","/_next/static/media/6306c77e7c8268e4-s.2dbetqa9o8jxf.woff2":"ea578227833360be14c93f3d1deefa6c7b0121157da02c1196802ea37710ef38","/_next/static/media/5ce348bf30bf5439-s.31988l_ccedte.woff2":"03421b339031c94c0ccae52a61151ef819a86c92f3253fc112962cd66a237712","/_next/static/media/53b9e256198e5412-s.390ncx5urfkfu.woff2":"4e4038e4cb17b1349cc9c717fca51c0e00782a2093bd8a939efc70e5d78bceb7","/_next/static/media/4fa387ec64143e14-s.2tuy5pz7dlieh.woff2":"fbc4b0ae2f6fd54ec1611da4612c306a0b574d138013f467a4e90af735cc97a4","/_next/static/F4dBJucGo9xjV_oXEUoik/_clientMiddlewareManifest.js":"5e57f6166b702492ab9551af57e4546546c184673a4c0432f73b96f62820f7eb","/_next/static/F4dBJucGo9xjV_oXEUoik/_buildManifest.js":"dcbe1c9b9159ca21caea98e1bad364012ae284e9551375ca62b83d2811efac91","/_next/static/F4dBJucGo9xjV_oXEUoik/_ssgManifest.js":"dc28a4dc92fe352ed5d2201bd3972ce47691bc8e89e0400a68d1541d0567c6d5","/_next/static/chunks/3_lmyaxv_bv88.js":"37d7436260b5ddaff8bfa59a30d89c4618cb97988ce3dfbaf155eb6dba9d992e","/_next/static/chunks/424ex9qdi3x-_.js":"a172809eee85edacf275da8fe1e32240831b238682a75ec386fbdd5070a03abe","/_next/static/chunks/turbopack-1q-g338g0yvlc.js":"a96efabd68f1d782817b8b67a255d3f857c09528a701a32f36cbb16b5b7743fa","/_next/static/chunks/3to1zi829x-pv.js":"7b33e6697a6650843348b5e85146e7b4dfcb7882b3012eb226be7fff9243c279","/_next/static/chunks/3yfl9fgvivx3-.js":"2bda140da1ab448c0ffad2799d1e5248d4b0777412b3d3edd33c976b7279e852","/_next/static/chunks/3jahpfigzh_cp.js":"09d91ac00617f8dd51be0772b507c086ae164dc0cd595ecb7f71affdc2e7c7bf","/_next/static/chunks/3zaskqj0j87d0.js":"a7a1e319ca8721e072aea5b51b9f5fc8cb5739d950b78a8e01b018085fab7df8","/_next/static/chunks/3fntmmi971322.js":"bf886fbb3963f24b5eebcc6e33a72605a3e77fdc28771ad9f706f86109e26534","/_next/static/chunks/3i_cyg4wdjbs3.js":"652128434fd6909518f5d52115cc473216f3aa4ee872a70f80ec3b385bbd1a0c","/_next/static/chunks/27p379d8pkrss.js":"05c6a76c16432f10ccceeb12f6535b2e04556cb01ea4e4d3941b547213829693","/_next/static/chunks/2v0tpxf_pxrem.js":"51312701c3616c1692e040e36ec7d619d093bae42908b76abe1391da759ab94d","/_next/static/chunks/2igf71_yyt5xk.js":"adcd47b31cc50f78c0c57528ef15b95dfb862775aaf92af40476b3bff6e9c97f","/_next/static/chunks/2279vmyssjkrl.js":"b4def7aca812c71e5828a16079c002ad79b2dd5acd6b567a80462539589a53af","/_next/static/chunks/1d2uq89bxp0p0.js":"e7ff2ef317a4208676161d3da1fa081c855717c11ca7ed4a32ed58156236689d","/_next/static/chunks/1tf_7tyqr_zf3.js":"d1067cd3423d7409407c2c40fd3600a3427f61ea6ffe16687e23518396664c18","/_next/static/chunks/1qy1w9wnd7ma8.js":"7495e94bcbae3fbc3e88f31523ece45dbe5be6af67f8b2a24e9fe42b398d3f3b","/_next/static/chunks/1qb06p0-a369q.js":"040e26c1ba2766a5eb9072a444dd394ef74c3ac42dbd46a3cf0d40738308166d","/_next/static/chunks/1i6e9j0h_dc08.css":"5175b49129b943b8b6453570b40ec2817da0389b8e01a1a70d14ad705bb17922","/_next/static/chunks/1k6ni5zd3ivdm.js":"758b86072c174ec3f056b2df8367f5529674da55bf886cc6c6b9ab3e9c3790b3","/_next/static/chunks/18a2gy_21p3wb.js":"a34aaa943a9bf49fa0a3b3ed88e0a4b0cc1aadd116cf72c261733220509cd083","/_next/static/chunks/0trtjo6t-pe4v.js":"85778f90430b4ac86232451996bb332d5cc04f60c4577f661c4c0ddbbbc74f1d","/_next/static/chunks/11jq0c2_zavac.js":"8b1c583c2b5026d6c4b1b32e720e47ea6b4d8dccb34e655d468095814a328bab","/_next/static/chunks/08pvuezahzukt.js":"651b80dcf4b538ec9f165aa891ba6b766e3fd5d73a6bee473d5274a45531d90d","/_next/static/chunks/0k9dpd1s_o-ou.js":"270200004571dcce3788061e3cfaea844e4d58e41f74c17eeef334635f774f29","/tasks/__next._tree.txt":"91ef4fd85fd20a285a35c62fb30c66552397f081ed6e915d2fa6c4d804ba7bb3","/tasks/__next._full.txt":"6d6e82303f2aedd9bd7a432d61b76b311d62a4458f6e86779facd247a2eca0d7","/tasks/__next.tasks/__PAGE__.txt":"534b627b4a74b2c76b28aa374f903782a0ab73bc1ec9e1576e0e07f701faae79","/resources/__next._tree.txt":"47d3df0fa8337852e271b2f06cf5a163f894c3122abb6877073a24b1c880e869","/_next/static/media/7178b3e590c64307-s.21jp631_3pja2.woff2":"9db501bf314e8bcbd31ac7f79495753a2a2da4243c362edc5f07928f3c9146a0","/_next/static/media/797e433ab948586e-s.p.0r6juujl39pe6.woff2":"17e78e12743a2b7e03c7884282eb91f02614295c7be958eccadf5bae76736f95","/_next/static/chunks/3aj00caz3j4xz.js":"c87c8630ce7eb13f8892ffb0ccf2733ec12d5a839467d05b950e4edc896bbaf4","/resources/__next._full.txt":"9cbc1bcf13c6baa8cbfae27ec6f3192c8522f25c6a36d6de75c59c9d00a1c10f","/_next/static/chunks/00n_jzhk8o2cr.js":"9b1ea88e23964c64f27c0a12e56aa1dd022be257557899a1edb58c8c263f3368","/_next/static/chunks/01mybq_k9nbwc.js":"811621174a8a7cd41988907ca1f247e3bc59ce3f19802316d118410bf576ebbb","/profile/__next._tree.txt":"91deea253bdb5d92150edbc0e79ab7883bdb546c9c91e39ce7e3e7bc23c7912b","/resources/__next.resources/__PAGE__.txt":"118b8bb3493462886981a6f8418fb2723d7ddc949ca8fb6c1dcf3554a180ece3","/profile/__next._full.txt":"fc4a4057d835407bc50205eb324ec32ac3744201623289f857876fe270d2e3c9","/planner/__next._tree.txt":"e3aabf3f41b6aa4a85a99ca43194047992ef2f8a735e3972ccff894334ac3081","/profile/__next.profile/__PAGE__.txt":"d4a28972402e210fc27e5eb870858dd52be5cd1f4247881887fbe179aad0be83","/onboarding/__next._tree.txt":"5fb295ef7e44f23e1288dc74934cfcb656f98e47aa7ce17906719f1647db7567","/planner/__next.planner/__PAGE__.txt":"76033e6500b63bd671b8588dc98115ff1c14a3e482b9a54fecba8107ef1d908b","/planner/__next._full.txt":"9207d01f3ec56b114044aa75fcdc0926c48763ed684827094796504b17386d63","/notifications/__next._tree.txt":"4d2b8371a536c67f00731b91c4464f862557046c6269832f2d8d6ac6e98acf9d","/onboarding/__next._full.txt":"3da2b9d60c73a8e40ab1693071dd6d7704674d2e3b2e9b35b92228127150852b","/onboarding/__next.onboarding/__PAGE__.txt":"c68d938b8f320def230351bb871709e1689330918ceed047f429ce7d18b0347b","/notifications/__next._full.txt":"ef47edef1131291a030ec43fd9827adea59c489cd0b4b4be4e56a3832a9bc81c","/notifications/__next.notifications/__PAGE__.txt":"402ea35e0143fada9927ba22f5034070403ff82c9f4a2537f7b4128794384cab","/liked/__next._tree.txt":"7984d9ec9572816083ba257c3eb1cbaa91e564f5f2d5f20e53b8f39abea15083","/goals/__next._tree.txt":"c80bb56f272514a4811b60652c5235213ba903a5acc490091e6c99ed9f39d0fc","/liked/__next._full.txt":"68100bd4710d466b07591df85b666b497b3c0c93eaff772a17f9c5fcd6d7f646","/liked/__next.liked/__PAGE__.txt":"7a1169df9a8af2d542ada4bef482892eef3955663832814f9efc940572868018","/goals/__next._full.txt":"b2d7efe84e377050d4410a62e95d9cd8930e208977b1a2589636879bfb0d043e","/goals/__next.goals/__PAGE__.txt":"c2f9de5b2f1eb76a6d349e813aa8df6be634641f9b14c546d0b21e1f7600667f","/games/__next._tree.txt":"2d0a2581a1a7ed3d2e5b70ef40042f710d023baa6432bf41ec84239d594db472","/games/__next._full.txt":"2277ed2d5d3b4bbdbe04cdd6ee69588efd69e4a78e37c18177a526918568c96f","/games/__next.games/__PAGE__.txt":"fb9d44b7f830e7a19a8f26dd248dd547efaf7cbf69475263a5ba5f78210b6e2f","/focus/__next._tree.txt":"191c734d01a0334d91035e81bf3187ae15d515bef12d4c6d140672ce0b3a9ed3","/finance/__next._tree.txt":"a61a4c831a87c474f7bcd33832e11ce87d5293f058d76de107b9440a7b678a9f","/focus/__next._full.txt":"f88a1cdc025da00202f2a33aa768296e43a408de783fa2bfac348e5b55f7a50b","/focus/__next.focus/__PAGE__.txt":"0ec0e3ae31d986e0d65029783d958e944d59cb040def233a9e7a038011592dcc","/exams/__next._tree.txt":"96c36a30d13c0b39e7e06f7611d44d5dfd342a3c803a0e85b898ca61de1e7a5d","/finance/__next._full.txt":"08cf7eb0c6ccb3323409dd3bf8108bcd178cf0cda011ffe71b400706ac903087","/finance/__next.finance/__PAGE__.txt":"213cde589c0593d004feacbe6b0c1c5e5172f11d44538182ee02735d5d7cba37","/english/__next._tree.txt":"0403a2ae22306937d491620b08465a4306f8b33f24f587ee242941cbf6be230e","/exams/__next._full.txt":"274851587b2f889e3f900d0dd868a04d9f13018dc7aec61f1a8f17d087caf80b","/exams/__next.exams/__PAGE__.txt":"451aedb3a26eb4610a52f081133bf355b545b6e0969eed18ad2eceb0b92b668a","/docs/__next._tree.txt":"4caec1b4bacd24fc0f7486d999661bedf39dfd5e3406fdf4180460385e7bc964","/english/__next._full.txt":"2e8317e4daae1c4504790beb28c7a9b2029345115848d2aea390fc114e0627e4","/english/__next.english/__PAGE__.txt":"8eff81e5b6b57dd2329f06e0805055265586ad1a2458eea029441049947abf6d","/day/__next._tree.txt":"ad10840426e0e951eb922876af0a7a218cc654894a0875056d0b0b908a5d4fd3","/_next/static/chunks/273azql_f4t0h.js":"16a62ccb632c751c8de291567b5844b4afbb8f1600809077a96613e347e73b02","/docs/__next._full.txt":"3814b6b8a777cd004ebc78868b4259862b668c3b46f794f4144ec9dbcd7c6694","/docs/__next.docs/__PAGE__.txt":"347048aeeb1f10ac2495344696b5198fb06300d0fbcd5e2cffdb937b0f465e97","/day/__next._full.txt":"983258a5d39dbbc86da8ef3ccf7967ce2c527e6136067b13d64ba1371d89313b","/attendance/__next._tree.txt":"dca09cb2b579e132b56b85e81d0ad036f4d705f46d3f2fa1ee58a131117adda2","/day/__next.day/__PAGE__.txt":"558be6a54f2cf98651c1015ea6bc8f6cdc5c9ca737a88a060077137e673231bb","/attendance/__next._full.txt":"c039cc15eb1ce278ef1a3519608f59680c89b3aefc26f6a5c77e6012b250b8c4","/attendance/__next.attendance/__PAGE__.txt":"75c3337be6581e8c9aa7a3662d8a5bb82ff619fbb5505a2cde9515dbdc619dc6","/admin/__next._tree.txt":"dd8c72c712cd0daf4f3e83e58b3811ff03ffe676d914296ce6d54487d33f4b7a","/admin/__next._full.txt":"28d43f56a7451d3ad000dc9f187d443df10ea00f66e608ca079c6a1857ec6a4a","/_next/static/chunks/4561u0v7ysn3r.js":"28bf11182f4fb42d199349bd056455bae4f45efb4ae25434bf34367d8dab2a99","/admin/__next.admin/__PAGE__.txt":"5b7790b76c0712ae337a1558083e983b9b2be62bcc7f1a6642c34fba26aa74fa","/_next/static/chunks/3s1j3acoy2ohw.js":"76cbb486b6ba2d6f4a46f81ea6f957de2f2e6af59242608646ce6a47338b6926","/_next/static/chunks/0v7d4f2hv4jjh.js":"7ddede22a33d73aaf041bd6688ed32d3235798389679fa4a0fe6e5968fca79ee","/_next/static/chunks/0cz1d0mv5g_q7.js":"18e28d3214eda45048d80d3925ea7627b809e69ad2e95f7f98459e9146a61c3d"}}
[debug] [2026-09-04T16:11:17.251Z] <<< [apiv2][status] POST https://firebasehosting.googleapis.com/v1beta1/projects/419525639852/sites/my-job-cd13f/versions/d686f30a7fcecbbf:populateFiles 200
[debug] [2026-09-04T16:11:17.251Z] <<< [apiv2][body] POST https://firebasehosting.googleapis.com/v1beta1/projects/419525639852/sites/my-job-cd13f/versions/d686f30a7fcecbbf:populateFiles {"uploadRequiredHashes":["77c282f436d60c03a6bc22fb362cc8c8400bacc2dc2e830a4bbdc9984738d8b7","2565a560f1a41e1108bc96ee2db71ef03fd45db2a3393f2afa206f1334fb78ee","191c734d01a0334d91035e81bf3187ae15d515bef12d4c6d140672ce0b3a9ed3","7b028bee267837190ee2eeb7230a50988d05a216046733448035dadb4fa4b411","dca09cb2b579e132b56b85e81d0ad036f4d705f46d3f2fa1ee58a131117adda2","7a1169df9a8af2d542ada4bef482892eef3955663832814f9efc940572868018","983258a5d39dbbc86da8ef3ccf7967ce2c527e6136067b13d64ba1371d89313b","6d6e82303f2aedd9bd7a432d61b76b311d62a4458f6e86779facd247a2eca0d7","75c3337be6581e8c9aa7a3662d8a5bb82ff619fbb5505a2cde9515dbdc619dc6","9d43527a3747d2ef3824e1c91032bb3c23a0ab883225a20fdd4aba70a13fddcf","0403a2ae22306937d491620b08465a4306f8b33f24f587ee242941cbf6be230e","cc3f4203830760428be078657d8684ae92bcf7444de562a17365a78f7f34cc9a","c80bb56f272514a4811b60652c5235213ba903a5acc490091e6c99ed9f39d0fc","fb9d44b7f830e7a19a8f26dd248dd547efaf7cbf69475263a5ba5f78210b6e2f","91deea253bdb5d92150edbc0e79ab7883bdb546c9c91e39ce7e3e7bc23c7912b","b2d7efe84e377050d4410a62e95d9cd8930e208977b1a2589636879bfb0d043e","2c6f568bd74de7168e571a7390292aad4715a9bcb49cc7dbc57d42c3c1d01257","5b7790b76c0712ae337a1558083e983b9b2be62bcc7f1a6642c34fba26aa74fa","8eff81e5b6b57dd2329f06e0805055265586ad1a2458eea029441049947abf6d","c26aa28bd8baac6380eceaab4c7183c1b8a9027ff2a7dd5e8f4affa007d2872f","39127341f1daf56c9d3db83f85187c9662542d604d9b0141491109d8e39927b3","37d7436260b5ddaff8bfa59a30d89c4618cb97988ce3dfbaf155eb6dba9d992e","c2f9de5b2f1eb76a6d349e813aa8df6be634641f9b14c546d0b21e1f7600667f","e341425944ce426ddb73dbca2abdc54d9dd4ac211e9ae8705e7e1dac88eb256b","4d2b8371a536c67f00731b91c4464f862557046c6269832f2d8d6ac6e98acf9d","5175b49129b943b8b6453570b40ec2817da0389b8e01a1a70d14ad705bb17922","19415931c73a9418627843cf3a5ec1f051440133566b90052f553677251f9f5f","04fb434e9101563594bfbc7549b4a365c769a99601bd1eb45bb1af84644ea6be","47d3df0fa8337852e271b2f06cf5a163f894c3122abb6877073a24b1c880e869","96c36a30d13c0b39e7e06f7611d44d5dfd342a3c803a0e85b898ca61de1e7a5d","ef47edef1131291a030ec43fd9827adea59c489cd0b4b4be4e56a3832a9bc81c","7984d9ec9572816083ba257c3eb1cbaa91e564f5f2d5f20e53b8f39abea15083","c039cc15eb1ce278ef1a3519608f59680c89b3aefc26f6a5c77e6012b250b8c4","0ec0e3ae31d986e0d65029783d958e944d59cb040def233a9e7a038011592dcc","27aa6d373f62a13746160fd38cf08784ece79efad53e02774c407c5ef9b576f2","dd8c72c712cd0daf4f3e83e58b3811ff03ffe676d914296ce6d54487d33f4b7a","16c3a7521ab3ebbd47a2a3922e6641304a0c7555d7d758db348c0b5e6c9ef55f","213cde589c0593d004feacbe6b0c1c5e5172f11d44538182ee02735d5d7cba37","e3aabf3f41b6aa4a85a99ca43194047992ef2f8a735e3972ccff894334ac3081","c68d938b8f320def230351bb871709e1689330918ceed047f429ce7d18b0347b","8cd4cf35e07caa68da0b7aa068d8fc873e7ab1ba0c9665706537d416bc5e49c1","402ea35e0143fada9927ba22f5034070403ff82c9f4a2537f7b4128794384cab","274851587b2f889e3f900d0dd868a04d9f13018dc7aec61f1a8f17d087caf80b","76033e6500b63bd671b8588dc98115ff1c14a3e482b9a54fecba8107ef1d908b","68100bd4710d466b07591df85b666b497b3c0c93eaff772a17f9c5fcd6d7f646","9cbc1bcf13c6baa8cbfae27ec6f3192c8522f25c6a36d6de75c59c9d00a1c10f","d58cb3a8e17ee41084db9c8bb13d1fe757e9abe7aa3a0688b7743a71c38bfdbb","a7a1e319ca8721e072aea5b51b9f5fc8cb5739d950b78a8e01b018085fab7df8","9efbc2228db36b7d069c2c43486c2dac9c46baf2a74aeb12a9a528bb081da7ed","040e26c1ba2766a5eb9072a444dd394ef74c3ac42dbd46a3cf0d40738308166d","3da2b9d60c73a8e40ab1693071dd6d7704674d2e3b2e9b35b92228127150852b","91ef4fd85fd20a285a35c62fb30c66552397f081ed6e915d2fa6c4d804ba7bb3","5fb295ef7e44f23e1288dc74934cfcb656f98e47aa7ce17906719f1647db7567","347048aeeb1f10ac2495344696b5198fb06300d0fbcd5e2cffdb937b0f465e97","451aedb3a26eb4610a52f081133bf355b545b6e0969eed18ad2eceb0b92b668a","cbcec94fc1511256aaf3b9f152236095b7159dc699f311996b731031c8bcc5e1","a61a4c831a87c474f7bcd33832e11ce87d5293f058d76de107b9440a7b678a9f","9207d01f3ec56b114044aa75fcdc0926c48763ed684827094796504b17386d63","d4a28972402e210fc27e5eb870858dd52be5cd1f4247881887fbe179aad0be83","7c38a88219870c03774575f8f056a6f3f55e3e7cdb729fd826e4fdf71030bec1","54a230ae3798740c609ae55a6469854c6f89fe14d24d20f2dce3707baba07f95","cf459609f05fc3006856ebb50c26d4a2c9a6960d18d0838d81e9150d5d5a1d0d","2e731125a578ef2c71b95ad679a6f35dd87eafd076957e5d4857fd436d06a166","346caed7e340a46f40d457f893f0a0e71fdc9922a75c2c98095cfae827721cd1","4caec1b4bacd24fc0f7486d999661bedf39dfd5e3406fdf4180460385e7bc964","2d0a2581a1a7ed3d2e5b70ef40042f710d023baa6432bf41ec84239d594db472","2e8317e4daae1c4504790beb28c7a9b2029345115848d2aea390fc114e0627e4","3814b6b8a777cd004ebc78868b4259862b668c3b46f794f4144ec9dbcd7c6694","2277ed2d5d3b4bbdbe04cdd6ee69588efd69e4a78e37c18177a526918568c96f","534b627b4a74b2c76b28aa374f903782a0ab73bc1ec9e1576e0e07f701faae79","ad10840426e0e951eb922876af0a7a218cc654894a0875056d0b0b908a5d4fd3","fc4a4057d835407bc50205eb324ec32ac3744201623289f857876fe270d2e3c9","197a92d782d51a81aa3830bed179ddb9469b7258e1d6707eaa474f9c170d8a87","05c6a76c16432f10ccceeb12f6535b2e04556cb01ea4e4d3941b547213829693","4001ad4e6273bcdf140cfcfabce04fba41af9c0d4f1419d3a60fe20bd2f3cbc4","f88a1cdc025da00202f2a33aa768296e43a408de783fa2bfac348e5b55f7a50b","7ddede22a33d73aaf041bd6688ed32d3235798389679fa4a0fe6e5968fca79ee","8809004e664b60c47b184e26b04b739ae156c3785d904b4d0298681c828d8158","08cf7eb0c6ccb3323409dd3bf8108bcd178cf0cda011ffe71b400706ac903087","118b8bb3493462886981a6f8418fb2723d7ddc949ca8fb6c1dcf3554a180ece3","558be6a54f2cf98651c1015ea6bc8f6cdc5c9ca737a88a060077137e673231bb","28d43f56a7451d3ad000dc9f187d443df10ea00f66e608ca079c6a1857ec6a4a"],"uploadUrl":"https://upload-firebasehosting.googleapis.com/upload/sites/my-job-cd13f/versions/d686f30a7fcecbbf/files"}
[debug] [2026-09-04T16:11:17.251Z] Checked if tokens are valid: true, expires at: 1788539479722
[debug] [2026-09-04T16:11:17.251Z] Checked if tokens are valid: true, expires at: 1788539479722
[debug] [2026-09-04T16:11:17.252Z] Checked if tokens are valid: true, expires at: 1788539479722
[debug] [2026-09-04T16:11:17.252Z] Checked if tokens are valid: true, expires at: 1788539479722
[debug] [2026-09-04T16:11:17.252Z] Checked if tokens are valid: true, expires at: 1788539479722
[debug] [2026-09-04T16:11:17.252Z] Checked if tokens are valid: true, expires at: 1788539479722
[debug] [2026-09-04T16:11:17.252Z] Checked if tokens are valid: true, expires at: 1788539479722
[debug] [2026-09-04T16:11:17.252Z] Checked if tokens are valid: true, expires at: 1788539479722
[debug] [2026-09-04T16:11:17.252Z] Checked if tokens are valid: true, expires at: 1788539479722
[debug] [2026-09-04T16:11:17.252Z] Checked if tokens are valid: true, expires at: 1788539479722
[debug] [2026-09-04T16:11:17.252Z] Checked if tokens are valid: true, expires at: 1788539479722
[debug] [2026-09-04T16:11:17.252Z] Checked if tokens are valid: true, expires at: 1788539479722
[debug] [2026-09-04T16:11:17.253Z] Checked if tokens are valid: true, expires at: 1788539479722
[debug] [2026-09-04T16:11:17.253Z] Checked if tokens are valid: true, expires at: 1788539479722
[debug] [2026-09-04T16:11:17.253Z] Checked if tokens are valid: true, expires at: 1788539479722
[debug] [2026-09-04T16:11:17.253Z] Checked if tokens are valid: true, expires at: 1788539479722
[debug] [2026-09-04T16:11:17.253Z] Checked if tokens are valid: true, expires at: 1788539479722
[debug] [2026-09-04T16:11:17.253Z] Checked if tokens are valid: true, expires at: 1788539479722
[debug] [2026-09-04T16:11:17.253Z] Checked if tokens are valid: true, expires at: 1788539479722
[debug] [2026-09-04T16:11:17.253Z] Checked if tokens are valid: true, expires at: 1788539479722
[debug] [2026-09-04T16:11:17.253Z] Checked if tokens are valid: true, expires at: 1788539479722
[debug] [2026-09-04T16:11:17.253Z] Checked if tokens are valid: true, expires at: 1788539479722
[debug] [2026-09-04T16:11:17.254Z] Checked if tokens are valid: true, expires at: 1788539479722
[debug] [2026-09-04T16:11:17.254Z] Checked if tokens are valid: true, expires at: 1788539479722
[debug] [2026-09-04T16:11:17.254Z] Checked if tokens are valid: true, expires at: 1788539479722
[debug] [2026-09-04T16:11:17.254Z] Checked if tokens are valid: true, expires at: 1788539479722
[debug] [2026-09-04T16:11:17.254Z] Checked if tokens are valid: true, expires at: 1788539479722
[debug] [2026-09-04T16:11:17.254Z] Checked if tokens are valid: true, expires at: 1788539479722
[debug] [2026-09-04T16:11:17.254Z] Checked if tokens are valid: true, expires at: 1788539479722
[debug] [2026-09-04T16:11:17.254Z] Checked if tokens are valid: true, expires at: 1788539479722
[debug] [2026-09-04T16:11:17.254Z] Checked if tokens are valid: true, expires at: 1788539479722
[debug] [2026-09-04T16:11:17.254Z] Checked if tokens are valid: true, expires at: 1788539479722
[debug] [2026-09-04T16:11:17.254Z] Checked if tokens are valid: true, expires at: 1788539479722
[debug] [2026-09-04T16:11:17.255Z] Checked if tokens are valid: true, expires at: 1788539479722
[debug] [2026-09-04T16:11:17.255Z] Checked if tokens are valid: true, expires at: 1788539479722
[debug] [2026-09-04T16:11:17.255Z] Checked if tokens are valid: true, expires at: 1788539479722
[debug] [2026-09-04T16:11:17.255Z] Checked if tokens are valid: true, expires at: 1788539479722
[debug] [2026-09-04T16:11:17.255Z] Checked if tokens are valid: true, expires at: 1788539479722
[debug] [2026-09-04T16:11:17.255Z] Checked if tokens are valid: true, expires at: 1788539479722
[debug] [2026-09-04T16:11:17.255Z] Checked if tokens are valid: true, expires at: 1788539479722
[debug] [2026-09-04T16:11:17.255Z] Checked if tokens are valid: true, expires at: 1788539479722
[debug] [2026-09-04T16:11:17.255Z] Checked if tokens are valid: true, expires at: 1788539479722
[debug] [2026-09-04T16:11:17.255Z] Checked if tokens are valid: true, expires at: 1788539479722
[debug] [2026-09-04T16:11:17.255Z] Checked if tokens are valid: true, expires at: 1788539479722
[debug] [2026-09-04T16:11:17.255Z] Checked if tokens are valid: true, expires at: 1788539479722
[debug] [2026-09-04T16:11:17.255Z] Checked if tokens are valid: true, expires at: 1788539479722
[debug] [2026-09-04T16:11:17.256Z] Checked if tokens are valid: true, expires at: 1788539479722
[debug] [2026-09-04T16:11:17.256Z] Checked if tokens are valid: true, expires at: 1788539479722
[debug] [2026-09-04T16:11:17.256Z] Checked if tokens are valid: true, expires at: 1788539479722
[debug] [2026-09-04T16:11:17.256Z] Checked if tokens are valid: true, expires at: 1788539479722
[debug] [2026-09-04T16:11:17.256Z] Checked if tokens are valid: true, expires at: 1788539479722
[debug] [2026-09-04T16:11:17.256Z] Checked if tokens are valid: true, expires at: 1788539479722
[debug] [2026-09-04T16:11:17.256Z] Checked if tokens are valid: true, expires at: 1788539479722
[debug] [2026-09-04T16:11:17.256Z] Checked if tokens are valid: true, expires at: 1788539479722
[debug] [2026-09-04T16:11:17.256Z] Checked if tokens are valid: true, expires at: 1788539479722
[debug] [2026-09-04T16:11:17.256Z] Checked if tokens are valid: true, expires at: 1788539479722
[debug] [2026-09-04T16:11:17.256Z] Checked if tokens are valid: true, expires at: 1788539479722
[debug] [2026-09-04T16:11:17.256Z] Checked if tokens are valid: true, expires at: 1788539479722
[debug] [2026-09-04T16:11:17.256Z] Checked if tokens are valid: true, expires at: 1788539479722
[debug] [2026-09-04T16:11:17.257Z] Checked if tokens are valid: true, expires at: 1788539479722
[debug] [2026-09-04T16:11:17.257Z] Checked if tokens are valid: true, expires at: 1788539479722
[debug] [2026-09-04T16:11:17.257Z] Checked if tokens are valid: true, expires at: 1788539479722
[debug] [2026-09-04T16:11:17.257Z] Checked if tokens are valid: true, expires at: 1788539479722
[debug] [2026-09-04T16:11:17.257Z] Checked if tokens are valid: true, expires at: 1788539479722
[debug] [2026-09-04T16:11:17.257Z] Checked if tokens are valid: true, expires at: 1788539479722
[debug] [2026-09-04T16:11:17.257Z] Checked if tokens are valid: true, expires at: 1788539479722
[debug] [2026-09-04T16:11:17.257Z] Checked if tokens are valid: true, expires at: 1788539479722
[debug] [2026-09-04T16:11:17.257Z] Checked if tokens are valid: true, expires at: 1788539479722
[debug] [2026-09-04T16:11:17.257Z] Checked if tokens are valid: true, expires at: 1788539479722
[debug] [2026-09-04T16:11:17.257Z] Checked if tokens are valid: true, expires at: 1788539479722
[debug] [2026-09-04T16:11:17.258Z] Checked if tokens are valid: true, expires at: 1788539479722
[debug] [2026-09-04T16:11:17.258Z] Checked if tokens are valid: true, expires at: 1788539479722
[debug] [2026-09-04T16:11:17.258Z] Checked if tokens are valid: true, expires at: 1788539479722
[debug] [2026-09-04T16:11:17.258Z] Checked if tokens are valid: true, expires at: 1788539479722
[debug] [2026-09-04T16:11:17.258Z] Checked if tokens are valid: true, expires at: 1788539479722
[debug] [2026-09-04T16:11:17.258Z] Checked if tokens are valid: true, expires at: 1788539479722
[debug] [2026-09-04T16:11:17.258Z] Checked if tokens are valid: true, expires at: 1788539479722
[debug] [2026-09-04T16:11:17.258Z] Checked if tokens are valid: true, expires at: 1788539479722
[debug] [2026-09-04T16:11:17.258Z] Checked if tokens are valid: true, expires at: 1788539479722
[debug] [2026-09-04T16:11:17.258Z] Checked if tokens are valid: true, expires at: 1788539479722
[debug] [2026-09-04T16:11:17.258Z] Checked if tokens are valid: true, expires at: 1788539479722
[debug] [2026-09-04T16:11:17.258Z] Checked if tokens are valid: true, expires at: 1788539479722
[debug] [2026-09-04T16:11:17.259Z] Checked if tokens are valid: true, expires at: 1788539479722
[debug] [2026-09-04T16:11:17.259Z] Checked if tokens are valid: true, expires at: 1788539479722
[debug] [2026-09-04T16:11:17.259Z] Checked if tokens are valid: true, expires at: 1788539479722
[debug] [2026-09-04T16:11:17.259Z] Checked if tokens are valid: true, expires at: 1788539479722
[debug] [2026-09-04T16:11:17.259Z] Checked if tokens are valid: true, expires at: 1788539479722
[debug] [2026-09-04T16:11:17.259Z] Checked if tokens are valid: true, expires at: 1788539479722
[debug] [2026-09-04T16:11:17.259Z] Checked if tokens are valid: true, expires at: 1788539479722
[debug] [2026-09-04T16:11:17.259Z] Checked if tokens are valid: true, expires at: 1788539479722
[debug] [2026-09-04T16:11:17.259Z] Checked if tokens are valid: true, expires at: 1788539479722
[debug] [2026-09-04T16:11:17.259Z] Checked if tokens are valid: true, expires at: 1788539479722
[debug] [2026-09-04T16:11:17.259Z] Checked if tokens are valid: true, expires at: 1788539479722
[debug] [2026-09-04T16:11:17.259Z] Checked if tokens are valid: true, expires at: 1788539479722
[debug] [2026-09-04T16:11:17.259Z] Checked if tokens are valid: true, expires at: 1788539479722
[debug] [2026-09-04T16:11:17.260Z] Checked if tokens are valid: true, expires at: 1788539479722
[debug] [2026-09-04T16:11:17.260Z] Checked if tokens are valid: true, expires at: 1788539479722
[debug] [2026-09-04T16:11:17.260Z] Checked if tokens are valid: true, expires at: 1788539479722
[debug] [2026-09-04T16:11:17.260Z] Checked if tokens are valid: true, expires at: 1788539479722
[debug] [2026-09-04T16:11:17.260Z] Checked if tokens are valid: true, expires at: 1788539479722
[debug] [2026-09-04T16:11:17.260Z] Checked if tokens are valid: true, expires at: 1788539479722
[debug] [2026-09-04T16:11:17.260Z] Checked if tokens are valid: true, expires at: 1788539479722
[debug] [2026-09-04T16:11:17.260Z] Checked if tokens are valid: true, expires at: 1788539479722
[debug] [2026-09-04T16:11:17.260Z] Checked if tokens are valid: true, expires at: 1788539479722
[debug] [2026-09-04T16:11:17.260Z] Checked if tokens are valid: true, expires at: 1788539479722
[debug] [2026-09-04T16:11:17.261Z] Checked if tokens are valid: true, expires at: 1788539479722
[debug] [2026-09-04T16:11:17.261Z] Checked if tokens are valid: true, expires at: 1788539479722
[debug] [2026-09-04T16:11:17.261Z] Checked if tokens are valid: true, expires at: 1788539479722
[debug] [2026-09-04T16:11:17.261Z] Checked if tokens are valid: true, expires at: 1788539479722
[debug] [2026-09-04T16:11:17.261Z] Checked if tokens are valid: true, expires at: 1788539479722
[debug] [2026-09-04T16:11:17.261Z] Checked if tokens are valid: true, expires at: 1788539479722
[debug] [2026-09-04T16:11:17.261Z] Checked if tokens are valid: true, expires at: 1788539479722
[debug] [2026-09-04T16:11:17.262Z] Checked if tokens are valid: true, expires at: 1788539479722
[debug] [2026-09-04T16:11:17.262Z] Checked if tokens are valid: true, expires at: 1788539479722
[debug] [2026-09-04T16:11:17.262Z] Checked if tokens are valid: true, expires at: 1788539479722
[debug] [2026-09-04T16:11:17.262Z] Checked if tokens are valid: true, expires at: 1788539479722
[debug] [2026-09-04T16:11:17.262Z] Checked if tokens are valid: true, expires at: 1788539479722
[debug] [2026-09-04T16:11:17.262Z] Checked if tokens are valid: true, expires at: 1788539479722
[debug] [2026-09-04T16:11:17.262Z] Checked if tokens are valid: true, expires at: 1788539479722
[debug] [2026-09-04T16:11:17.262Z] Checked if tokens are valid: true, expires at: 1788539479722
[debug] [2026-09-04T16:11:17.262Z] Checked if tokens are valid: true, expires at: 1788539479722
[debug] [2026-09-04T16:11:17.262Z] Checked if tokens are valid: true, expires at: 1788539479722
[debug] [2026-09-04T16:11:17.262Z] Checked if tokens are valid: true, expires at: 1788539479722
[debug] [2026-09-04T16:11:17.262Z] Checked if tokens are valid: true, expires at: 1788539479722
[debug] [2026-09-04T16:11:17.262Z] Checked if tokens are valid: true, expires at: 1788539479722
[debug] [2026-09-04T16:11:17.262Z] Checked if tokens are valid: true, expires at: 1788539479722
[debug] [2026-09-04T16:11:17.263Z] Checked if tokens are valid: true, expires at: 1788539479722
[debug] [2026-09-04T16:11:17.263Z] Checked if tokens are valid: true, expires at: 1788539479722
[debug] [2026-09-04T16:11:17.263Z] Checked if tokens are valid: true, expires at: 1788539479722
[debug] [2026-09-04T16:11:17.263Z] Checked if tokens are valid: true, expires at: 1788539479722
[debug] [2026-09-04T16:11:17.263Z] Checked if tokens are valid: true, expires at: 1788539479722
[debug] [2026-09-04T16:11:17.263Z] Checked if tokens are valid: true, expires at: 1788539479722
[debug] [2026-09-04T16:11:17.263Z] Checked if tokens are valid: true, expires at: 1788539479722
[debug] [2026-09-04T16:11:17.263Z] Checked if tokens are valid: true, expires at: 1788539479722
[debug] [2026-09-04T16:11:17.263Z] Checked if tokens are valid: true, expires at: 1788539479722
[debug] [2026-09-04T16:11:17.263Z] Checked if tokens are valid: true, expires at: 1788539479722
[debug] [2026-09-04T16:11:17.263Z] Checked if tokens are valid: true, expires at: 1788539479722
[debug] [2026-09-04T16:11:17.263Z] Checked if tokens are valid: true, expires at: 1788539479722
[debug] [2026-09-04T16:11:17.263Z] Checked if tokens are valid: true, expires at: 1788539479722
[debug] [2026-09-04T16:11:17.263Z] Checked if tokens are valid: true, expires at: 1788539479722
[debug] [2026-09-04T16:11:17.264Z] Checked if tokens are valid: true, expires at: 1788539479722
[debug] [2026-09-04T16:11:17.264Z] Checked if tokens are valid: true, expires at: 1788539479722
[debug] [2026-09-04T16:11:17.264Z] Checked if tokens are valid: true, expires at: 1788539479722
[debug] [2026-09-04T16:11:17.264Z] Checked if tokens are valid: true, expires at: 1788539479722
[debug] [2026-09-04T16:11:17.264Z] Checked if tokens are valid: true, expires at: 1788539479722
[debug] [2026-09-04T16:11:17.264Z] Checked if tokens are valid: true, expires at: 1788539479722
[debug] [2026-09-04T16:11:17.264Z] Checked if tokens are valid: true, expires at: 1788539479722
[debug] [2026-09-04T16:11:17.264Z] Checked if tokens are valid: true, expires at: 1788539479722
[debug] [2026-09-04T16:11:17.264Z] Checked if tokens are valid: true, expires at: 1788539479722
[debug] [2026-09-04T16:11:17.264Z] Checked if tokens are valid: true, expires at: 1788539479722
[debug] [2026-09-04T16:11:17.264Z] Checked if tokens are valid: true, expires at: 1788539479722
[debug] [2026-09-04T16:11:17.264Z] Checked if tokens are valid: true, expires at: 1788539479722
[debug] [2026-09-04T16:11:17.264Z] Checked if tokens are valid: true, expires at: 1788539479722
[debug] [2026-09-04T16:11:17.264Z] Checked if tokens are valid: true, expires at: 1788539479722
[debug] [2026-09-04T16:11:17.265Z] Checked if tokens are valid: true, expires at: 1788539479722
[debug] [2026-09-04T16:11:17.265Z] Checked if tokens are valid: true, expires at: 1788539479722
[debug] [2026-09-04T16:11:17.265Z] Checked if tokens are valid: true, expires at: 1788539479722
[debug] [2026-09-04T16:11:17.265Z] Checked if tokens are valid: true, expires at: 1788539479722
[debug] [2026-09-04T16:11:17.265Z] Checked if tokens are valid: true, expires at: 1788539479722
[debug] [2026-09-04T16:11:17.265Z] Checked if tokens are valid: true, expires at: 1788539479722
[debug] [2026-09-04T16:11:17.265Z] Checked if tokens are valid: true, expires at: 1788539479722
[debug] [2026-09-04T16:11:17.265Z] Checked if tokens are valid: true, expires at: 1788539479722
[debug] [2026-09-04T16:11:17.265Z] Checked if tokens are valid: true, expires at: 1788539479722
[debug] [2026-09-04T16:11:17.265Z] Checked if tokens are valid: true, expires at: 1788539479722
[debug] [2026-09-04T16:11:17.266Z] >>> [apiv2][query] POST https://upload-firebasehosting.googleapis.com/upload/sites/my-job-cd13f/versions/d686f30a7fcecbbf/files/77c282f436d60c03a6bc22fb362cc8c8400bacc2dc2e830a4bbdc9984738d8b7 [none]
[debug] [2026-09-04T16:11:17.266Z] >>> [apiv2][body] POST https://upload-firebasehosting.googleapis.com/upload/sites/my-job-cd13f/versions/d686f30a7fcecbbf/files/77c282f436d60c03a6bc22fb362cc8c8400bacc2dc2e830a4bbdc9984738d8b7 [stream]
[debug] [2026-09-04T16:11:17.267Z] >>> [apiv2][query] POST https://upload-firebasehosting.googleapis.com/upload/sites/my-job-cd13f/versions/d686f30a7fcecbbf/files/2565a560f1a41e1108bc96ee2db71ef03fd45db2a3393f2afa206f1334fb78ee [none]
[debug] [2026-09-04T16:11:17.267Z] >>> [apiv2][body] POST https://upload-firebasehosting.googleapis.com/upload/sites/my-job-cd13f/versions/d686f30a7fcecbbf/files/2565a560f1a41e1108bc96ee2db71ef03fd45db2a3393f2afa206f1334fb78ee [stream]
[debug] [2026-09-04T16:11:17.267Z] >>> [apiv2][query] POST https://upload-firebasehosting.googleapis.com/upload/sites/my-job-cd13f/versions/d686f30a7fcecbbf/files/191c734d01a0334d91035e81bf3187ae15d515bef12d4c6d140672ce0b3a9ed3 [none]
[debug] [2026-09-04T16:11:17.267Z] >>> [apiv2][body] POST https://upload-firebasehosting.googleapis.com/upload/sites/my-job-cd13f/versions/d686f30a7fcecbbf/files/191c734d01a0334d91035e81bf3187ae15d515bef12d4c6d140672ce0b3a9ed3 [stream]
[debug] [2026-09-04T16:11:17.268Z] >>> [apiv2][query] POST https://upload-firebasehosting.googleapis.com/upload/sites/my-job-cd13f/versions/d686f30a7fcecbbf/files/7b028bee267837190ee2eeb7230a50988d05a216046733448035dadb4fa4b411 [none]
[debug] [2026-09-04T16:11:17.268Z] >>> [apiv2][body] POST https://upload-firebasehosting.googleapis.com/upload/sites/my-job-cd13f/versions/d686f30a7fcecbbf/files/7b028bee267837190ee2eeb7230a50988d05a216046733448035dadb4fa4b411 [stream]
[debug] [2026-09-04T16:11:17.268Z] >>> [apiv2][query] POST https://upload-firebasehosting.googleapis.com/upload/sites/my-job-cd13f/versions/d686f30a7fcecbbf/files/dca09cb2b579e132b56b85e81d0ad036f4d705f46d3f2fa1ee58a131117adda2 [none]
[debug] [2026-09-04T16:11:17.268Z] >>> [apiv2][body] POST https://upload-firebasehosting.googleapis.com/upload/sites/my-job-cd13f/versions/d686f30a7fcecbbf/files/dca09cb2b579e132b56b85e81d0ad036f4d705f46d3f2fa1ee58a131117adda2 [stream]
[debug] [2026-09-04T16:11:17.269Z] >>> [apiv2][query] POST https://upload-firebasehosting.googleapis.com/upload/sites/my-job-cd13f/versions/d686f30a7fcecbbf/files/7a1169df9a8af2d542ada4bef482892eef3955663832814f9efc940572868018 [none]
[debug] [2026-09-04T16:11:17.269Z] >>> [apiv2][body] POST https://upload-firebasehosting.googleapis.com/upload/sites/my-job-cd13f/versions/d686f30a7fcecbbf/files/7a1169df9a8af2d542ada4bef482892eef3955663832814f9efc940572868018 [stream]
[debug] [2026-09-04T16:11:17.269Z] >>> [apiv2][query] POST https://upload-firebasehosting.googleapis.com/upload/sites/my-job-cd13f/versions/d686f30a7fcecbbf/files/983258a5d39dbbc86da8ef3ccf7967ce2c527e6136067b13d64ba1371d89313b [none]
[debug] [2026-09-04T16:11:17.269Z] >>> [apiv2][body] POST https://upload-firebasehosting.googleapis.com/upload/sites/my-job-cd13f/versions/d686f30a7fcecbbf/files/983258a5d39dbbc86da8ef3ccf7967ce2c527e6136067b13d64ba1371d89313b [stream]
[debug] [2026-09-04T16:11:17.270Z] >>> [apiv2][query] POST https://upload-firebasehosting.googleapis.com/upload/sites/my-job-cd13f/versions/d686f30a7fcecbbf/files/6d6e82303f2aedd9bd7a432d61b76b311d62a4458f6e86779facd247a2eca0d7 [none]
[debug] [2026-09-04T16:11:17.270Z] >>> [apiv2][body] POST https://upload-firebasehosting.googleapis.com/upload/sites/my-job-cd13f/versions/d686f30a7fcecbbf/files/6d6e82303f2aedd9bd7a432d61b76b311d62a4458f6e86779facd247a2eca0d7 [stream]
[debug] [2026-09-04T16:11:17.270Z] >>> [apiv2][query] POST https://upload-firebasehosting.googleapis.com/upload/sites/my-job-cd13f/versions/d686f30a7fcecbbf/files/75c3337be6581e8c9aa7a3662d8a5bb82ff619fbb5505a2cde9515dbdc619dc6 [none]
[debug] [2026-09-04T16:11:17.270Z] >>> [apiv2][body] POST https://upload-firebasehosting.googleapis.com/upload/sites/my-job-cd13f/versions/d686f30a7fcecbbf/files/75c3337be6581e8c9aa7a3662d8a5bb82ff619fbb5505a2cde9515dbdc619dc6 [stream]
[debug] [2026-09-04T16:11:17.270Z] >>> [apiv2][query] POST https://upload-firebasehosting.googleapis.com/upload/sites/my-job-cd13f/versions/d686f30a7fcecbbf/files/9d43527a3747d2ef3824e1c91032bb3c23a0ab883225a20fdd4aba70a13fddcf [none]
[debug] [2026-09-04T16:11:17.270Z] >>> [apiv2][body] POST https://upload-firebasehosting.googleapis.com/upload/sites/my-job-cd13f/versions/d686f30a7fcecbbf/files/9d43527a3747d2ef3824e1c91032bb3c23a0ab883225a20fdd4aba70a13fddcf [stream]
[debug] [2026-09-04T16:11:17.270Z] >>> [apiv2][query] POST https://upload-firebasehosting.googleapis.com/upload/sites/my-job-cd13f/versions/d686f30a7fcecbbf/files/0403a2ae22306937d491620b08465a4306f8b33f24f587ee242941cbf6be230e [none]
[debug] [2026-09-04T16:11:17.270Z] >>> [apiv2][body] POST https://upload-firebasehosting.googleapis.com/upload/sites/my-job-cd13f/versions/d686f30a7fcecbbf/files/0403a2ae22306937d491620b08465a4306f8b33f24f587ee242941cbf6be230e [stream]
[debug] [2026-09-04T16:11:17.271Z] >>> [apiv2][query] POST https://upload-firebasehosting.googleapis.com/upload/sites/my-job-cd13f/versions/d686f30a7fcecbbf/files/cc3f4203830760428be078657d8684ae92bcf7444de562a17365a78f7f34cc9a [none]
[debug] [2026-09-04T16:11:17.271Z] >>> [apiv2][body] POST https://upload-firebasehosting.googleapis.com/upload/sites/my-job-cd13f/versions/d686f30a7fcecbbf/files/cc3f4203830760428be078657d8684ae92bcf7444de562a17365a78f7f34cc9a [stream]
[debug] [2026-09-04T16:11:17.271Z] >>> [apiv2][query] POST https://upload-firebasehosting.googleapis.com/upload/sites/my-job-cd13f/versions/d686f30a7fcecbbf/files/c80bb56f272514a4811b60652c5235213ba903a5acc490091e6c99ed9f39d0fc [none]
[debug] [2026-09-04T16:11:17.271Z] >>> [apiv2][body] POST https://upload-firebasehosting.googleapis.com/upload/sites/my-job-cd13f/versions/d686f30a7fcecbbf/files/c80bb56f272514a4811b60652c5235213ba903a5acc490091e6c99ed9f39d0fc [stream]
[debug] [2026-09-04T16:11:17.271Z] >>> [apiv2][query] POST https://upload-firebasehosting.googleapis.com/upload/sites/my-job-cd13f/versions/d686f30a7fcecbbf/files/fb9d44b7f830e7a19a8f26dd248dd547efaf7cbf69475263a5ba5f78210b6e2f [none]
[debug] [2026-09-04T16:11:17.271Z] >>> [apiv2][body] POST https://upload-firebasehosting.googleapis.com/upload/sites/my-job-cd13f/versions/d686f30a7fcecbbf/files/fb9d44b7f830e7a19a8f26dd248dd547efaf7cbf69475263a5ba5f78210b6e2f [stream]
[debug] [2026-09-04T16:11:17.271Z] >>> [apiv2][query] POST https://upload-firebasehosting.googleapis.com/upload/sites/my-job-cd13f/versions/d686f30a7fcecbbf/files/91deea253bdb5d92150edbc0e79ab7883bdb546c9c91e39ce7e3e7bc23c7912b [none]
[debug] [2026-09-04T16:11:17.271Z] >>> [apiv2][body] POST https://upload-firebasehosting.googleapis.com/upload/sites/my-job-cd13f/versions/d686f30a7fcecbbf/files/91deea253bdb5d92150edbc0e79ab7883bdb546c9c91e39ce7e3e7bc23c7912b [stream]
[debug] [2026-09-04T16:11:17.272Z] >>> [apiv2][query] POST https://upload-firebasehosting.googleapis.com/upload/sites/my-job-cd13f/versions/d686f30a7fcecbbf/files/b2d7efe84e377050d4410a62e95d9cd8930e208977b1a2589636879bfb0d043e [none]
[debug] [2026-09-04T16:11:17.272Z] >>> [apiv2][body] POST https://upload-firebasehosting.googleapis.com/upload/sites/my-job-cd13f/versions/d686f30a7fcecbbf/files/b2d7efe84e377050d4410a62e95d9cd8930e208977b1a2589636879bfb0d043e [stream]
[debug] [2026-09-04T16:11:17.272Z] >>> [apiv2][query] POST https://upload-firebasehosting.googleapis.com/upload/sites/my-job-cd13f/versions/d686f30a7fcecbbf/files/2c6f568bd74de7168e571a7390292aad4715a9bcb49cc7dbc57d42c3c1d01257 [none]
[debug] [2026-09-04T16:11:17.272Z] >>> [apiv2][body] POST https://upload-firebasehosting.googleapis.com/upload/sites/my-job-cd13f/versions/d686f30a7fcecbbf/files/2c6f568bd74de7168e571a7390292aad4715a9bcb49cc7dbc57d42c3c1d01257 [stream]
[debug] [2026-09-04T16:11:17.272Z] >>> [apiv2][query] POST https://upload-firebasehosting.googleapis.com/upload/sites/my-job-cd13f/versions/d686f30a7fcecbbf/files/5b7790b76c0712ae337a1558083e983b9b2be62bcc7f1a6642c34fba26aa74fa [none]
[debug] [2026-09-04T16:11:17.272Z] >>> [apiv2][body] POST https://upload-firebasehosting.googleapis.com/upload/sites/my-job-cd13f/versions/d686f30a7fcecbbf/files/5b7790b76c0712ae337a1558083e983b9b2be62bcc7f1a6642c34fba26aa74fa [stream]
[debug] [2026-09-04T16:11:17.272Z] >>> [apiv2][query] POST https://upload-firebasehosting.googleapis.com/upload/sites/my-job-cd13f/versions/d686f30a7fcecbbf/files/8eff81e5b6b57dd2329f06e0805055265586ad1a2458eea029441049947abf6d [none]
[debug] [2026-09-04T16:11:17.272Z] >>> [apiv2][body] POST https://upload-firebasehosting.googleapis.com/upload/sites/my-job-cd13f/versions/d686f30a7fcecbbf/files/8eff81e5b6b57dd2329f06e0805055265586ad1a2458eea029441049947abf6d [stream]
[debug] [2026-09-04T16:11:17.272Z] >>> [apiv2][query] POST https://upload-firebasehosting.googleapis.com/upload/sites/my-job-cd13f/versions/d686f30a7fcecbbf/files/c26aa28bd8baac6380eceaab4c7183c1b8a9027ff2a7dd5e8f4affa007d2872f [none]
[debug] [2026-09-04T16:11:17.273Z] >>> [apiv2][body] POST https://upload-firebasehosting.googleapis.com/upload/sites/my-job-cd13f/versions/d686f30a7fcecbbf/files/c26aa28bd8baac6380eceaab4c7183c1b8a9027ff2a7dd5e8f4affa007d2872f [stream]
[debug] [2026-09-04T16:11:17.273Z] >>> [apiv2][query] POST https://upload-firebasehosting.googleapis.com/upload/sites/my-job-cd13f/versions/d686f30a7fcecbbf/files/39127341f1daf56c9d3db83f85187c9662542d604d9b0141491109d8e39927b3 [none]
[debug] [2026-09-04T16:11:17.273Z] >>> [apiv2][body] POST https://upload-firebasehosting.googleapis.com/upload/sites/my-job-cd13f/versions/d686f30a7fcecbbf/files/39127341f1daf56c9d3db83f85187c9662542d604d9b0141491109d8e39927b3 [stream]
[debug] [2026-09-04T16:11:17.273Z] >>> [apiv2][query] POST https://upload-firebasehosting.googleapis.com/upload/sites/my-job-cd13f/versions/d686f30a7fcecbbf/files/37d7436260b5ddaff8bfa59a30d89c4618cb97988ce3dfbaf155eb6dba9d992e [none]
[debug] [2026-09-04T16:11:17.273Z] >>> [apiv2][body] POST https://upload-firebasehosting.googleapis.com/upload/sites/my-job-cd13f/versions/d686f30a7fcecbbf/files/37d7436260b5ddaff8bfa59a30d89c4618cb97988ce3dfbaf155eb6dba9d992e [stream]
[debug] [2026-09-04T16:11:17.273Z] >>> [apiv2][query] POST https://upload-firebasehosting.googleapis.com/upload/sites/my-job-cd13f/versions/d686f30a7fcecbbf/files/c2f9de5b2f1eb76a6d349e813aa8df6be634641f9b14c546d0b21e1f7600667f [none]
[debug] [2026-09-04T16:11:17.273Z] >>> [apiv2][body] POST https://upload-firebasehosting.googleapis.com/upload/sites/my-job-cd13f/versions/d686f30a7fcecbbf/files/c2f9de5b2f1eb76a6d349e813aa8df6be634641f9b14c546d0b21e1f7600667f [stream]
[debug] [2026-09-04T16:11:17.274Z] >>> [apiv2][query] POST https://upload-firebasehosting.googleapis.com/upload/sites/my-job-cd13f/versions/d686f30a7fcecbbf/files/e341425944ce426ddb73dbca2abdc54d9dd4ac211e9ae8705e7e1dac88eb256b [none]
[debug] [2026-09-04T16:11:17.274Z] >>> [apiv2][body] POST https://upload-firebasehosting.googleapis.com/upload/sites/my-job-cd13f/versions/d686f30a7fcecbbf/files/e341425944ce426ddb73dbca2abdc54d9dd4ac211e9ae8705e7e1dac88eb256b [stream]
[debug] [2026-09-04T16:11:17.274Z] >>> [apiv2][query] POST https://upload-firebasehosting.googleapis.com/upload/sites/my-job-cd13f/versions/d686f30a7fcecbbf/files/4d2b8371a536c67f00731b91c4464f862557046c6269832f2d8d6ac6e98acf9d [none]
[debug] [2026-09-04T16:11:17.274Z] >>> [apiv2][body] POST https://upload-firebasehosting.googleapis.com/upload/sites/my-job-cd13f/versions/d686f30a7fcecbbf/files/4d2b8371a536c67f00731b91c4464f862557046c6269832f2d8d6ac6e98acf9d [stream]
[debug] [2026-09-04T16:11:17.274Z] >>> [apiv2][query] POST https://upload-firebasehosting.googleapis.com/upload/sites/my-job-cd13f/versions/d686f30a7fcecbbf/files/5175b49129b943b8b6453570b40ec2817da0389b8e01a1a70d14ad705bb17922 [none]
[debug] [2026-09-04T16:11:17.274Z] >>> [apiv2][body] POST https://upload-firebasehosting.googleapis.com/upload/sites/my-job-cd13f/versions/d686f30a7fcecbbf/files/5175b49129b943b8b6453570b40ec2817da0389b8e01a1a70d14ad705bb17922 [stream]
[debug] [2026-09-04T16:11:17.274Z] >>> [apiv2][query] POST https://upload-firebasehosting.googleapis.com/upload/sites/my-job-cd13f/versions/d686f30a7fcecbbf/files/19415931c73a9418627843cf3a5ec1f051440133566b90052f553677251f9f5f [none]
[debug] [2026-09-04T16:11:17.274Z] >>> [apiv2][body] POST https://upload-firebasehosting.googleapis.com/upload/sites/my-job-cd13f/versions/d686f30a7fcecbbf/files/19415931c73a9418627843cf3a5ec1f051440133566b90052f553677251f9f5f [stream]
[debug] [2026-09-04T16:11:17.275Z] >>> [apiv2][query] POST https://upload-firebasehosting.googleapis.com/upload/sites/my-job-cd13f/versions/d686f30a7fcecbbf/files/04fb434e9101563594bfbc7549b4a365c769a99601bd1eb45bb1af84644ea6be [none]
[debug] [2026-09-04T16:11:17.275Z] >>> [apiv2][body] POST https://upload-firebasehosting.googleapis.com/upload/sites/my-job-cd13f/versions/d686f30a7fcecbbf/files/04fb434e9101563594bfbc7549b4a365c769a99601bd1eb45bb1af84644ea6be [stream]
[debug] [2026-09-04T16:11:17.275Z] >>> [apiv2][query] POST https://upload-firebasehosting.googleapis.com/upload/sites/my-job-cd13f/versions/d686f30a7fcecbbf/files/47d3df0fa8337852e271b2f06cf5a163f894c3122abb6877073a24b1c880e869 [none]
[debug] [2026-09-04T16:11:17.275Z] >>> [apiv2][body] POST https://upload-firebasehosting.googleapis.com/upload/sites/my-job-cd13f/versions/d686f30a7fcecbbf/files/47d3df0fa8337852e271b2f06cf5a163f894c3122abb6877073a24b1c880e869 [stream]
[debug] [2026-09-04T16:11:17.275Z] >>> [apiv2][query] POST https://upload-firebasehosting.googleapis.com/upload/sites/my-job-cd13f/versions/d686f30a7fcecbbf/files/96c36a30d13c0b39e7e06f7611d44d5dfd342a3c803a0e85b898ca61de1e7a5d [none]
[debug] [2026-09-04T16:11:17.275Z] >>> [apiv2][body] POST https://upload-firebasehosting.googleapis.com/upload/sites/my-job-cd13f/versions/d686f30a7fcecbbf/files/96c36a30d13c0b39e7e06f7611d44d5dfd342a3c803a0e85b898ca61de1e7a5d [stream]
[debug] [2026-09-04T16:11:17.275Z] >>> [apiv2][query] POST https://upload-firebasehosting.googleapis.com/upload/sites/my-job-cd13f/versions/d686f30a7fcecbbf/files/ef47edef1131291a030ec43fd9827adea59c489cd0b4b4be4e56a3832a9bc81c [none]
[debug] [2026-09-04T16:11:17.275Z] >>> [apiv2][body] POST https://upload-firebasehosting.googleapis.com/upload/sites/my-job-cd13f/versions/d686f30a7fcecbbf/files/ef47edef1131291a030ec43fd9827adea59c489cd0b4b4be4e56a3832a9bc81c [stream]
[debug] [2026-09-04T16:11:17.276Z] >>> [apiv2][query] POST https://upload-firebasehosting.googleapis.com/upload/sites/my-job-cd13f/versions/d686f30a7fcecbbf/files/7984d9ec9572816083ba257c3eb1cbaa91e564f5f2d5f20e53b8f39abea15083 [none]
[debug] [2026-09-04T16:11:17.276Z] >>> [apiv2][body] POST https://upload-firebasehosting.googleapis.com/upload/sites/my-job-cd13f/versions/d686f30a7fcecbbf/files/7984d9ec9572816083ba257c3eb1cbaa91e564f5f2d5f20e53b8f39abea15083 [stream]
[debug] [2026-09-04T16:11:17.276Z] >>> [apiv2][query] POST https://upload-firebasehosting.googleapis.com/upload/sites/my-job-cd13f/versions/d686f30a7fcecbbf/files/c039cc15eb1ce278ef1a3519608f59680c89b3aefc26f6a5c77e6012b250b8c4 [none]
[debug] [2026-09-04T16:11:17.276Z] >>> [apiv2][body] POST https://upload-firebasehosting.googleapis.com/upload/sites/my-job-cd13f/versions/d686f30a7fcecbbf/files/c039cc15eb1ce278ef1a3519608f59680c89b3aefc26f6a5c77e6012b250b8c4 [stream]
[debug] [2026-09-04T16:11:17.276Z] >>> [apiv2][query] POST https://upload-firebasehosting.googleapis.com/upload/sites/my-job-cd13f/versions/d686f30a7fcecbbf/files/0ec0e3ae31d986e0d65029783d958e944d59cb040def233a9e7a038011592dcc [none]
[debug] [2026-09-04T16:11:17.276Z] >>> [apiv2][body] POST https://upload-firebasehosting.googleapis.com/upload/sites/my-job-cd13f/versions/d686f30a7fcecbbf/files/0ec0e3ae31d986e0d65029783d958e944d59cb040def233a9e7a038011592dcc [stream]
[debug] [2026-09-04T16:11:17.276Z] >>> [apiv2][query] POST https://upload-firebasehosting.googleapis.com/upload/sites/my-job-cd13f/versions/d686f30a7fcecbbf/files/27aa6d373f62a13746160fd38cf08784ece79efad53e02774c407c5ef9b576f2 [none]
[debug] [2026-09-04T16:11:17.276Z] >>> [apiv2][body] POST https://upload-firebasehosting.googleapis.com/upload/sites/my-job-cd13f/versions/d686f30a7fcecbbf/files/27aa6d373f62a13746160fd38cf08784ece79efad53e02774c407c5ef9b576f2 [stream]
[debug] [2026-09-04T16:11:17.277Z] >>> [apiv2][query] POST https://upload-firebasehosting.googleapis.com/upload/sites/my-job-cd13f/versions/d686f30a7fcecbbf/files/dd8c72c712cd0daf4f3e83e58b3811ff03ffe676d914296ce6d54487d33f4b7a [none]
[debug] [2026-09-04T16:11:17.277Z] >>> [apiv2][body] POST https://upload-firebasehosting.googleapis.com/upload/sites/my-job-cd13f/versions/d686f30a7fcecbbf/files/dd8c72c712cd0daf4f3e83e58b3811ff03ffe676d914296ce6d54487d33f4b7a [stream]
[debug] [2026-09-04T16:11:17.277Z] >>> [apiv2][query] POST https://upload-firebasehosting.googleapis.com/upload/sites/my-job-cd13f/versions/d686f30a7fcecbbf/files/16c3a7521ab3ebbd47a2a3922e6641304a0c7555d7d758db348c0b5e6c9ef55f [none]
[debug] [2026-09-04T16:11:17.277Z] >>> [apiv2][body] POST https://upload-firebasehosting.googleapis.com/upload/sites/my-job-cd13f/versions/d686f30a7fcecbbf/files/16c3a7521ab3ebbd47a2a3922e6641304a0c7555d7d758db348c0b5e6c9ef55f [stream]
[debug] [2026-09-04T16:11:17.277Z] >>> [apiv2][query] POST https://upload-firebasehosting.googleapis.com/upload/sites/my-job-cd13f/versions/d686f30a7fcecbbf/files/213cde589c0593d004feacbe6b0c1c5e5172f11d44538182ee02735d5d7cba37 [none]
[debug] [2026-09-04T16:11:17.277Z] >>> [apiv2][body] POST https://upload-firebasehosting.googleapis.com/upload/sites/my-job-cd13f/versions/d686f30a7fcecbbf/files/213cde589c0593d004feacbe6b0c1c5e5172f11d44538182ee02735d5d7cba37 [stream]
[debug] [2026-09-04T16:11:17.277Z] >>> [apiv2][query] POST https://upload-firebasehosting.googleapis.com/upload/sites/my-job-cd13f/versions/d686f30a7fcecbbf/files/e3aabf3f41b6aa4a85a99ca43194047992ef2f8a735e3972ccff894334ac3081 [none]
[debug] [2026-09-04T16:11:17.277Z] >>> [apiv2][body] POST https://upload-firebasehosting.googleapis.com/upload/sites/my-job-cd13f/versions/d686f30a7fcecbbf/files/e3aabf3f41b6aa4a85a99ca43194047992ef2f8a735e3972ccff894334ac3081 [stream]
[debug] [2026-09-04T16:11:17.277Z] >>> [apiv2][query] POST https://upload-firebasehosting.googleapis.com/upload/sites/my-job-cd13f/versions/d686f30a7fcecbbf/files/c68d938b8f320def230351bb871709e1689330918ceed047f429ce7d18b0347b [none]
[debug] [2026-09-04T16:11:17.277Z] >>> [apiv2][body] POST https://upload-firebasehosting.googleapis.com/upload/sites/my-job-cd13f/versions/d686f30a7fcecbbf/files/c68d938b8f320def230351bb871709e1689330918ceed047f429ce7d18b0347b [stream]
[debug] [2026-09-04T16:11:17.278Z] >>> [apiv2][query] POST https://upload-firebasehosting.googleapis.com/upload/sites/my-job-cd13f/versions/d686f30a7fcecbbf/files/8cd4cf35e07caa68da0b7aa068d8fc873e7ab1ba0c9665706537d416bc5e49c1 [none]
[debug] [2026-09-04T16:11:17.278Z] >>> [apiv2][body] POST https://upload-firebasehosting.googleapis.com/upload/sites/my-job-cd13f/versions/d686f30a7fcecbbf/files/8cd4cf35e07caa68da0b7aa068d8fc873e7ab1ba0c9665706537d416bc5e49c1 [stream]
[debug] [2026-09-04T16:11:17.278Z] >>> [apiv2][query] POST https://upload-firebasehosting.googleapis.com/upload/sites/my-job-cd13f/versions/d686f30a7fcecbbf/files/402ea35e0143fada9927ba22f5034070403ff82c9f4a2537f7b4128794384cab [none]
[debug] [2026-09-04T16:11:17.278Z] >>> [apiv2][body] POST https://upload-firebasehosting.googleapis.com/upload/sites/my-job-cd13f/versions/d686f30a7fcecbbf/files/402ea35e0143fada9927ba22f5034070403ff82c9f4a2537f7b4128794384cab [stream]
[debug] [2026-09-04T16:11:17.278Z] >>> [apiv2][query] POST https://upload-firebasehosting.googleapis.com/upload/sites/my-job-cd13f/versions/d686f30a7fcecbbf/files/274851587b2f889e3f900d0dd868a04d9f13018dc7aec61f1a8f17d087caf80b [none]
[debug] [2026-09-04T16:11:17.278Z] >>> [apiv2][body] POST https://upload-firebasehosting.googleapis.com/upload/sites/my-job-cd13f/versions/d686f30a7fcecbbf/files/274851587b2f889e3f900d0dd868a04d9f13018dc7aec61f1a8f17d087caf80b [stream]
[debug] [2026-09-04T16:11:17.279Z] >>> [apiv2][query] POST https://upload-firebasehosting.googleapis.com/upload/sites/my-job-cd13f/versions/d686f30a7fcecbbf/files/76033e6500b63bd671b8588dc98115ff1c14a3e482b9a54fecba8107ef1d908b [none]
[debug] [2026-09-04T16:11:17.279Z] >>> [apiv2][body] POST https://upload-firebasehosting.googleapis.com/upload/sites/my-job-cd13f/versions/d686f30a7fcecbbf/files/76033e6500b63bd671b8588dc98115ff1c14a3e482b9a54fecba8107ef1d908b [stream]
[debug] [2026-09-04T16:11:17.279Z] >>> [apiv2][query] POST https://upload-firebasehosting.googleapis.com/upload/sites/my-job-cd13f/versions/d686f30a7fcecbbf/files/68100bd4710d466b07591df85b666b497b3c0c93eaff772a17f9c5fcd6d7f646 [none]
[debug] [2026-09-04T16:11:17.279Z] >>> [apiv2][body] POST https://upload-firebasehosting.googleapis.com/upload/sites/my-job-cd13f/versions/d686f30a7fcecbbf/files/68100bd4710d466b07591df85b666b497b3c0c93eaff772a17f9c5fcd6d7f646 [stream]
[debug] [2026-09-04T16:11:17.279Z] >>> [apiv2][query] POST https://upload-firebasehosting.googleapis.com/upload/sites/my-job-cd13f/versions/d686f30a7fcecbbf/files/9cbc1bcf13c6baa8cbfae27ec6f3192c8522f25c6a36d6de75c59c9d00a1c10f [none]
[debug] [2026-09-04T16:11:17.279Z] >>> [apiv2][body] POST https://upload-firebasehosting.googleapis.com/upload/sites/my-job-cd13f/versions/d686f30a7fcecbbf/files/9cbc1bcf13c6baa8cbfae27ec6f3192c8522f25c6a36d6de75c59c9d00a1c10f [stream]
[debug] [2026-09-04T16:11:17.279Z] >>> [apiv2][query] POST https://upload-firebasehosting.googleapis.com/upload/sites/my-job-cd13f/versions/d686f30a7fcecbbf/files/d58cb3a8e17ee41084db9c8bb13d1fe757e9abe7aa3a0688b7743a71c38bfdbb [none]
[debug] [2026-09-04T16:11:17.279Z] >>> [apiv2][body] POST https://upload-firebasehosting.googleapis.com/upload/sites/my-job-cd13f/versions/d686f30a7fcecbbf/files/d58cb3a8e17ee41084db9c8bb13d1fe757e9abe7aa3a0688b7743a71c38bfdbb [stream]
[debug] [2026-09-04T16:11:17.279Z] >>> [apiv2][query] POST https://upload-firebasehosting.googleapis.com/upload/sites/my-job-cd13f/versions/d686f30a7fcecbbf/files/a7a1e319ca8721e072aea5b51b9f5fc8cb5739d950b78a8e01b018085fab7df8 [none]
[debug] [2026-09-04T16:11:17.279Z] >>> [apiv2][body] POST https://upload-firebasehosting.googleapis.com/upload/sites/my-job-cd13f/versions/d686f30a7fcecbbf/files/a7a1e319ca8721e072aea5b51b9f5fc8cb5739d950b78a8e01b018085fab7df8 [stream]
[debug] [2026-09-04T16:11:17.280Z] >>> [apiv2][query] POST https://upload-firebasehosting.googleapis.com/upload/sites/my-job-cd13f/versions/d686f30a7fcecbbf/files/9efbc2228db36b7d069c2c43486c2dac9c46baf2a74aeb12a9a528bb081da7ed [none]
[debug] [2026-09-04T16:11:17.280Z] >>> [apiv2][body] POST https://upload-firebasehosting.googleapis.com/upload/sites/my-job-cd13f/versions/d686f30a7fcecbbf/files/9efbc2228db36b7d069c2c43486c2dac9c46baf2a74aeb12a9a528bb081da7ed [stream]
[debug] [2026-09-04T16:11:17.280Z] >>> [apiv2][query] POST https://upload-firebasehosting.googleapis.com/upload/sites/my-job-cd13f/versions/d686f30a7fcecbbf/files/040e26c1ba2766a5eb9072a444dd394ef74c3ac42dbd46a3cf0d40738308166d [none]
[debug] [2026-09-04T16:11:17.280Z] >>> [apiv2][body] POST https://upload-firebasehosting.googleapis.com/upload/sites/my-job-cd13f/versions/d686f30a7fcecbbf/files/040e26c1ba2766a5eb9072a444dd394ef74c3ac42dbd46a3cf0d40738308166d [stream]
[debug] [2026-09-04T16:11:17.280Z] >>> [apiv2][query] POST https://upload-firebasehosting.googleapis.com/upload/sites/my-job-cd13f/versions/d686f30a7fcecbbf/files/3da2b9d60c73a8e40ab1693071dd6d7704674d2e3b2e9b35b92228127150852b [none]
[debug] [2026-09-04T16:11:17.280Z] >>> [apiv2][body] POST https://upload-firebasehosting.googleapis.com/upload/sites/my-job-cd13f/versions/d686f30a7fcecbbf/files/3da2b9d60c73a8e40ab1693071dd6d7704674d2e3b2e9b35b92228127150852b [stream]
[debug] [2026-09-04T16:11:17.281Z] >>> [apiv2][query] POST https://upload-firebasehosting.googleapis.com/upload/sites/my-job-cd13f/versions/d686f30a7fcecbbf/files/91ef4fd85fd20a285a35c62fb30c66552397f081ed6e915d2fa6c4d804ba7bb3 [none]
[debug] [2026-09-04T16:11:17.281Z] >>> [apiv2][body] POST https://upload-firebasehosting.googleapis.com/upload/sites/my-job-cd13f/versions/d686f30a7fcecbbf/files/91ef4fd85fd20a285a35c62fb30c66552397f081ed6e915d2fa6c4d804ba7bb3 [stream]
[debug] [2026-09-04T16:11:17.281Z] >>> [apiv2][query] POST https://upload-firebasehosting.googleapis.com/upload/sites/my-job-cd13f/versions/d686f30a7fcecbbf/files/5fb295ef7e44f23e1288dc74934cfcb656f98e47aa7ce17906719f1647db7567 [none]
[debug] [2026-09-04T16:11:17.281Z] >>> [apiv2][body] POST https://upload-firebasehosting.googleapis.com/upload/sites/my-job-cd13f/versions/d686f30a7fcecbbf/files/5fb295ef7e44f23e1288dc74934cfcb656f98e47aa7ce17906719f1647db7567 [stream]
[debug] [2026-09-04T16:11:17.281Z] >>> [apiv2][query] POST https://upload-firebasehosting.googleapis.com/upload/sites/my-job-cd13f/versions/d686f30a7fcecbbf/files/347048aeeb1f10ac2495344696b5198fb06300d0fbcd5e2cffdb937b0f465e97 [none]
[debug] [2026-09-04T16:11:17.281Z] >>> [apiv2][body] POST https://upload-firebasehosting.googleapis.com/upload/sites/my-job-cd13f/versions/d686f30a7fcecbbf/files/347048aeeb1f10ac2495344696b5198fb06300d0fbcd5e2cffdb937b0f465e97 [stream]
[debug] [2026-09-04T16:11:17.281Z] >>> [apiv2][query] POST https://upload-firebasehosting.googleapis.com/upload/sites/my-job-cd13f/versions/d686f30a7fcecbbf/files/451aedb3a26eb4610a52f081133bf355b545b6e0969eed18ad2eceb0b92b668a [none]
[debug] [2026-09-04T16:11:17.281Z] >>> [apiv2][body] POST https://upload-firebasehosting.googleapis.com/upload/sites/my-job-cd13f/versions/d686f30a7fcecbbf/files/451aedb3a26eb4610a52f081133bf355b545b6e0969eed18ad2eceb0b92b668a [stream]
[debug] [2026-09-04T16:11:17.282Z] >>> [apiv2][query] POST https://upload-firebasehosting.googleapis.com/upload/sites/my-job-cd13f/versions/d686f30a7fcecbbf/files/cbcec94fc1511256aaf3b9f152236095b7159dc699f311996b731031c8bcc5e1 [none]
[debug] [2026-09-04T16:11:17.282Z] >>> [apiv2][body] POST https://upload-firebasehosting.googleapis.com/upload/sites/my-job-cd13f/versions/d686f30a7fcecbbf/files/cbcec94fc1511256aaf3b9f152236095b7159dc699f311996b731031c8bcc5e1 [stream]
[debug] [2026-09-04T16:11:17.282Z] >>> [apiv2][query] POST https://upload-firebasehosting.googleapis.com/upload/sites/my-job-cd13f/versions/d686f30a7fcecbbf/files/a61a4c831a87c474f7bcd33832e11ce87d5293f058d76de107b9440a7b678a9f [none]
[debug] [2026-09-04T16:11:17.282Z] >>> [apiv2][body] POST https://upload-firebasehosting.googleapis.com/upload/sites/my-job-cd13f/versions/d686f30a7fcecbbf/files/a61a4c831a87c474f7bcd33832e11ce87d5293f058d76de107b9440a7b678a9f [stream]
[debug] [2026-09-04T16:11:17.283Z] >>> [apiv2][query] POST https://upload-firebasehosting.googleapis.com/upload/sites/my-job-cd13f/versions/d686f30a7fcecbbf/files/9207d01f3ec56b114044aa75fcdc0926c48763ed684827094796504b17386d63 [none]
[debug] [2026-09-04T16:11:17.283Z] >>> [apiv2][body] POST https://upload-firebasehosting.googleapis.com/upload/sites/my-job-cd13f/versions/d686f30a7fcecbbf/files/9207d01f3ec56b114044aa75fcdc0926c48763ed684827094796504b17386d63 [stream]
[debug] [2026-09-04T16:11:17.283Z] >>> [apiv2][query] POST https://upload-firebasehosting.googleapis.com/upload/sites/my-job-cd13f/versions/d686f30a7fcecbbf/files/d4a28972402e210fc27e5eb870858dd52be5cd1f4247881887fbe179aad0be83 [none]
[debug] [2026-09-04T16:11:17.283Z] >>> [apiv2][body] POST https://upload-firebasehosting.googleapis.com/upload/sites/my-job-cd13f/versions/d686f30a7fcecbbf/files/d4a28972402e210fc27e5eb870858dd52be5cd1f4247881887fbe179aad0be83 [stream]
[debug] [2026-09-04T16:11:17.283Z] >>> [apiv2][query] POST https://upload-firebasehosting.googleapis.com/upload/sites/my-job-cd13f/versions/d686f30a7fcecbbf/files/7c38a88219870c03774575f8f056a6f3f55e3e7cdb729fd826e4fdf71030bec1 [none]
[debug] [2026-09-04T16:11:17.283Z] >>> [apiv2][body] POST https://upload-firebasehosting.googleapis.com/upload/sites/my-job-cd13f/versions/d686f30a7fcecbbf/files/7c38a88219870c03774575f8f056a6f3f55e3e7cdb729fd826e4fdf71030bec1 [stream]
[debug] [2026-09-04T16:11:17.283Z] >>> [apiv2][query] POST https://upload-firebasehosting.googleapis.com/upload/sites/my-job-cd13f/versions/d686f30a7fcecbbf/files/54a230ae3798740c609ae55a6469854c6f89fe14d24d20f2dce3707baba07f95 [none]
[debug] [2026-09-04T16:11:17.283Z] >>> [apiv2][body] POST https://upload-firebasehosting.googleapis.com/upload/sites/my-job-cd13f/versions/d686f30a7fcecbbf/files/54a230ae3798740c609ae55a6469854c6f89fe14d24d20f2dce3707baba07f95 [stream]
[debug] [2026-09-04T16:11:17.284Z] >>> [apiv2][query] POST https://upload-firebasehosting.googleapis.com/upload/sites/my-job-cd13f/versions/d686f30a7fcecbbf/files/cf459609f05fc3006856ebb50c26d4a2c9a6960d18d0838d81e9150d5d5a1d0d [none]
[debug] [2026-09-04T16:11:17.284Z] >>> [apiv2][body] POST https://upload-firebasehosting.googleapis.com/upload/sites/my-job-cd13f/versions/d686f30a7fcecbbf/files/cf459609f05fc3006856ebb50c26d4a2c9a6960d18d0838d81e9150d5d5a1d0d [stream]
[debug] [2026-09-04T16:11:17.284Z] >>> [apiv2][query] POST https://upload-firebasehosting.googleapis.com/upload/sites/my-job-cd13f/versions/d686f30a7fcecbbf/files/2e731125a578ef2c71b95ad679a6f35dd87eafd076957e5d4857fd436d06a166 [none]
[debug] [2026-09-04T16:11:17.284Z] >>> [apiv2][body] POST https://upload-firebasehosting.googleapis.com/upload/sites/my-job-cd13f/versions/d686f30a7fcecbbf/files/2e731125a578ef2c71b95ad679a6f35dd87eafd076957e5d4857fd436d06a166 [stream]
[debug] [2026-09-04T16:11:17.284Z] >>> [apiv2][query] POST https://upload-firebasehosting.googleapis.com/upload/sites/my-job-cd13f/versions/d686f30a7fcecbbf/files/346caed7e340a46f40d457f893f0a0e71fdc9922a75c2c98095cfae827721cd1 [none]
[debug] [2026-09-04T16:11:17.284Z] >>> [apiv2][body] POST https://upload-firebasehosting.googleapis.com/upload/sites/my-job-cd13f/versions/d686f30a7fcecbbf/files/346caed7e340a46f40d457f893f0a0e71fdc9922a75c2c98095cfae827721cd1 [stream]
[debug] [2026-09-04T16:11:17.284Z] >>> [apiv2][query] POST https://upload-firebasehosting.googleapis.com/upload/sites/my-job-cd13f/versions/d686f30a7fcecbbf/files/4caec1b4bacd24fc0f7486d999661bedf39dfd5e3406fdf4180460385e7bc964 [none]
[debug] [2026-09-04T16:11:17.284Z] >>> [apiv2][body] POST https://upload-firebasehosting.googleapis.com/upload/sites/my-job-cd13f/versions/d686f30a7fcecbbf/files/4caec1b4bacd24fc0f7486d999661bedf39dfd5e3406fdf4180460385e7bc964 [stream]
[debug] [2026-09-04T16:11:17.284Z] >>> [apiv2][query] POST https://upload-firebasehosting.googleapis.com/upload/sites/my-job-cd13f/versions/d686f30a7fcecbbf/files/2d0a2581a1a7ed3d2e5b70ef40042f710d023baa6432bf41ec84239d594db472 [none]
[debug] [2026-09-04T16:11:17.285Z] >>> [apiv2][body] POST https://upload-firebasehosting.googleapis.com/upload/sites/my-job-cd13f/versions/d686f30a7fcecbbf/files/2d0a2581a1a7ed3d2e5b70ef40042f710d023baa6432bf41ec84239d594db472 [stream]
[debug] [2026-09-04T16:11:17.285Z] >>> [apiv2][query] POST https://upload-firebasehosting.googleapis.com/upload/sites/my-job-cd13f/versions/d686f30a7fcecbbf/files/2e8317e4daae1c4504790beb28c7a9b2029345115848d2aea390fc114e0627e4 [none]
[debug] [2026-09-04T16:11:17.285Z] >>> [apiv2][body] POST https://upload-firebasehosting.googleapis.com/upload/sites/my-job-cd13f/versions/d686f30a7fcecbbf/files/2e8317e4daae1c4504790beb28c7a9b2029345115848d2aea390fc114e0627e4 [stream]
[debug] [2026-09-04T16:11:17.285Z] >>> [apiv2][query] POST https://upload-firebasehosting.googleapis.com/upload/sites/my-job-cd13f/versions/d686f30a7fcecbbf/files/3814b6b8a777cd004ebc78868b4259862b668c3b46f794f4144ec9dbcd7c6694 [none]
[debug] [2026-09-04T16:11:17.285Z] >>> [apiv2][body] POST https://upload-firebasehosting.googleapis.com/upload/sites/my-job-cd13f/versions/d686f30a7fcecbbf/files/3814b6b8a777cd004ebc78868b4259862b668c3b46f794f4144ec9dbcd7c6694 [stream]
[debug] [2026-09-04T16:11:17.285Z] >>> [apiv2][query] POST https://upload-firebasehosting.googleapis.com/upload/sites/my-job-cd13f/versions/d686f30a7fcecbbf/files/2277ed2d5d3b4bbdbe04cdd6ee69588efd69e4a78e37c18177a526918568c96f [none]
[debug] [2026-09-04T16:11:17.285Z] >>> [apiv2][body] POST https://upload-firebasehosting.googleapis.com/upload/sites/my-job-cd13f/versions/d686f30a7fcecbbf/files/2277ed2d5d3b4bbdbe04cdd6ee69588efd69e4a78e37c18177a526918568c96f [stream]
[debug] [2026-09-04T16:11:17.285Z] >>> [apiv2][query] POST https://upload-firebasehosting.googleapis.com/upload/sites/my-job-cd13f/versions/d686f30a7fcecbbf/files/534b627b4a74b2c76b28aa374f903782a0ab73bc1ec9e1576e0e07f701faae79 [none]
[debug] [2026-09-04T16:11:17.285Z] >>> [apiv2][body] POST https://upload-firebasehosting.googleapis.com/upload/sites/my-job-cd13f/versions/d686f30a7fcecbbf/files/534b627b4a74b2c76b28aa374f903782a0ab73bc1ec9e1576e0e07f701faae79 [stream]
[debug] [2026-09-04T16:11:17.285Z] >>> [apiv2][query] POST https://upload-firebasehosting.googleapis.com/upload/sites/my-job-cd13f/versions/d686f30a7fcecbbf/files/ad10840426e0e951eb922876af0a7a218cc654894a0875056d0b0b908a5d4fd3 [none]
[debug] [2026-09-04T16:11:17.285Z] >>> [apiv2][body] POST https://upload-firebasehosting.googleapis.com/upload/sites/my-job-cd13f/versions/d686f30a7fcecbbf/files/ad10840426e0e951eb922876af0a7a218cc654894a0875056d0b0b908a5d4fd3 [stream]
[debug] [2026-09-04T16:11:17.285Z] >>> [apiv2][query] POST https://upload-firebasehosting.googleapis.com/upload/sites/my-job-cd13f/versions/d686f30a7fcecbbf/files/fc4a4057d835407bc50205eb324ec32ac3744201623289f857876fe270d2e3c9 [none]
[debug] [2026-09-04T16:11:17.286Z] >>> [apiv2][body] POST https://upload-firebasehosting.googleapis.com/upload/sites/my-job-cd13f/versions/d686f30a7fcecbbf/files/fc4a4057d835407bc50205eb324ec32ac3744201623289f857876fe270d2e3c9 [stream]
[debug] [2026-09-04T16:11:17.286Z] >>> [apiv2][query] POST https://upload-firebasehosting.googleapis.com/upload/sites/my-job-cd13f/versions/d686f30a7fcecbbf/files/197a92d782d51a81aa3830bed179ddb9469b7258e1d6707eaa474f9c170d8a87 [none]
[debug] [2026-09-04T16:11:17.286Z] >>> [apiv2][body] POST https://upload-firebasehosting.googleapis.com/upload/sites/my-job-cd13f/versions/d686f30a7fcecbbf/files/197a92d782d51a81aa3830bed179ddb9469b7258e1d6707eaa474f9c170d8a87 [stream]
[debug] [2026-09-04T16:11:17.286Z] >>> [apiv2][query] POST https://upload-firebasehosting.googleapis.com/upload/sites/my-job-cd13f/versions/d686f30a7fcecbbf/files/05c6a76c16432f10ccceeb12f6535b2e04556cb01ea4e4d3941b547213829693 [none]
[debug] [2026-09-04T16:11:17.286Z] >>> [apiv2][body] POST https://upload-firebasehosting.googleapis.com/upload/sites/my-job-cd13f/versions/d686f30a7fcecbbf/files/05c6a76c16432f10ccceeb12f6535b2e04556cb01ea4e4d3941b547213829693 [stream]
[debug] [2026-09-04T16:11:17.286Z] >>> [apiv2][query] POST https://upload-firebasehosting.googleapis.com/upload/sites/my-job-cd13f/versions/d686f30a7fcecbbf/files/4001ad4e6273bcdf140cfcfabce04fba41af9c0d4f1419d3a60fe20bd2f3cbc4 [none]
[debug] [2026-09-04T16:11:17.286Z] >>> [apiv2][body] POST https://upload-firebasehosting.googleapis.com/upload/sites/my-job-cd13f/versions/d686f30a7fcecbbf/files/4001ad4e6273bcdf140cfcfabce04fba41af9c0d4f1419d3a60fe20bd2f3cbc4 [stream]
[debug] [2026-09-04T16:11:17.286Z] >>> [apiv2][query] POST https://upload-firebasehosting.googleapis.com/upload/sites/my-job-cd13f/versions/d686f30a7fcecbbf/files/f88a1cdc025da00202f2a33aa768296e43a408de783fa2bfac348e5b55f7a50b [none]
[debug] [2026-09-04T16:11:17.286Z] >>> [apiv2][body] POST https://upload-firebasehosting.googleapis.com/upload/sites/my-job-cd13f/versions/d686f30a7fcecbbf/files/f88a1cdc025da00202f2a33aa768296e43a408de783fa2bfac348e5b55f7a50b [stream]
[debug] [2026-09-04T16:11:17.286Z] >>> [apiv2][query] POST https://upload-firebasehosting.googleapis.com/upload/sites/my-job-cd13f/versions/d686f30a7fcecbbf/files/7ddede22a33d73aaf041bd6688ed32d3235798389679fa4a0fe6e5968fca79ee [none]
[debug] [2026-09-04T16:11:17.286Z] >>> [apiv2][body] POST https://upload-firebasehosting.googleapis.com/upload/sites/my-job-cd13f/versions/d686f30a7fcecbbf/files/7ddede22a33d73aaf041bd6688ed32d3235798389679fa4a0fe6e5968fca79ee [stream]
[debug] [2026-09-04T16:11:17.286Z] >>> [apiv2][query] POST https://upload-firebasehosting.googleapis.com/upload/sites/my-job-cd13f/versions/d686f30a7fcecbbf/files/8809004e664b60c47b184e26b04b739ae156c3785d904b4d0298681c828d8158 [none]
[debug] [2026-09-04T16:11:17.286Z] >>> [apiv2][body] POST https://upload-firebasehosting.googleapis.com/upload/sites/my-job-cd13f/versions/d686f30a7fcecbbf/files/8809004e664b60c47b184e26b04b739ae156c3785d904b4d0298681c828d8158 [stream]
[debug] [2026-09-04T16:11:17.287Z] >>> [apiv2][query] POST https://upload-firebasehosting.googleapis.com/upload/sites/my-job-cd13f/versions/d686f30a7fcecbbf/files/08cf7eb0c6ccb3323409dd3bf8108bcd178cf0cda011ffe71b400706ac903087 [none]
[debug] [2026-09-04T16:11:17.287Z] >>> [apiv2][body] POST https://upload-firebasehosting.googleapis.com/upload/sites/my-job-cd13f/versions/d686f30a7fcecbbf/files/08cf7eb0c6ccb3323409dd3bf8108bcd178cf0cda011ffe71b400706ac903087 [stream]
[debug] [2026-09-04T16:11:17.287Z] >>> [apiv2][query] POST https://upload-firebasehosting.googleapis.com/upload/sites/my-job-cd13f/versions/d686f30a7fcecbbf/files/118b8bb3493462886981a6f8418fb2723d7ddc949ca8fb6c1dcf3554a180ece3 [none]
[debug] [2026-09-04T16:11:17.287Z] >>> [apiv2][body] POST https://upload-firebasehosting.googleapis.com/upload/sites/my-job-cd13f/versions/d686f30a7fcecbbf/files/118b8bb3493462886981a6f8418fb2723d7ddc949ca8fb6c1dcf3554a180ece3 [stream]
[debug] [2026-09-04T16:11:17.287Z] >>> [apiv2][query] POST https://upload-firebasehosting.googleapis.com/upload/sites/my-job-cd13f/versions/d686f30a7fcecbbf/files/558be6a54f2cf98651c1015ea6bc8f6cdc5c9ca737a88a060077137e673231bb [none]
[debug] [2026-09-04T16:11:17.287Z] >>> [apiv2][body] POST https://upload-firebasehosting.googleapis.com/upload/sites/my-job-cd13f/versions/d686f30a7fcecbbf/files/558be6a54f2cf98651c1015ea6bc8f6cdc5c9ca737a88a060077137e673231bb [stream]
[debug] [2026-09-04T16:11:17.287Z] >>> [apiv2][query] POST https://upload-firebasehosting.googleapis.com/upload/sites/my-job-cd13f/versions/d686f30a7fcecbbf/files/28d43f56a7451d3ad000dc9f187d443df10ea00f66e608ca079c6a1857ec6a4a [none]
[debug] [2026-09-04T16:11:17.287Z] >>> [apiv2][body] POST https://upload-firebasehosting.googleapis.com/upload/sites/my-job-cd13f/versions/d686f30a7fcecbbf/files/28d43f56a7451d3ad000dc9f187d443df10ea00f66e608ca079c6a1857ec6a4a [stream]
[debug] [2026-09-04T16:11:17.339Z] [hosting][populate queue][FINAL] {"max":1114,"min":1114,"avg":1114,"active":0,"complete":1,"success":1,"errored":0,"retried":0,"total":1,"elapsed":1188}
[debug] [2026-09-04T16:11:17.339Z] [hosting] uploads queued: 82
[info] i  hosting: uploading new files [0/82] (0%) 
[debug] [2026-09-04T16:11:19.161Z] <<< [apiv2][status] POST https://upload-firebasehosting.googleapis.com/upload/sites/my-job-cd13f/versions/d686f30a7fcecbbf/files/2565a560f1a41e1108bc96ee2db71ef03fd45db2a3393f2afa206f1334fb78ee 200
[debug] [2026-09-04T16:11:19.162Z] <<< [apiv2][body] POST https://upload-firebasehosting.googleapis.com/upload/sites/my-job-cd13f/versions/d686f30a7fcecbbf/files/2565a560f1a41e1108bc96ee2db71ef03fd45db2a3393f2afa206f1334fb78ee [stream]
[debug] [2026-09-04T16:11:19.163Z] <<< [apiv2][status] POST https://upload-firebasehosting.googleapis.com/upload/sites/my-job-cd13f/versions/d686f30a7fcecbbf/files/68100bd4710d466b07591df85b666b497b3c0c93eaff772a17f9c5fcd6d7f646 200
[debug] [2026-09-04T16:11:19.163Z] <<< [apiv2][body] POST https://upload-firebasehosting.googleapis.com/upload/sites/my-job-cd13f/versions/d686f30a7fcecbbf/files/68100bd4710d466b07591df85b666b497b3c0c93eaff772a17f9c5fcd6d7f646 [stream]
[debug] [2026-09-04T16:11:19.170Z] <<< [apiv2][status] POST https://upload-firebasehosting.googleapis.com/upload/sites/my-job-cd13f/versions/d686f30a7fcecbbf/files/96c36a30d13c0b39e7e06f7611d44d5dfd342a3c803a0e85b898ca61de1e7a5d 200
[debug] [2026-09-04T16:11:19.171Z] <<< [apiv2][body] POST https://upload-firebasehosting.googleapis.com/upload/sites/my-job-cd13f/versions/d686f30a7fcecbbf/files/96c36a30d13c0b39e7e06f7611d44d5dfd342a3c803a0e85b898ca61de1e7a5d [stream]
[debug] [2026-09-04T16:11:19.196Z] <<< [apiv2][status] POST https://upload-firebasehosting.googleapis.com/upload/sites/my-job-cd13f/versions/d686f30a7fcecbbf/files/213cde589c0593d004feacbe6b0c1c5e5172f11d44538182ee02735d5d7cba37 200
[debug] [2026-09-04T16:11:19.196Z] <<< [apiv2][body] POST https://upload-firebasehosting.googleapis.com/upload/sites/my-job-cd13f/versions/d686f30a7fcecbbf/files/213cde589c0593d004feacbe6b0c1c5e5172f11d44538182ee02735d5d7cba37 [stream]
[debug] [2026-09-04T16:11:19.199Z] <<< [apiv2][status] POST https://upload-firebasehosting.googleapis.com/upload/sites/my-job-cd13f/versions/d686f30a7fcecbbf/files/9207d01f3ec56b114044aa75fcdc0926c48763ed684827094796504b17386d63 200
[debug] [2026-09-04T16:11:19.199Z] <<< [apiv2][body] POST https://upload-firebasehosting.googleapis.com/upload/sites/my-job-cd13f/versions/d686f30a7fcecbbf/files/9207d01f3ec56b114044aa75fcdc0926c48763ed684827094796504b17386d63 [stream]
[debug] [2026-09-04T16:11:19.221Z] <<< [apiv2][status] POST https://upload-firebasehosting.googleapis.com/upload/sites/my-job-cd13f/versions/d686f30a7fcecbbf/files/19415931c73a9418627843cf3a5ec1f051440133566b90052f553677251f9f5f 200
[debug] [2026-09-04T16:11:19.221Z] <<< [apiv2][body] POST https://upload-firebasehosting.googleapis.com/upload/sites/my-job-cd13f/versions/d686f30a7fcecbbf/files/19415931c73a9418627843cf3a5ec1f051440133566b90052f553677251f9f5f [stream]
[debug] [2026-09-04T16:11:19.241Z] <<< [apiv2][status] POST https://upload-firebasehosting.googleapis.com/upload/sites/my-job-cd13f/versions/d686f30a7fcecbbf/files/274851587b2f889e3f900d0dd868a04d9f13018dc7aec61f1a8f17d087caf80b 200
[debug] [2026-09-04T16:11:19.241Z] <<< [apiv2][body] POST https://upload-firebasehosting.googleapis.com/upload/sites/my-job-cd13f/versions/d686f30a7fcecbbf/files/274851587b2f889e3f900d0dd868a04d9f13018dc7aec61f1a8f17d087caf80b [stream]
[debug] [2026-09-04T16:11:19.271Z] <<< [apiv2][status] POST https://upload-firebasehosting.googleapis.com/upload/sites/my-job-cd13f/versions/d686f30a7fcecbbf/files/a61a4c831a87c474f7bcd33832e11ce87d5293f058d76de107b9440a7b678a9f 200
[debug] [2026-09-04T16:11:19.271Z] <<< [apiv2][body] POST https://upload-firebasehosting.googleapis.com/upload/sites/my-job-cd13f/versions/d686f30a7fcecbbf/files/a61a4c831a87c474f7bcd33832e11ce87d5293f058d76de107b9440a7b678a9f [stream]
[debug] [2026-09-04T16:11:19.281Z] <<< [apiv2][status] POST https://upload-firebasehosting.googleapis.com/upload/sites/my-job-cd13f/versions/d686f30a7fcecbbf/files/39127341f1daf56c9d3db83f85187c9662542d604d9b0141491109d8e39927b3 200
[debug] [2026-09-04T16:11:19.282Z] <<< [apiv2][body] POST https://upload-firebasehosting.googleapis.com/upload/sites/my-job-cd13f/versions/d686f30a7fcecbbf/files/39127341f1daf56c9d3db83f85187c9662542d604d9b0141491109d8e39927b3 [stream]
[debug] [2026-09-04T16:11:19.290Z] <<< [apiv2][status] POST https://upload-firebasehosting.googleapis.com/upload/sites/my-job-cd13f/versions/d686f30a7fcecbbf/files/6d6e82303f2aedd9bd7a432d61b76b311d62a4458f6e86779facd247a2eca0d7 200
[debug] [2026-09-04T16:11:19.290Z] <<< [apiv2][body] POST https://upload-firebasehosting.googleapis.com/upload/sites/my-job-cd13f/versions/d686f30a7fcecbbf/files/6d6e82303f2aedd9bd7a432d61b76b311d62a4458f6e86779facd247a2eca0d7 [stream]
[debug] [2026-09-04T16:11:19.291Z] <<< [apiv2][status] POST https://upload-firebasehosting.googleapis.com/upload/sites/my-job-cd13f/versions/d686f30a7fcecbbf/files/c68d938b8f320def230351bb871709e1689330918ceed047f429ce7d18b0347b 200
[debug] [2026-09-04T16:11:19.291Z] <<< [apiv2][body] POST https://upload-firebasehosting.googleapis.com/upload/sites/my-job-cd13f/versions/d686f30a7fcecbbf/files/c68d938b8f320def230351bb871709e1689330918ceed047f429ce7d18b0347b [stream]
[debug] [2026-09-04T16:11:19.291Z] <<< [apiv2][status] POST https://upload-firebasehosting.googleapis.com/upload/sites/my-job-cd13f/versions/d686f30a7fcecbbf/files/2d0a2581a1a7ed3d2e5b70ef40042f710d023baa6432bf41ec84239d594db472 200
[debug] [2026-09-04T16:11:19.292Z] <<< [apiv2][body] POST https://upload-firebasehosting.googleapis.com/upload/sites/my-job-cd13f/versions/d686f30a7fcecbbf/files/2d0a2581a1a7ed3d2e5b70ef40042f710d023baa6432bf41ec84239d594db472 [stream]
[debug] [2026-09-04T16:11:19.293Z] <<< [apiv2][status] POST https://upload-firebasehosting.googleapis.com/upload/sites/my-job-cd13f/versions/d686f30a7fcecbbf/files/5fb295ef7e44f23e1288dc74934cfcb656f98e47aa7ce17906719f1647db7567 200
[debug] [2026-09-04T16:11:19.293Z] <<< [apiv2][body] POST https://upload-firebasehosting.googleapis.com/upload/sites/my-job-cd13f/versions/d686f30a7fcecbbf/files/5fb295ef7e44f23e1288dc74934cfcb656f98e47aa7ce17906719f1647db7567 [stream]
[debug] [2026-09-04T16:11:19.321Z] <<< [apiv2][status] POST https://upload-firebasehosting.googleapis.com/upload/sites/my-job-cd13f/versions/d686f30a7fcecbbf/files/91deea253bdb5d92150edbc0e79ab7883bdb546c9c91e39ce7e3e7bc23c7912b 200
[debug] [2026-09-04T16:11:19.321Z] <<< [apiv2][body] POST https://upload-firebasehosting.googleapis.com/upload/sites/my-job-cd13f/versions/d686f30a7fcecbbf/files/91deea253bdb5d92150edbc0e79ab7883bdb546c9c91e39ce7e3e7bc23c7912b [stream]
[debug] [2026-09-04T16:11:19.336Z] <<< [apiv2][status] POST https://upload-firebasehosting.googleapis.com/upload/sites/my-job-cd13f/versions/d686f30a7fcecbbf/files/08cf7eb0c6ccb3323409dd3bf8108bcd178cf0cda011ffe71b400706ac903087 200
[debug] [2026-09-04T16:11:19.336Z] <<< [apiv2][body] POST https://upload-firebasehosting.googleapis.com/upload/sites/my-job-cd13f/versions/d686f30a7fcecbbf/files/08cf7eb0c6ccb3323409dd3bf8108bcd178cf0cda011ffe71b400706ac903087 [stream]
[debug] [2026-09-04T16:11:19.339Z] <<< [apiv2][status] POST https://upload-firebasehosting.googleapis.com/upload/sites/my-job-cd13f/versions/d686f30a7fcecbbf/files/8809004e664b60c47b184e26b04b739ae156c3785d904b4d0298681c828d8158 200
[debug] [2026-09-04T16:11:19.340Z] <<< [apiv2][body] POST https://upload-firebasehosting.googleapis.com/upload/sites/my-job-cd13f/versions/d686f30a7fcecbbf/files/8809004e664b60c47b184e26b04b739ae156c3785d904b4d0298681c828d8158 [stream]
[debug] [2026-09-04T16:11:19.345Z] <<< [apiv2][status] POST https://upload-firebasehosting.googleapis.com/upload/sites/my-job-cd13f/versions/d686f30a7fcecbbf/files/534b627b4a74b2c76b28aa374f903782a0ab73bc1ec9e1576e0e07f701faae79 200
[debug] [2026-09-04T16:11:19.345Z] <<< [apiv2][body] POST https://upload-firebasehosting.googleapis.com/upload/sites/my-job-cd13f/versions/d686f30a7fcecbbf/files/534b627b4a74b2c76b28aa374f903782a0ab73bc1ec9e1576e0e07f701faae79 [stream]
[debug] [2026-09-04T16:11:19.352Z] <<< [apiv2][status] POST https://upload-firebasehosting.googleapis.com/upload/sites/my-job-cd13f/versions/d686f30a7fcecbbf/files/37d7436260b5ddaff8bfa59a30d89c4618cb97988ce3dfbaf155eb6dba9d992e 200
[debug] [2026-09-04T16:11:19.352Z] <<< [apiv2][body] POST https://upload-firebasehosting.googleapis.com/upload/sites/my-job-cd13f/versions/d686f30a7fcecbbf/files/37d7436260b5ddaff8bfa59a30d89c4618cb97988ce3dfbaf155eb6dba9d992e [stream]
[debug] [2026-09-04T16:11:19.352Z] <<< [apiv2][status] POST https://upload-firebasehosting.googleapis.com/upload/sites/my-job-cd13f/versions/d686f30a7fcecbbf/files/c2f9de5b2f1eb76a6d349e813aa8df6be634641f9b14c546d0b21e1f7600667f 200
[debug] [2026-09-04T16:11:19.352Z] <<< [apiv2][body] POST https://upload-firebasehosting.googleapis.com/upload/sites/my-job-cd13f/versions/d686f30a7fcecbbf/files/c2f9de5b2f1eb76a6d349e813aa8df6be634641f9b14c546d0b21e1f7600667f [stream]
[debug] [2026-09-04T16:11:19.353Z] <<< [apiv2][status] POST https://upload-firebasehosting.googleapis.com/upload/sites/my-job-cd13f/versions/d686f30a7fcecbbf/files/5b7790b76c0712ae337a1558083e983b9b2be62bcc7f1a6642c34fba26aa74fa 200
[debug] [2026-09-04T16:11:19.353Z] <<< [apiv2][body] POST https://upload-firebasehosting.googleapis.com/upload/sites/my-job-cd13f/versions/d686f30a7fcecbbf/files/5b7790b76c0712ae337a1558083e983b9b2be62bcc7f1a6642c34fba26aa74fa [stream]
[debug] [2026-09-04T16:11:19.357Z] <<< [apiv2][status] POST https://upload-firebasehosting.googleapis.com/upload/sites/my-job-cd13f/versions/d686f30a7fcecbbf/files/4d2b8371a536c67f00731b91c4464f862557046c6269832f2d8d6ac6e98acf9d 200
[debug] [2026-09-04T16:11:19.357Z] <<< [apiv2][body] POST https://upload-firebasehosting.googleapis.com/upload/sites/my-job-cd13f/versions/d686f30a7fcecbbf/files/4d2b8371a536c67f00731b91c4464f862557046c6269832f2d8d6ac6e98acf9d [stream]
[debug] [2026-09-04T16:11:19.358Z] <<< [apiv2][status] POST https://upload-firebasehosting.googleapis.com/upload/sites/my-job-cd13f/versions/d686f30a7fcecbbf/files/451aedb3a26eb4610a52f081133bf355b545b6e0969eed18ad2eceb0b92b668a 200
[debug] [2026-09-04T16:11:19.358Z] <<< [apiv2][body] POST https://upload-firebasehosting.googleapis.com/upload/sites/my-job-cd13f/versions/d686f30a7fcecbbf/files/451aedb3a26eb4610a52f081133bf355b545b6e0969eed18ad2eceb0b92b668a [stream]
[debug] [2026-09-04T16:11:19.363Z] <<< [apiv2][status] POST https://upload-firebasehosting.googleapis.com/upload/sites/my-job-cd13f/versions/d686f30a7fcecbbf/files/3da2b9d60c73a8e40ab1693071dd6d7704674d2e3b2e9b35b92228127150852b 200
[debug] [2026-09-04T16:11:19.363Z] <<< [apiv2][body] POST https://upload-firebasehosting.googleapis.com/upload/sites/my-job-cd13f/versions/d686f30a7fcecbbf/files/3da2b9d60c73a8e40ab1693071dd6d7704674d2e3b2e9b35b92228127150852b [stream]
[debug] [2026-09-04T16:11:19.375Z] <<< [apiv2][status] POST https://upload-firebasehosting.googleapis.com/upload/sites/my-job-cd13f/versions/d686f30a7fcecbbf/files/7b028bee267837190ee2eeb7230a50988d05a216046733448035dadb4fa4b411 200
[debug] [2026-09-04T16:11:19.376Z] <<< [apiv2][body] POST https://upload-firebasehosting.googleapis.com/upload/sites/my-job-cd13f/versions/d686f30a7fcecbbf/files/7b028bee267837190ee2eeb7230a50988d05a216046733448035dadb4fa4b411 [stream]
[debug] [2026-09-04T16:11:19.376Z] <<< [apiv2][status] POST https://upload-firebasehosting.googleapis.com/upload/sites/my-job-cd13f/versions/d686f30a7fcecbbf/files/0ec0e3ae31d986e0d65029783d958e944d59cb040def233a9e7a038011592dcc 200
[debug] [2026-09-04T16:11:19.376Z] <<< [apiv2][body] POST https://upload-firebasehosting.googleapis.com/upload/sites/my-job-cd13f/versions/d686f30a7fcecbbf/files/0ec0e3ae31d986e0d65029783d958e944d59cb040def233a9e7a038011592dcc [stream]
[debug] [2026-09-04T16:11:19.377Z] <<< [apiv2][status] POST https://upload-firebasehosting.googleapis.com/upload/sites/my-job-cd13f/versions/d686f30a7fcecbbf/files/7984d9ec9572816083ba257c3eb1cbaa91e564f5f2d5f20e53b8f39abea15083 200
[debug] [2026-09-04T16:11:19.377Z] <<< [apiv2][body] POST https://upload-firebasehosting.googleapis.com/upload/sites/my-job-cd13f/versions/d686f30a7fcecbbf/files/7984d9ec9572816083ba257c3eb1cbaa91e564f5f2d5f20e53b8f39abea15083 [stream]
[debug] [2026-09-04T16:11:19.378Z] <<< [apiv2][status] POST https://upload-firebasehosting.googleapis.com/upload/sites/my-job-cd13f/versions/d686f30a7fcecbbf/files/e3aabf3f41b6aa4a85a99ca43194047992ef2f8a735e3972ccff894334ac3081 200
[debug] [2026-09-04T16:11:19.378Z] <<< [apiv2][body] POST https://upload-firebasehosting.googleapis.com/upload/sites/my-job-cd13f/versions/d686f30a7fcecbbf/files/e3aabf3f41b6aa4a85a99ca43194047992ef2f8a735e3972ccff894334ac3081 [stream]
[debug] [2026-09-04T16:11:19.382Z] <<< [apiv2][status] POST https://upload-firebasehosting.googleapis.com/upload/sites/my-job-cd13f/versions/d686f30a7fcecbbf/files/75c3337be6581e8c9aa7a3662d8a5bb82ff619fbb5505a2cde9515dbdc619dc6 200
[debug] [2026-09-04T16:11:19.382Z] <<< [apiv2][body] POST https://upload-firebasehosting.googleapis.com/upload/sites/my-job-cd13f/versions/d686f30a7fcecbbf/files/75c3337be6581e8c9aa7a3662d8a5bb82ff619fbb5505a2cde9515dbdc619dc6 [stream]
[debug] [2026-09-04T16:11:19.382Z] <<< [apiv2][status] POST https://upload-firebasehosting.googleapis.com/upload/sites/my-job-cd13f/versions/d686f30a7fcecbbf/files/dd8c72c712cd0daf4f3e83e58b3811ff03ffe676d914296ce6d54487d33f4b7a 200
[debug] [2026-09-04T16:11:19.382Z] <<< [apiv2][body] POST https://upload-firebasehosting.googleapis.com/upload/sites/my-job-cd13f/versions/d686f30a7fcecbbf/files/dd8c72c712cd0daf4f3e83e58b3811ff03ffe676d914296ce6d54487d33f4b7a [stream]
[debug] [2026-09-04T16:11:19.387Z] <<< [apiv2][status] POST https://upload-firebasehosting.googleapis.com/upload/sites/my-job-cd13f/versions/d686f30a7fcecbbf/files/197a92d782d51a81aa3830bed179ddb9469b7258e1d6707eaa474f9c170d8a87 200
[debug] [2026-09-04T16:11:19.387Z] <<< [apiv2][body] POST https://upload-firebasehosting.googleapis.com/upload/sites/my-job-cd13f/versions/d686f30a7fcecbbf/files/197a92d782d51a81aa3830bed179ddb9469b7258e1d6707eaa474f9c170d8a87 [stream]
[debug] [2026-09-04T16:11:19.400Z] <<< [apiv2][status] POST https://upload-firebasehosting.googleapis.com/upload/sites/my-job-cd13f/versions/d686f30a7fcecbbf/files/77c282f436d60c03a6bc22fb362cc8c8400bacc2dc2e830a4bbdc9984738d8b7 200
[debug] [2026-09-04T16:11:19.400Z] <<< [apiv2][body] POST https://upload-firebasehosting.googleapis.com/upload/sites/my-job-cd13f/versions/d686f30a7fcecbbf/files/77c282f436d60c03a6bc22fb362cc8c8400bacc2dc2e830a4bbdc9984738d8b7 [stream]
[debug] [2026-09-04T16:11:19.400Z] <<< [apiv2][status] POST https://upload-firebasehosting.googleapis.com/upload/sites/my-job-cd13f/versions/d686f30a7fcecbbf/files/0403a2ae22306937d491620b08465a4306f8b33f24f587ee242941cbf6be230e 200
[debug] [2026-09-04T16:11:19.400Z] <<< [apiv2][body] POST https://upload-firebasehosting.googleapis.com/upload/sites/my-job-cd13f/versions/d686f30a7fcecbbf/files/0403a2ae22306937d491620b08465a4306f8b33f24f587ee242941cbf6be230e [stream]
[debug] [2026-09-04T16:11:19.406Z] <<< [apiv2][status] POST https://upload-firebasehosting.googleapis.com/upload/sites/my-job-cd13f/versions/d686f30a7fcecbbf/files/c26aa28bd8baac6380eceaab4c7183c1b8a9027ff2a7dd5e8f4affa007d2872f 200
[debug] [2026-09-04T16:11:19.406Z] <<< [apiv2][body] POST https://upload-firebasehosting.googleapis.com/upload/sites/my-job-cd13f/versions/d686f30a7fcecbbf/files/c26aa28bd8baac6380eceaab4c7183c1b8a9027ff2a7dd5e8f4affa007d2872f [stream]
[debug] [2026-09-04T16:11:19.407Z] <<< [apiv2][status] POST https://upload-firebasehosting.googleapis.com/upload/sites/my-job-cd13f/versions/d686f30a7fcecbbf/files/04fb434e9101563594bfbc7549b4a365c769a99601bd1eb45bb1af84644ea6be 200
[debug] [2026-09-04T16:11:19.407Z] <<< [apiv2][body] POST https://upload-firebasehosting.googleapis.com/upload/sites/my-job-cd13f/versions/d686f30a7fcecbbf/files/04fb434e9101563594bfbc7549b4a365c769a99601bd1eb45bb1af84644ea6be [stream]
[debug] [2026-09-04T16:11:19.412Z] <<< [apiv2][status] POST https://upload-firebasehosting.googleapis.com/upload/sites/my-job-cd13f/versions/d686f30a7fcecbbf/files/76033e6500b63bd671b8588dc98115ff1c14a3e482b9a54fecba8107ef1d908b 200
[debug] [2026-09-04T16:11:19.412Z] <<< [apiv2][body] POST https://upload-firebasehosting.googleapis.com/upload/sites/my-job-cd13f/versions/d686f30a7fcecbbf/files/76033e6500b63bd671b8588dc98115ff1c14a3e482b9a54fecba8107ef1d908b [stream]
[debug] [2026-09-04T16:11:19.412Z] <<< [apiv2][status] POST https://upload-firebasehosting.googleapis.com/upload/sites/my-job-cd13f/versions/d686f30a7fcecbbf/files/8eff81e5b6b57dd2329f06e0805055265586ad1a2458eea029441049947abf6d 200
[debug] [2026-09-04T16:11:19.412Z] <<< [apiv2][body] POST https://upload-firebasehosting.googleapis.com/upload/sites/my-job-cd13f/versions/d686f30a7fcecbbf/files/8eff81e5b6b57dd2329f06e0805055265586ad1a2458eea029441049947abf6d [stream]
[debug] [2026-09-04T16:11:19.417Z] <<< [apiv2][status] POST https://upload-firebasehosting.googleapis.com/upload/sites/my-job-cd13f/versions/d686f30a7fcecbbf/files/dca09cb2b579e132b56b85e81d0ad036f4d705f46d3f2fa1ee58a131117adda2 200
[debug] [2026-09-04T16:11:19.418Z] <<< [apiv2][body] POST https://upload-firebasehosting.googleapis.com/upload/sites/my-job-cd13f/versions/d686f30a7fcecbbf/files/dca09cb2b579e132b56b85e81d0ad036f4d705f46d3f2fa1ee58a131117adda2 [stream]
[debug] [2026-09-04T16:11:19.428Z] <<< [apiv2][status] POST https://upload-firebasehosting.googleapis.com/upload/sites/my-job-cd13f/versions/d686f30a7fcecbbf/files/e341425944ce426ddb73dbca2abdc54d9dd4ac211e9ae8705e7e1dac88eb256b 200
[debug] [2026-09-04T16:11:19.429Z] <<< [apiv2][body] POST https://upload-firebasehosting.googleapis.com/upload/sites/my-job-cd13f/versions/d686f30a7fcecbbf/files/e341425944ce426ddb73dbca2abdc54d9dd4ac211e9ae8705e7e1dac88eb256b [stream]
[debug] [2026-09-04T16:11:19.436Z] <<< [apiv2][status] POST https://upload-firebasehosting.googleapis.com/upload/sites/my-job-cd13f/versions/d686f30a7fcecbbf/files/d58cb3a8e17ee41084db9c8bb13d1fe757e9abe7aa3a0688b7743a71c38bfdbb 200
[debug] [2026-09-04T16:11:19.436Z] <<< [apiv2][body] POST https://upload-firebasehosting.googleapis.com/upload/sites/my-job-cd13f/versions/d686f30a7fcecbbf/files/d58cb3a8e17ee41084db9c8bb13d1fe757e9abe7aa3a0688b7743a71c38bfdbb [stream]
[debug] [2026-09-04T16:11:19.442Z] <<< [apiv2][status] POST https://upload-firebasehosting.googleapis.com/upload/sites/my-job-cd13f/versions/d686f30a7fcecbbf/files/c80bb56f272514a4811b60652c5235213ba903a5acc490091e6c99ed9f39d0fc 200
[debug] [2026-09-04T16:11:19.442Z] <<< [apiv2][body] POST https://upload-firebasehosting.googleapis.com/upload/sites/my-job-cd13f/versions/d686f30a7fcecbbf/files/c80bb56f272514a4811b60652c5235213ba903a5acc490091e6c99ed9f39d0fc [stream]
[debug] [2026-09-04T16:11:19.453Z] <<< [apiv2][status] POST https://upload-firebasehosting.googleapis.com/upload/sites/my-job-cd13f/versions/d686f30a7fcecbbf/files/d4a28972402e210fc27e5eb870858dd52be5cd1f4247881887fbe179aad0be83 200
[debug] [2026-09-04T16:11:19.453Z] <<< [apiv2][body] POST https://upload-firebasehosting.googleapis.com/upload/sites/my-job-cd13f/versions/d686f30a7fcecbbf/files/d4a28972402e210fc27e5eb870858dd52be5cd1f4247881887fbe179aad0be83 [stream]
[debug] [2026-09-04T16:11:19.454Z] <<< [apiv2][status] POST https://upload-firebasehosting.googleapis.com/upload/sites/my-job-cd13f/versions/d686f30a7fcecbbf/files/118b8bb3493462886981a6f8418fb2723d7ddc949ca8fb6c1dcf3554a180ece3 200
[debug] [2026-09-04T16:11:19.454Z] <<< [apiv2][body] POST https://upload-firebasehosting.googleapis.com/upload/sites/my-job-cd13f/versions/d686f30a7fcecbbf/files/118b8bb3493462886981a6f8418fb2723d7ddc949ca8fb6c1dcf3554a180ece3 [stream]
[debug] [2026-09-04T16:11:19.461Z] <<< [apiv2][status] POST https://upload-firebasehosting.googleapis.com/upload/sites/my-job-cd13f/versions/d686f30a7fcecbbf/files/983258a5d39dbbc86da8ef3ccf7967ce2c527e6136067b13d64ba1371d89313b 200
[debug] [2026-09-04T16:11:19.461Z] <<< [apiv2][body] POST https://upload-firebasehosting.googleapis.com/upload/sites/my-job-cd13f/versions/d686f30a7fcecbbf/files/983258a5d39dbbc86da8ef3ccf7967ce2c527e6136067b13d64ba1371d89313b [stream]
[debug] [2026-09-04T16:11:19.466Z] <<< [apiv2][status] POST https://upload-firebasehosting.googleapis.com/upload/sites/my-job-cd13f/versions/d686f30a7fcecbbf/files/402ea35e0143fada9927ba22f5034070403ff82c9f4a2537f7b4128794384cab 200
[debug] [2026-09-04T16:11:19.466Z] <<< [apiv2][body] POST https://upload-firebasehosting.googleapis.com/upload/sites/my-job-cd13f/versions/d686f30a7fcecbbf/files/402ea35e0143fada9927ba22f5034070403ff82c9f4a2537f7b4128794384cab [stream]
[debug] [2026-09-04T16:11:19.471Z] <<< [apiv2][status] POST https://upload-firebasehosting.googleapis.com/upload/sites/my-job-cd13f/versions/d686f30a7fcecbbf/files/28d43f56a7451d3ad000dc9f187d443df10ea00f66e608ca079c6a1857ec6a4a 200
[debug] [2026-09-04T16:11:19.471Z] <<< [apiv2][body] POST https://upload-firebasehosting.googleapis.com/upload/sites/my-job-cd13f/versions/d686f30a7fcecbbf/files/28d43f56a7451d3ad000dc9f187d443df10ea00f66e608ca079c6a1857ec6a4a [stream]
[debug] [2026-09-04T16:11:19.471Z] <<< [apiv2][status] POST https://upload-firebasehosting.googleapis.com/upload/sites/my-job-cd13f/versions/d686f30a7fcecbbf/files/b2d7efe84e377050d4410a62e95d9cd8930e208977b1a2589636879bfb0d043e 200
[debug] [2026-09-04T16:11:19.472Z] <<< [apiv2][body] POST https://upload-firebasehosting.googleapis.com/upload/sites/my-job-cd13f/versions/d686f30a7fcecbbf/files/b2d7efe84e377050d4410a62e95d9cd8930e208977b1a2589636879bfb0d043e [stream]
[debug] [2026-09-04T16:11:19.477Z] <<< [apiv2][status] POST https://upload-firebasehosting.googleapis.com/upload/sites/my-job-cd13f/versions/d686f30a7fcecbbf/files/2277ed2d5d3b4bbdbe04cdd6ee69588efd69e4a78e37c18177a526918568c96f 200
[debug] [2026-09-04T16:11:19.477Z] <<< [apiv2][body] POST https://upload-firebasehosting.googleapis.com/upload/sites/my-job-cd13f/versions/d686f30a7fcecbbf/files/2277ed2d5d3b4bbdbe04cdd6ee69588efd69e4a78e37c18177a526918568c96f [stream]
[debug] [2026-09-04T16:11:19.478Z] <<< [apiv2][status] POST https://upload-firebasehosting.googleapis.com/upload/sites/my-job-cd13f/versions/d686f30a7fcecbbf/files/191c734d01a0334d91035e81bf3187ae15d515bef12d4c6d140672ce0b3a9ed3 200
[debug] [2026-09-04T16:11:19.478Z] <<< [apiv2][body] POST https://upload-firebasehosting.googleapis.com/upload/sites/my-job-cd13f/versions/d686f30a7fcecbbf/files/191c734d01a0334d91035e81bf3187ae15d515bef12d4c6d140672ce0b3a9ed3 [stream]
[debug] [2026-09-04T16:11:19.483Z] <<< [apiv2][status] POST https://upload-firebasehosting.googleapis.com/upload/sites/my-job-cd13f/versions/d686f30a7fcecbbf/files/2e8317e4daae1c4504790beb28c7a9b2029345115848d2aea390fc114e0627e4 200
[debug] [2026-09-04T16:11:19.483Z] <<< [apiv2][body] POST https://upload-firebasehosting.googleapis.com/upload/sites/my-job-cd13f/versions/d686f30a7fcecbbf/files/2e8317e4daae1c4504790beb28c7a9b2029345115848d2aea390fc114e0627e4 [stream]
[debug] [2026-09-04T16:11:19.495Z] <<< [apiv2][status] POST https://upload-firebasehosting.googleapis.com/upload/sites/my-job-cd13f/versions/d686f30a7fcecbbf/files/16c3a7521ab3ebbd47a2a3922e6641304a0c7555d7d758db348c0b5e6c9ef55f 200
[debug] [2026-09-04T16:11:19.495Z] <<< [apiv2][body] POST https://upload-firebasehosting.googleapis.com/upload/sites/my-job-cd13f/versions/d686f30a7fcecbbf/files/16c3a7521ab3ebbd47a2a3922e6641304a0c7555d7d758db348c0b5e6c9ef55f [stream]
[debug] [2026-09-04T16:11:19.502Z] <<< [apiv2][status] POST https://upload-firebasehosting.googleapis.com/upload/sites/my-job-cd13f/versions/d686f30a7fcecbbf/files/2c6f568bd74de7168e571a7390292aad4715a9bcb49cc7dbc57d42c3c1d01257 200
[debug] [2026-09-04T16:11:19.502Z] <<< [apiv2][body] POST https://upload-firebasehosting.googleapis.com/upload/sites/my-job-cd13f/versions/d686f30a7fcecbbf/files/2c6f568bd74de7168e571a7390292aad4715a9bcb49cc7dbc57d42c3c1d01257 [stream]
[debug] [2026-09-04T16:11:19.502Z] <<< [apiv2][status] POST https://upload-firebasehosting.googleapis.com/upload/sites/my-job-cd13f/versions/d686f30a7fcecbbf/files/ad10840426e0e951eb922876af0a7a218cc654894a0875056d0b0b908a5d4fd3 200
[debug] [2026-09-04T16:11:19.503Z] <<< [apiv2][body] POST https://upload-firebasehosting.googleapis.com/upload/sites/my-job-cd13f/versions/d686f30a7fcecbbf/files/ad10840426e0e951eb922876af0a7a218cc654894a0875056d0b0b908a5d4fd3 [stream]
[debug] [2026-09-04T16:11:19.526Z] <<< [apiv2][status] POST https://upload-firebasehosting.googleapis.com/upload/sites/my-job-cd13f/versions/d686f30a7fcecbbf/files/347048aeeb1f10ac2495344696b5198fb06300d0fbcd5e2cffdb937b0f465e97 200
[debug] [2026-09-04T16:11:19.526Z] <<< [apiv2][body] POST https://upload-firebasehosting.googleapis.com/upload/sites/my-job-cd13f/versions/d686f30a7fcecbbf/files/347048aeeb1f10ac2495344696b5198fb06300d0fbcd5e2cffdb937b0f465e97 [stream]
[debug] [2026-09-04T16:11:19.532Z] <<< [apiv2][status] POST https://upload-firebasehosting.googleapis.com/upload/sites/my-job-cd13f/versions/d686f30a7fcecbbf/files/c039cc15eb1ce278ef1a3519608f59680c89b3aefc26f6a5c77e6012b250b8c4 200
[debug] [2026-09-04T16:11:19.532Z] <<< [apiv2][body] POST https://upload-firebasehosting.googleapis.com/upload/sites/my-job-cd13f/versions/d686f30a7fcecbbf/files/c039cc15eb1ce278ef1a3519608f59680c89b3aefc26f6a5c77e6012b250b8c4 [stream]
[debug] [2026-09-04T16:11:19.532Z] <<< [apiv2][status] POST https://upload-firebasehosting.googleapis.com/upload/sites/my-job-cd13f/versions/d686f30a7fcecbbf/files/cc3f4203830760428be078657d8684ae92bcf7444de562a17365a78f7f34cc9a 200
[debug] [2026-09-04T16:11:19.533Z] <<< [apiv2][body] POST https://upload-firebasehosting.googleapis.com/upload/sites/my-job-cd13f/versions/d686f30a7fcecbbf/files/cc3f4203830760428be078657d8684ae92bcf7444de562a17365a78f7f34cc9a [stream]
[debug] [2026-09-04T16:11:19.533Z] <<< [apiv2][status] POST https://upload-firebasehosting.googleapis.com/upload/sites/my-job-cd13f/versions/d686f30a7fcecbbf/files/7c38a88219870c03774575f8f056a6f3f55e3e7cdb729fd826e4fdf71030bec1 200
[debug] [2026-09-04T16:11:19.533Z] <<< [apiv2][body] POST https://upload-firebasehosting.googleapis.com/upload/sites/my-job-cd13f/versions/d686f30a7fcecbbf/files/7c38a88219870c03774575f8f056a6f3f55e3e7cdb729fd826e4fdf71030bec1 [stream]
[debug] [2026-09-04T16:11:19.537Z] <<< [apiv2][status] POST https://upload-firebasehosting.googleapis.com/upload/sites/my-job-cd13f/versions/d686f30a7fcecbbf/files/9cbc1bcf13c6baa8cbfae27ec6f3192c8522f25c6a36d6de75c59c9d00a1c10f 200
[debug] [2026-09-04T16:11:19.538Z] <<< [apiv2][body] POST https://upload-firebasehosting.googleapis.com/upload/sites/my-job-cd13f/versions/d686f30a7fcecbbf/files/9cbc1bcf13c6baa8cbfae27ec6f3192c8522f25c6a36d6de75c59c9d00a1c10f [stream]
[debug] [2026-09-04T16:11:19.545Z] <<< [apiv2][status] POST https://upload-firebasehosting.googleapis.com/upload/sites/my-job-cd13f/versions/d686f30a7fcecbbf/files/ef47edef1131291a030ec43fd9827adea59c489cd0b4b4be4e56a3832a9bc81c 200
[debug] [2026-09-04T16:11:19.546Z] <<< [apiv2][body] POST https://upload-firebasehosting.googleapis.com/upload/sites/my-job-cd13f/versions/d686f30a7fcecbbf/files/ef47edef1131291a030ec43fd9827adea59c489cd0b4b4be4e56a3832a9bc81c [stream]
[debug] [2026-09-04T16:11:19.547Z] <<< [apiv2][status] POST https://upload-firebasehosting.googleapis.com/upload/sites/my-job-cd13f/versions/d686f30a7fcecbbf/files/8cd4cf35e07caa68da0b7aa068d8fc873e7ab1ba0c9665706537d416bc5e49c1 200
[debug] [2026-09-04T16:11:19.547Z] <<< [apiv2][body] POST https://upload-firebasehosting.googleapis.com/upload/sites/my-job-cd13f/versions/d686f30a7fcecbbf/files/8cd4cf35e07caa68da0b7aa068d8fc873e7ab1ba0c9665706537d416bc5e49c1 [stream]
[debug] [2026-09-04T16:11:19.555Z] <<< [apiv2][status] POST https://upload-firebasehosting.googleapis.com/upload/sites/my-job-cd13f/versions/d686f30a7fcecbbf/files/9d43527a3747d2ef3824e1c91032bb3c23a0ab883225a20fdd4aba70a13fddcf 200
[debug] [2026-09-04T16:11:19.555Z] <<< [apiv2][body] POST https://upload-firebasehosting.googleapis.com/upload/sites/my-job-cd13f/versions/d686f30a7fcecbbf/files/9d43527a3747d2ef3824e1c91032bb3c23a0ab883225a20fdd4aba70a13fddcf [stream]
[debug] [2026-09-04T16:11:19.563Z] <<< [apiv2][status] POST https://upload-firebasehosting.googleapis.com/upload/sites/my-job-cd13f/versions/d686f30a7fcecbbf/files/5175b49129b943b8b6453570b40ec2817da0389b8e01a1a70d14ad705bb17922 200
[debug] [2026-09-04T16:11:19.563Z] <<< [apiv2][body] POST https://upload-firebasehosting.googleapis.com/upload/sites/my-job-cd13f/versions/d686f30a7fcecbbf/files/5175b49129b943b8b6453570b40ec2817da0389b8e01a1a70d14ad705bb17922 [stream]
[debug] [2026-09-04T16:11:19.581Z] <<< [apiv2][status] POST https://upload-firebasehosting.googleapis.com/upload/sites/my-job-cd13f/versions/d686f30a7fcecbbf/files/4001ad4e6273bcdf140cfcfabce04fba41af9c0d4f1419d3a60fe20bd2f3cbc4 200
[debug] [2026-09-04T16:11:19.582Z] <<< [apiv2][body] POST https://upload-firebasehosting.googleapis.com/upload/sites/my-job-cd13f/versions/d686f30a7fcecbbf/files/4001ad4e6273bcdf140cfcfabce04fba41af9c0d4f1419d3a60fe20bd2f3cbc4 [stream]
[debug] [2026-09-04T16:11:19.582Z] <<< [apiv2][status] POST https://upload-firebasehosting.googleapis.com/upload/sites/my-job-cd13f/versions/d686f30a7fcecbbf/files/fc4a4057d835407bc50205eb324ec32ac3744201623289f857876fe270d2e3c9 200
[debug] [2026-09-04T16:11:19.582Z] <<< [apiv2][body] POST https://upload-firebasehosting.googleapis.com/upload/sites/my-job-cd13f/versions/d686f30a7fcecbbf/files/fc4a4057d835407bc50205eb324ec32ac3744201623289f857876fe270d2e3c9 [stream]
[debug] [2026-09-04T16:11:19.583Z] <<< [apiv2][status] POST https://upload-firebasehosting.googleapis.com/upload/sites/my-job-cd13f/versions/d686f30a7fcecbbf/files/346caed7e340a46f40d457f893f0a0e71fdc9922a75c2c98095cfae827721cd1 200
[debug] [2026-09-04T16:11:19.583Z] <<< [apiv2][body] POST https://upload-firebasehosting.googleapis.com/upload/sites/my-job-cd13f/versions/d686f30a7fcecbbf/files/346caed7e340a46f40d457f893f0a0e71fdc9922a75c2c98095cfae827721cd1 [stream]
[debug] [2026-09-04T16:11:19.597Z] <<< [apiv2][status] POST https://upload-firebasehosting.googleapis.com/upload/sites/my-job-cd13f/versions/d686f30a7fcecbbf/files/cf459609f05fc3006856ebb50c26d4a2c9a6960d18d0838d81e9150d5d5a1d0d 200
[debug] [2026-09-04T16:11:19.597Z] <<< [apiv2][body] POST https://upload-firebasehosting.googleapis.com/upload/sites/my-job-cd13f/versions/d686f30a7fcecbbf/files/cf459609f05fc3006856ebb50c26d4a2c9a6960d18d0838d81e9150d5d5a1d0d [stream]
[debug] [2026-09-04T16:11:19.603Z] <<< [apiv2][status] POST https://upload-firebasehosting.googleapis.com/upload/sites/my-job-cd13f/versions/d686f30a7fcecbbf/files/7a1169df9a8af2d542ada4bef482892eef3955663832814f9efc940572868018 200
[debug] [2026-09-04T16:11:19.603Z] <<< [apiv2][body] POST https://upload-firebasehosting.googleapis.com/upload/sites/my-job-cd13f/versions/d686f30a7fcecbbf/files/7a1169df9a8af2d542ada4bef482892eef3955663832814f9efc940572868018 [stream]
[debug] [2026-09-04T16:11:19.622Z] <<< [apiv2][status] POST https://upload-firebasehosting.googleapis.com/upload/sites/my-job-cd13f/versions/d686f30a7fcecbbf/files/05c6a76c16432f10ccceeb12f6535b2e04556cb01ea4e4d3941b547213829693 200
[debug] [2026-09-04T16:11:19.623Z] <<< [apiv2][body] POST https://upload-firebasehosting.googleapis.com/upload/sites/my-job-cd13f/versions/d686f30a7fcecbbf/files/05c6a76c16432f10ccceeb12f6535b2e04556cb01ea4e4d3941b547213829693 [stream]
[debug] [2026-09-04T16:11:19.623Z] <<< [apiv2][status] POST https://upload-firebasehosting.googleapis.com/upload/sites/my-job-cd13f/versions/d686f30a7fcecbbf/files/cbcec94fc1511256aaf3b9f152236095b7159dc699f311996b731031c8bcc5e1 200
[debug] [2026-09-04T16:11:19.623Z] <<< [apiv2][body] POST https://upload-firebasehosting.googleapis.com/upload/sites/my-job-cd13f/versions/d686f30a7fcecbbf/files/cbcec94fc1511256aaf3b9f152236095b7159dc699f311996b731031c8bcc5e1 [stream]
[debug] [2026-09-04T16:11:19.623Z] <<< [apiv2][status] POST https://upload-firebasehosting.googleapis.com/upload/sites/my-job-cd13f/versions/d686f30a7fcecbbf/files/040e26c1ba2766a5eb9072a444dd394ef74c3ac42dbd46a3cf0d40738308166d 200
[debug] [2026-09-04T16:11:19.623Z] <<< [apiv2][body] POST https://upload-firebasehosting.googleapis.com/upload/sites/my-job-cd13f/versions/d686f30a7fcecbbf/files/040e26c1ba2766a5eb9072a444dd394ef74c3ac42dbd46a3cf0d40738308166d [stream]
[debug] [2026-09-04T16:11:19.636Z] <<< [apiv2][status] POST https://upload-firebasehosting.googleapis.com/upload/sites/my-job-cd13f/versions/d686f30a7fcecbbf/files/91ef4fd85fd20a285a35c62fb30c66552397f081ed6e915d2fa6c4d804ba7bb3 200
[debug] [2026-09-04T16:11:19.636Z] <<< [apiv2][body] POST https://upload-firebasehosting.googleapis.com/upload/sites/my-job-cd13f/versions/d686f30a7fcecbbf/files/91ef4fd85fd20a285a35c62fb30c66552397f081ed6e915d2fa6c4d804ba7bb3 [stream]
[debug] [2026-09-04T16:11:19.641Z] <<< [apiv2][status] POST https://upload-firebasehosting.googleapis.com/upload/sites/my-job-cd13f/versions/d686f30a7fcecbbf/files/7ddede22a33d73aaf041bd6688ed32d3235798389679fa4a0fe6e5968fca79ee 200
[debug] [2026-09-04T16:11:19.642Z] <<< [apiv2][body] POST https://upload-firebasehosting.googleapis.com/upload/sites/my-job-cd13f/versions/d686f30a7fcecbbf/files/7ddede22a33d73aaf041bd6688ed32d3235798389679fa4a0fe6e5968fca79ee [stream]
[debug] [2026-09-04T16:11:19.648Z] <<< [apiv2][status] POST https://upload-firebasehosting.googleapis.com/upload/sites/my-job-cd13f/versions/d686f30a7fcecbbf/files/2e731125a578ef2c71b95ad679a6f35dd87eafd076957e5d4857fd436d06a166 200
[debug] [2026-09-04T16:11:19.648Z] <<< [apiv2][body] POST https://upload-firebasehosting.googleapis.com/upload/sites/my-job-cd13f/versions/d686f30a7fcecbbf/files/2e731125a578ef2c71b95ad679a6f35dd87eafd076957e5d4857fd436d06a166 [stream]
[debug] [2026-09-04T16:11:19.654Z] <<< [apiv2][status] POST https://upload-firebasehosting.googleapis.com/upload/sites/my-job-cd13f/versions/d686f30a7fcecbbf/files/558be6a54f2cf98651c1015ea6bc8f6cdc5c9ca737a88a060077137e673231bb 200
[debug] [2026-09-04T16:11:19.654Z] <<< [apiv2][body] POST https://upload-firebasehosting.googleapis.com/upload/sites/my-job-cd13f/versions/d686f30a7fcecbbf/files/558be6a54f2cf98651c1015ea6bc8f6cdc5c9ca737a88a060077137e673231bb [stream]
[debug] [2026-09-04T16:11:19.660Z] <<< [apiv2][status] POST https://upload-firebasehosting.googleapis.com/upload/sites/my-job-cd13f/versions/d686f30a7fcecbbf/files/9efbc2228db36b7d069c2c43486c2dac9c46baf2a74aeb12a9a528bb081da7ed 200
[debug] [2026-09-04T16:11:19.660Z] <<< [apiv2][body] POST https://upload-firebasehosting.googleapis.com/upload/sites/my-job-cd13f/versions/d686f30a7fcecbbf/files/9efbc2228db36b7d069c2c43486c2dac9c46baf2a74aeb12a9a528bb081da7ed [stream]
[debug] [2026-09-04T16:11:19.671Z] <<< [apiv2][status] POST https://upload-firebasehosting.googleapis.com/upload/sites/my-job-cd13f/versions/d686f30a7fcecbbf/files/a7a1e319ca8721e072aea5b51b9f5fc8cb5739d950b78a8e01b018085fab7df8 200
[debug] [2026-09-04T16:11:19.671Z] <<< [apiv2][body] POST https://upload-firebasehosting.googleapis.com/upload/sites/my-job-cd13f/versions/d686f30a7fcecbbf/files/a7a1e319ca8721e072aea5b51b9f5fc8cb5739d950b78a8e01b018085fab7df8 [stream]
[debug] [2026-09-04T16:11:19.707Z] <<< [apiv2][status] POST https://upload-firebasehosting.googleapis.com/upload/sites/my-job-cd13f/versions/d686f30a7fcecbbf/files/47d3df0fa8337852e271b2f06cf5a163f894c3122abb6877073a24b1c880e869 200
[debug] [2026-09-04T16:11:19.708Z] <<< [apiv2][body] POST https://upload-firebasehosting.googleapis.com/upload/sites/my-job-cd13f/versions/d686f30a7fcecbbf/files/47d3df0fa8337852e271b2f06cf5a163f894c3122abb6877073a24b1c880e869 [stream]
[debug] [2026-09-04T16:11:19.726Z] <<< [apiv2][status] POST https://upload-firebasehosting.googleapis.com/upload/sites/my-job-cd13f/versions/d686f30a7fcecbbf/files/3814b6b8a777cd004ebc78868b4259862b668c3b46f794f4144ec9dbcd7c6694 200
[debug] [2026-09-04T16:11:19.726Z] <<< [apiv2][body] POST https://upload-firebasehosting.googleapis.com/upload/sites/my-job-cd13f/versions/d686f30a7fcecbbf/files/3814b6b8a777cd004ebc78868b4259862b668c3b46f794f4144ec9dbcd7c6694 [stream]
[debug] [2026-09-04T16:11:19.750Z] <<< [apiv2][status] POST https://upload-firebasehosting.googleapis.com/upload/sites/my-job-cd13f/versions/d686f30a7fcecbbf/files/fb9d44b7f830e7a19a8f26dd248dd547efaf7cbf69475263a5ba5f78210b6e2f 200
[debug] [2026-09-04T16:11:19.750Z] <<< [apiv2][body] POST https://upload-firebasehosting.googleapis.com/upload/sites/my-job-cd13f/versions/d686f30a7fcecbbf/files/fb9d44b7f830e7a19a8f26dd248dd547efaf7cbf69475263a5ba5f78210b6e2f [stream]
[info] i  hosting: uploading new files [78/82] (95%) 
[debug] [2026-09-04T16:11:19.776Z] <<< [apiv2][status] POST https://upload-firebasehosting.googleapis.com/upload/sites/my-job-cd13f/versions/d686f30a7fcecbbf/files/27aa6d373f62a13746160fd38cf08784ece79efad53e02774c407c5ef9b576f2 200
[debug] [2026-09-04T16:11:19.776Z] <<< [apiv2][body] POST https://upload-firebasehosting.googleapis.com/upload/sites/my-job-cd13f/versions/d686f30a7fcecbbf/files/27aa6d373f62a13746160fd38cf08784ece79efad53e02774c407c5ef9b576f2 [stream]
[debug] [2026-09-04T16:11:19.941Z] <<< [apiv2][status] POST https://upload-firebasehosting.googleapis.com/upload/sites/my-job-cd13f/versions/d686f30a7fcecbbf/files/f88a1cdc025da00202f2a33aa768296e43a408de783fa2bfac348e5b55f7a50b 200
[debug] [2026-09-04T16:11:19.941Z] <<< [apiv2][body] POST https://upload-firebasehosting.googleapis.com/upload/sites/my-job-cd13f/versions/d686f30a7fcecbbf/files/f88a1cdc025da00202f2a33aa768296e43a408de783fa2bfac348e5b55f7a50b [stream]
[debug] [2026-09-04T16:11:20.041Z] <<< [apiv2][status] POST https://upload-firebasehosting.googleapis.com/upload/sites/my-job-cd13f/versions/d686f30a7fcecbbf/files/4caec1b4bacd24fc0f7486d999661bedf39dfd5e3406fdf4180460385e7bc964 200
[debug] [2026-09-04T16:11:20.041Z] <<< [apiv2][body] POST https://upload-firebasehosting.googleapis.com/upload/sites/my-job-cd13f/versions/d686f30a7fcecbbf/files/4caec1b4bacd24fc0f7486d999661bedf39dfd5e3406fdf4180460385e7bc964 [stream]
[debug] [2026-09-04T16:11:20.136Z] <<< [apiv2][status] POST https://upload-firebasehosting.googleapis.com/upload/sites/my-job-cd13f/versions/d686f30a7fcecbbf/files/54a230ae3798740c609ae55a6469854c6f89fe14d24d20f2dce3707baba07f95 200
[debug] [2026-09-04T16:11:20.136Z] <<< [apiv2][body] POST https://upload-firebasehosting.googleapis.com/upload/sites/my-job-cd13f/versions/d686f30a7fcecbbf/files/54a230ae3798740c609ae55a6469854c6f89fe14d24d20f2dce3707baba07f95 [stream]
[debug] [2026-09-04T16:11:20.136Z] [hosting][upload queue][FINAL] {"max":2874,"min":1904,"avg":2214.280487804879,"active":0,"complete":82,"success":82,"errored":0,"retried":0,"total":82,"elapsed":2885}
[info] i  hosting: upload complete 
[info] +  hosting[my-job-cd13f]: file upload complete 
[debug] [2026-09-04T16:11:20.136Z] [hosting] deploy completed after 4498ms
[debug] [2026-09-04T16:11:20.136Z] [
  {
    "config": {
      "public": "out",
      "ignore": [
        "firebase.json",
        "**/.*",
        "**/node_modules/**"
      ],
      "site": "my-job-cd13f"
    },
    "version": "projects/419525639852/sites/my-job-cd13f/versions/d686f30a7fcecbbf"
  }
]
[info] i  hosting[my-job-cd13f]: finalizing version... 
[debug] [2026-09-04T16:11:20.138Z] Checked if tokens are valid: true, expires at: 1788539479722
[debug] [2026-09-04T16:11:20.138Z] Checked if tokens are valid: true, expires at: 1788539479722
[debug] [2026-09-04T16:11:20.138Z] >>> [apiv2][query] PATCH https://firebasehosting.googleapis.com/v1beta1/projects/-/sites/my-job-cd13f/versions/d686f30a7fcecbbf updateMask=status%2Cconfig
[debug] [2026-09-04T16:11:20.138Z] >>> [apiv2][body] PATCH https://firebasehosting.googleapis.com/v1beta1/projects/-/sites/my-job-cd13f/versions/d686f30a7fcecbbf {"status":"FINALIZED","config":{}}
[debug] [2026-09-04T16:11:21.092Z] <<< [apiv2][status] PATCH https://firebasehosting.googleapis.com/v1beta1/projects/-/sites/my-job-cd13f/versions/d686f30a7fcecbbf 200
[debug] [2026-09-04T16:11:21.092Z] <<< [apiv2][body] PATCH https://firebasehosting.googleapis.com/v1beta1/projects/-/sites/my-job-cd13f/versions/d686f30a7fcecbbf {"name":"projects/419525639852/sites/my-job-cd13f/versions/d686f30a7fcecbbf","status":"FINALIZED","config":{},"labels":{"deployment-tool":"cli-firebase"},"createTime":"2026-09-04T16:11:14.298294Z","createUser":{"email":"ayushkumard31@gmail.com"},"finalizeTime":"2026-09-04T16:11:20.277918Z","finalizeUser":{"email":"ayushkumard31@gmail.com"}}
[debug] [2026-09-04T16:11:21.092Z] [hosting] finalized version for my-job-cd13f:[object Object]
[info] +  hosting[my-job-cd13f]: version finalized 
[info] i  hosting[my-job-cd13f]: releasing new version... 
[debug] [2026-09-04T16:11:21.093Z] Checked if tokens are valid: true, expires at: 1788539479722
[debug] [2026-09-04T16:11:21.093Z] Checked if tokens are valid: true, expires at: 1788539479722
[debug] [2026-09-04T16:11:21.093Z] >>> [apiv2][query] POST https://firebasehosting.googleapis.com/v1beta1/projects/-/sites/my-job-cd13f/channels/live/releases versionName=projects%2F419525639852%2Fsites%2Fmy-job-cd13f%2Fversions%2Fd686f30a7fcecbbf
[debug] [2026-09-04T16:11:21.093Z] >>> [apiv2][body] POST https://firebasehosting.googleapis.com/v1beta1/projects/-/sites/my-job-cd13f/channels/live/releases {}
[debug] [2026-09-04T16:11:22.032Z] <<< [apiv2][status] POST https://firebasehosting.googleapis.com/v1beta1/projects/-/sites/my-job-cd13f/channels/live/releases 200
[debug] [2026-09-04T16:11:33.914Z] ----------------------------------------------------------------------
[debug] [2026-09-04T16:11:33.917Z] Command:       C:\Program Files\nodejs\node.exe C:\Users\ayush\AppData\Roaming\npm\node_modules\firebase-tools\lib\bin\firebase.js deploy --only hosting --project my-job-cd13f --debug
[debug] [2026-09-04T16:11:33.918Z] CLI Version:   15.29.0
[debug] [2026-09-04T16:11:33.918Z] Platform:      win32
[debug] [2026-09-04T16:11:33.918Z] Node Version:  v26.5.0
[debug] [2026-09-04T16:11:33.918Z] Detected Agent: codex_cli
[debug] [2026-09-04T16:11:33.919Z] Time:          Fri Sep 04 2026 21:41:33 GMT+0530 (India Standard Time)
[debug] [2026-09-04T16:11:33.919Z] ----------------------------------------------------------------------
[debug] 
[debug] [2026-09-04T16:11:35.259Z] > command requires scopes: ["email","openid","https://www.googleapis.com/auth/cloudplatformprojects.readonly","https://www.googleapis.com/auth/firebase","https://www.googleapis.com/auth/cloud-platform"]
[debug] [2026-09-04T16:11:35.259Z] > authorizing via signed-in user (ayushkumard31@gmail.com)
[debug] [2026-09-04T16:11:35.259Z] [iam] checking project my-job-cd13f for permissions ["firebase.projects.get","firebasehosting.sites.update"]
[debug] [2026-09-04T16:11:35.270Z] Checked if tokens are valid: true, expires at: 1788539479722
[debug] [2026-09-04T16:11:35.271Z] Checked if tokens are valid: true, expires at: 1788539479722
[debug] [2026-09-04T16:11:35.272Z] >>> [apiv2][query] POST https://cloudresourcemanager.googleapis.com/v1/projects/my-job-cd13f:testIamPermissions [none]
[debug] [2026-09-04T16:11:35.272Z] >>> [apiv2][(partial)header] POST https://cloudresourcemanager.googleapis.com/v1/projects/my-job-cd13f:testIamPermissions  x-goog-user-project=my-job-cd13f
[debug] [2026-09-04T16:11:35.272Z] >>> [apiv2][body] POST https://cloudresourcemanager.googleapis.com/v1/projects/my-job-cd13f:testIamPermissions {"permissions":["firebase.projects.get","firebasehosting.sites.update"]}
[debug] [2026-09-04T16:11:36.757Z] <<< [apiv2][status] POST https://cloudresourcemanager.googleapis.com/v1/projects/my-job-cd13f:testIamPermissions 200
[debug] [2026-09-04T16:11:36.757Z] <<< [apiv2][body] POST https://cloudresourcemanager.googleapis.com/v1/projects/my-job-cd13f:testIamPermissions {"permissions":["firebase.projects.get","firebasehosting.sites.update"]}
[debug] [2026-09-04T16:11:36.758Z] Checked if tokens are valid: true, expires at: 1788539479722
[debug] [2026-09-04T16:11:36.758Z] Checked if tokens are valid: true, expires at: 1788539479722
[debug] [2026-09-04T16:11:36.758Z] >>> [apiv2][query] GET https://firebase.googleapis.com/v1beta1/projects/my-job-cd13f [none]
[debug] [2026-09-04T16:11:37.392Z] <<< [apiv2][status] GET https://firebase.googleapis.com/v1beta1/projects/my-job-cd13f 200
[debug] [2026-09-04T16:11:37.392Z] <<< [apiv2][body] GET https://firebase.googleapis.com/v1beta1/projects/my-job-cd13f {"projectId":"my-job-cd13f","projectNumber":"419525639852","displayName":"My-job","name":"projects/my-job-cd13f","resources":{"hostingSite":"my-job-cd13f"},"state":"ACTIVE","labels":{"firebase":"enabled"},"etag":"1_73a1ae8e-2ed8-4dfb-a262-fa19110c8d58"}
[info] 
[info] === Deploying to 'my-job-cd13f'...
[info] 
[info] i  deploying hosting 
[debug] [2026-09-04T16:11:37.396Z] Checked if tokens are valid: true, expires at: 1788539479722
[debug] [2026-09-04T16:11:37.396Z] Checked if tokens are valid: true, expires at: 1788539479722
[debug] [2026-09-04T16:11:37.396Z] >>> [apiv2][query] GET https://firebasehosting.googleapis.com/v1beta1/projects/my-job-cd13f/sites/my-job-cd13f [none]
[debug] [2026-09-04T16:11:38.728Z] <<< [apiv2][status] GET https://firebasehosting.googleapis.com/v1beta1/projects/my-job-cd13f/sites/my-job-cd13f 200
[debug] [2026-09-04T16:11:38.729Z] <<< [apiv2][body] GET https://firebasehosting.googleapis.com/v1beta1/projects/my-job-cd13f/sites/my-job-cd13f {"name":"projects/my-job-cd13f/sites/my-job-cd13f","defaultUrl":"https://my-job-cd13f.web.app","appId":"1:419525639852:web:969f2ef332dcb8411b2909","type":"DEFAULT_SITE"}
[debug] [2026-09-04T16:11:38.731Z] Checked if tokens are valid: true, expires at: 1788539479722
[debug] [2026-09-04T16:11:38.731Z] Checked if tokens are valid: true, expires at: 1788539479722
[debug] [2026-09-04T16:11:38.731Z] >>> [apiv2][query] POST https://firebasehosting.googleapis.com/v1beta1/projects/-/sites/my-job-cd13f/versions [none]
[debug] [2026-09-04T16:11:38.731Z] >>> [apiv2][body] POST https://firebasehosting.googleapis.com/v1beta1/projects/-/sites/my-job-cd13f/versions {"status":"CREATED","labels":{"deployment-tool":"cli-firebase"}}
[debug] [2026-09-04T16:11:40.113Z] <<< [apiv2][status] POST https://firebasehosting.googleapis.com/v1beta1/projects/-/sites/my-job-cd13f/versions 200
[debug] [2026-09-04T16:11:40.113Z] <<< [apiv2][body] POST https://firebasehosting.googleapis.com/v1beta1/projects/-/sites/my-job-cd13f/versions {"name":"projects/419525639852/sites/my-job-cd13f/versions/d5ee456e0d3a8a2d","status":"CREATED","config":{},"labels":{"deployment-tool":"cli-firebase"}}
[info] i  hosting[my-job-cd13f]: beginning deploy... 
[info] i  hosting[my-job-cd13f]: found 153 files in out 
[debug] [2026-09-04T16:11:40.138Z] [hosting] uploading with 200 concurrency
[debug] [2026-09-04T16:11:40.149Z] Checked if tokens are valid: true, expires at: 1788539479722
[debug] [2026-09-04T16:11:40.149Z] Checked if tokens are valid: true, expires at: 1788539479722
[debug] [2026-09-04T16:11:40.150Z] [hosting] hash cache [b3V0] stored for 153 files
[debug] [2026-09-04T16:11:40.150Z] [hosting][hash queue][FINAL] {"max":3,"min":0,"avg":0.43425289966532754,"active":0,"complete":153,"success":153,"errored":0,"retried":0,"total":153,"elapsed":10}
[debug] [2026-09-04T16:11:40.151Z] >>> [apiv2][query] POST https://firebasehosting.googleapis.com/v1beta1/projects/419525639852/sites/my-job-cd13f/versions/d5ee456e0d3a8a2d:populateFiles [none]
[debug] [2026-09-04T16:11:40.151Z] >>> [apiv2][body] POST https://firebasehosting.googleapis.com/v1beta1/projects/419525639852/sites/my-job-cd13f/versions/d5ee456e0d3a8a2d:populateFiles {"files":{"/__next.__PAGE__.txt":"9efbc2228db36b7d069c2c43486c2dac9c46baf2a74aeb12a9a528bb081da7ed","/__next._tree.txt":"346caed7e340a46f40d457f893f0a0e71fdc9922a75c2c98095cfae827721cd1","/__next._full.txt":"2c6f568bd74de7168e571a7390292aad4715a9bcb49cc7dbc57d42c3c1d01257","/_not-found.txt":"27aa6d373f62a13746160fd38cf08784ece79efad53e02774c407c5ef9b576f2","/_not-found.html":"77c282f436d60c03a6bc22fb362cc8c8400bacc2dc2e830a4bbdc9984738d8b7","/window.svg":"6bd2003bd35bb32c1c0d99ab3aeac0cc1edaefd79f27df1d954bc87184048d74","/vercel.svg":"adad73eb72a4ef892c8efef528410541c38b99e7e541e8a8d5c94db686e13461","/tasks.txt":"6d6e82303f2aedd9bd7a432d61b76b311d62a4458f6e86779facd247a2eca0d7","/tasks.html":"d58cb3a8e17ee41084db9c8bb13d1fe757e9abe7aa3a0688b7743a71c38bfdbb","/resources.txt":"9cbc1bcf13c6baa8cbfae27ec6f3192c8522f25c6a36d6de75c59c9d00a1c10f","/resources.html":"e341425944ce426ddb73dbca2abdc54d9dd4ac211e9ae8705e7e1dac88eb256b","/profile.txt":"fc4a4057d835407bc50205eb324ec32ac3744201623289f857876fe270d2e3c9","/profile.html":"54a230ae3798740c609ae55a6469854c6f89fe14d24d20f2dce3707baba07f95","/planner.txt":"9207d01f3ec56b114044aa75fcdc0926c48763ed684827094796504b17386d63","/planner.html":"2565a560f1a41e1108bc96ee2db71ef03fd45db2a3393f2afa206f1334fb78ee","/pdf.worker.min.mjs":"2582ee9e65d667c199b4cfe98617a83aaa57fadc3cd58f4b9585e2a9e895be7a","/onboarding.txt":"3da2b9d60c73a8e40ab1693071dd6d7704674d2e3b2e9b35b92228127150852b","/onboarding.html":"39127341f1daf56c9d3db83f85187c9662542d604d9b0141491109d8e39927b3","/notifications.txt":"ef47edef1131291a030ec43fd9827adea59c489cd0b4b4be4e56a3832a9bc81c","/notifications.html":"7b028bee267837190ee2eeb7230a50988d05a216046733448035dadb4fa4b411","/next.svg":"0665b9ab4493aa9d7e988b57024e28772ae543e804b8cf6b0a3633854b7c3c7f","/logo.jpg":"ca016c33abff117931bcf8e7820aa50a8d2168fb3115cccefa6b92d35b2ed272","/liked.txt":"68100bd4710d466b07591df85b666b497b3c0c93eaff772a17f9c5fcd6d7f646","/liked.html":"4001ad4e6273bcdf140cfcfabce04fba41af9c0d4f1419d3a60fe20bd2f3cbc4","/index.txt":"2c6f568bd74de7168e571a7390292aad4715a9bcb49cc7dbc57d42c3c1d01257","/index.html":"2e731125a578ef2c71b95ad679a6f35dd87eafd076957e5d4857fd436d06a166","/icon.jpg":"ca016c33abff117931bcf8e7820aa50a8d2168fb3115cccefa6b92d35b2ed272","/goals.txt":"b2d7efe84e377050d4410a62e95d9cd8930e208977b1a2589636879bfb0d043e","/goals.html":"197a92d782d51a81aa3830bed179ddb9469b7258e1d6707eaa474f9c170d8a87","/globe.svg":"6502a3e6120bf2d6e8417e7c40bb57fb8a6954de9c86d3f43076a75b60cd23a2","/games.txt":"2277ed2d5d3b4bbdbe04cdd6ee69588efd69e4a78e37c18177a526918568c96f","/games.html":"cf459609f05fc3006856ebb50c26d4a2c9a6960d18d0838d81e9150d5d5a1d0d","/focus.txt":"f88a1cdc025da00202f2a33aa768296e43a408de783fa2bfac348e5b55f7a50b","/focus.html":"c26aa28bd8baac6380eceaab4c7183c1b8a9027ff2a7dd5e8f4affa007d2872f","/finance.txt":"08cf7eb0c6ccb3323409dd3bf8108bcd178cf0cda011ffe71b400706ac903087","/finance.html":"9d43527a3747d2ef3824e1c91032bb3c23a0ab883225a20fdd4aba70a13fddcf","/file.svg":"5a09df6187e21aa9a7d05094389385876ac93c818e1dcbb77a26a8fe408bf79c","/exams.txt":"274851587b2f889e3f900d0dd868a04d9f13018dc7aec61f1a8f17d087caf80b","/exams.html":"cbcec94fc1511256aaf3b9f152236095b7159dc699f311996b731031c8bcc5e1","/english.txt":"2e8317e4daae1c4504790beb28c7a9b2029345115848d2aea390fc114e0627e4","/english.html":"cc3f4203830760428be078657d8684ae92bcf7444de562a17365a78f7f34cc9a","/docs.txt":"3814b6b8a777cd004ebc78868b4259862b668c3b46f794f4144ec9dbcd7c6694","/docs.html":"04fb434e9101563594bfbc7549b4a365c769a99601bd1eb45bb1af84644ea6be","/day.txt":"983258a5d39dbbc86da8ef3ccf7967ce2c527e6136067b13d64ba1371d89313b","/day.html":"7c38a88219870c03774575f8f056a6f3f55e3e7cdb729fd826e4fdf71030bec1","/attendance.txt":"c039cc15eb1ce278ef1a3519608f59680c89b3aefc26f6a5c77e6012b250b8c4","/attendance.html":"8cd4cf35e07caa68da0b7aa068d8fc873e7ab1ba0c9665706537d416bc5e49c1","/apple-icon.jpg":"ca016c33abff117931bcf8e7820aa50a8d2168fb3115cccefa6b92d35b2ed272","/admin.txt":"28d43f56a7451d3ad000dc9f187d443df10ea00f66e608ca079c6a1857ec6a4a","/admin.html":"8809004e664b60c47b184e26b04b739ae156c3785d904b4d0298681c828d8158","/404.html":"77c282f436d60c03a6bc22fb362cc8c8400bacc2dc2e830a4bbdc9984738d8b7","/_not-found/__next._tree.txt":"19415931c73a9418627843cf3a5ec1f051440133566b90052f553677251f9f5f","/_not-found/__next._full.txt":"27aa6d373f62a13746160fd38cf08784ece79efad53e02774c407c5ef9b576f2","/_not-found/__next._not-found/__PAGE__.txt":"16c3a7521ab3ebbd47a2a3922e6641304a0c7555d7d758db348c0b5e6c9ef55f","/_next/static/media/icon.3t44vzrdi53j7.jpg":"ca016c33abff117931bcf8e7820aa50a8d2168fb3115cccefa6b92d35b2ed272","/_next/static/media/fef07dbb0973bf53-s.3p2_lha1f2xer.woff2":"4cd714514fc3454c1fdc247cf7be84c91aec7662e952cfe8c11cb8766ef8c3f4","/_next/static/media/caa3a2e1cccd8315-s.p.0wgildi0cnwt9.woff2":"a1862350cad8975186ec7d95e2c6f6ad548d6bd2219ffaa79420067bbf14ad49","/_next/static/media/bbc41e54d2fcbd21-s.1rgnod-3esatf.woff2":"4dbb7256d9d00e9a17abbebde8158aed37ed52ea1eb5d89ee1bf46c267c6503c","/_next/static/media/apple-icon.3t44vzrdi53j7.jpg":"ca016c33abff117931bcf8e7820aa50a8d2168fb3115cccefa6b92d35b2ed272","/_next/static/media/8a480f0b521d4e75-s.1qq4vpdcun5oj.woff2":"9e317fb808ec4714d6144f277f4de983b017fe5f3753369936ad5359f06b02e5","/_next/static/media/7d817b4c03b0c5f1-s.1uyisp29ctx0d.woff2":"da5b8e216b8eee28084975264aa5d7f97a5d3f120e08eec863ecd115d25dd71f","/_next/static/media/797e433ab948586e-s.p.0r6juujl39pe6.woff2":"17e78e12743a2b7e03c7884282eb91f02614295c7be958eccadf5bae76736f95","/_next/static/media/7178b3e590c64307-s.21jp631_3pja2.woff2":"9db501bf314e8bcbd31ac7f79495753a2a2da4243c362edc5f07928f3c9146a0","/_next/static/media/6306c77e7c8268e4-s.2dbetqa9o8jxf.woff2":"ea578227833360be14c93f3d1deefa6c7b0121157da02c1196802ea37710ef38","/_next/static/media/5ce348bf30bf5439-s.31988l_ccedte.woff2":"03421b339031c94c0ccae52a61151ef819a86c92f3253fc112962cd66a237712","/_next/static/media/53b9e256198e5412-s.390ncx5urfkfu.woff2":"4e4038e4cb17b1349cc9c717fca51c0e00782a2093bd8a939efc70e5d78bceb7","/_next/static/media/4fa387ec64143e14-s.2tuy5pz7dlieh.woff2":"fbc4b0ae2f6fd54ec1611da4612c306a0b574d138013f467a4e90af735cc97a4","/_next/static/F4dBJucGo9xjV_oXEUoik/_ssgManifest.js":"dc28a4dc92fe352ed5d2201bd3972ce47691bc8e89e0400a68d1541d0567c6d5","/_next/static/F4dBJucGo9xjV_oXEUoik/_clientMiddlewareManifest.js":"5e57f6166b702492ab9551af57e4546546c184673a4c0432f73b96f62820f7eb","/_next/static/F4dBJucGo9xjV_oXEUoik/_buildManifest.js":"dcbe1c9b9159ca21caea98e1bad364012ae284e9551375ca62b83d2811efac91","/_next/static/chunks/turbopack-1q-g338g0yvlc.js":"a96efabd68f1d782817b8b67a255d3f857c09528a701a32f36cbb16b5b7743fa","/_next/static/chunks/4561u0v7ysn3r.js":"28bf11182f4fb42d199349bd056455bae4f45efb4ae25434bf34367d8dab2a99","/_next/static/chunks/424ex9qdi3x-_.js":"a172809eee85edacf275da8fe1e32240831b238682a75ec386fbdd5070a03abe","/_next/static/chunks/3_lmyaxv_bv88.js":"37d7436260b5ddaff8bfa59a30d89c4618cb97988ce3dfbaf155eb6dba9d992e","/_next/static/chunks/3zaskqj0j87d0.js":"a7a1e319ca8721e072aea5b51b9f5fc8cb5739d950b78a8e01b018085fab7df8","/_next/static/chunks/3yfl9fgvivx3-.js":"2bda140da1ab448c0ffad2799d1e5248d4b0777412b3d3edd33c976b7279e852","/_next/static/chunks/3to1zi829x-pv.js":"7b33e6697a6650843348b5e85146e7b4dfcb7882b3012eb226be7fff9243c279","/_next/static/chunks/3s1j3acoy2ohw.js":"76cbb486b6ba2d6f4a46f81ea6f957de2f2e6af59242608646ce6a47338b6926","/_next/static/chunks/3jahpfigzh_cp.js":"09d91ac00617f8dd51be0772b507c086ae164dc0cd595ecb7f71affdc2e7c7bf","/_next/static/chunks/3i_cyg4wdjbs3.js":"652128434fd6909518f5d52115cc473216f3aa4ee872a70f80ec3b385bbd1a0c","/_next/static/chunks/3fntmmi971322.js":"bf886fbb3963f24b5eebcc6e33a72605a3e77fdc28771ad9f706f86109e26534","/_next/static/chunks/3aj00caz3j4xz.js":"c87c8630ce7eb13f8892ffb0ccf2733ec12d5a839467d05b950e4edc896bbaf4","/_next/static/chunks/2v0tpxf_pxrem.js":"51312701c3616c1692e040e36ec7d619d093bae42908b76abe1391da759ab94d","/_next/static/chunks/2igf71_yyt5xk.js":"adcd47b31cc50f78c0c57528ef15b95dfb862775aaf92af40476b3bff6e9c97f","/_next/static/chunks/27p379d8pkrss.js":"05c6a76c16432f10ccceeb12f6535b2e04556cb01ea4e4d3941b547213829693","/_next/static/chunks/273azql_f4t0h.js":"16a62ccb632c751c8de291567b5844b4afbb8f1600809077a96613e347e73b02","/_next/static/chunks/2279vmyssjkrl.js":"b4def7aca812c71e5828a16079c002ad79b2dd5acd6b567a80462539589a53af","/_next/static/chunks/1tf_7tyqr_zf3.js":"d1067cd3423d7409407c2c40fd3600a3427f61ea6ffe16687e23518396664c18","/_next/static/chunks/1qy1w9wnd7ma8.js":"7495e94bcbae3fbc3e88f31523ece45dbe5be6af67f8b2a24e9fe42b398d3f3b","/_next/static/chunks/1qb06p0-a369q.js":"040e26c1ba2766a5eb9072a444dd394ef74c3ac42dbd46a3cf0d40738308166d","/_next/static/chunks/1k6ni5zd3ivdm.js":"758b86072c174ec3f056b2df8367f5529674da55bf886cc6c6b9ab3e9c3790b3","/_next/static/chunks/1i6e9j0h_dc08.css":"5175b49129b943b8b6453570b40ec2817da0389b8e01a1a70d14ad705bb17922","/_next/static/chunks/1d2uq89bxp0p0.js":"e7ff2ef317a4208676161d3da1fa081c855717c11ca7ed4a32ed58156236689d","/_next/static/chunks/18a2gy_21p3wb.js":"a34aaa943a9bf49fa0a3b3ed88e0a4b0cc1aadd116cf72c261733220509cd083","/_next/static/chunks/11jq0c2_zavac.js":"8b1c583c2b5026d6c4b1b32e720e47ea6b4d8dccb34e655d468095814a328bab","/_next/static/chunks/0v7d4f2hv4jjh.js":"7ddede22a33d73aaf041bd6688ed32d3235798389679fa4a0fe6e5968fca79ee","/_next/static/chunks/0trtjo6t-pe4v.js":"85778f90430b4ac86232451996bb332d5cc04f60c4577f661c4c0ddbbbc74f1d","/_next/static/chunks/0k9dpd1s_o-ou.js":"270200004571dcce3788061e3cfaea844e4d58e41f74c17eeef334635f774f29","/_next/static/chunks/0cz1d0mv5g_q7.js":"18e28d3214eda45048d80d3925ea7627b809e69ad2e95f7f98459e9146a61c3d","/_next/static/chunks/08pvuezahzukt.js":"651b80dcf4b538ec9f165aa891ba6b766e3fd5d73a6bee473d5274a45531d90d","/_next/static/chunks/01mybq_k9nbwc.js":"811621174a8a7cd41988907ca1f247e3bc59ce3f19802316d118410bf576ebbb","/_next/static/chunks/00n_jzhk8o2cr.js":"9b1ea88e23964c64f27c0a12e56aa1dd022be257557899a1edb58c8c263f3368","/tasks/__next._tree.txt":"91ef4fd85fd20a285a35c62fb30c66552397f081ed6e915d2fa6c4d804ba7bb3","/tasks/__next._full.txt":"6d6e82303f2aedd9bd7a432d61b76b311d62a4458f6e86779facd247a2eca0d7","/tasks/__next.tasks/__PAGE__.txt":"534b627b4a74b2c76b28aa374f903782a0ab73bc1ec9e1576e0e07f701faae79","/resources/__next._tree.txt":"47d3df0fa8337852e271b2f06cf5a163f894c3122abb6877073a24b1c880e869","/resources/__next._full.txt":"9cbc1bcf13c6baa8cbfae27ec6f3192c8522f25c6a36d6de75c59c9d00a1c10f","/resources/__next.resources/__PAGE__.txt":"118b8bb3493462886981a6f8418fb2723d7ddc949ca8fb6c1dcf3554a180ece3","/profile/__next._tree.txt":"91deea253bdb5d92150edbc0e79ab7883bdb546c9c91e39ce7e3e7bc23c7912b","/profile/__next._full.txt":"fc4a4057d835407bc50205eb324ec32ac3744201623289f857876fe270d2e3c9","/profile/__next.profile/__PAGE__.txt":"d4a28972402e210fc27e5eb870858dd52be5cd1f4247881887fbe179aad0be83","/planner/__next._tree.txt":"e3aabf3f41b6aa4a85a99ca43194047992ef2f8a735e3972ccff894334ac3081","/planner/__next._full.txt":"9207d01f3ec56b114044aa75fcdc0926c48763ed684827094796504b17386d63","/planner/__next.planner/__PAGE__.txt":"76033e6500b63bd671b8588dc98115ff1c14a3e482b9a54fecba8107ef1d908b","/onboarding/__next._tree.txt":"5fb295ef7e44f23e1288dc74934cfcb656f98e47aa7ce17906719f1647db7567","/onboarding/__next._full.txt":"3da2b9d60c73a8e40ab1693071dd6d7704674d2e3b2e9b35b92228127150852b","/onboarding/__next.onboarding/__PAGE__.txt":"c68d938b8f320def230351bb871709e1689330918ceed047f429ce7d18b0347b","/notifications/__next._tree.txt":"4d2b8371a536c67f00731b91c4464f862557046c6269832f2d8d6ac6e98acf9d","/notifications/__next._full.txt":"ef47edef1131291a030ec43fd9827adea59c489cd0b4b4be4e56a3832a9bc81c","/notifications/__next.notifications/__PAGE__.txt":"402ea35e0143fada9927ba22f5034070403ff82c9f4a2537f7b4128794384cab","/liked/__next._tree.txt":"7984d9ec9572816083ba257c3eb1cbaa91e564f5f2d5f20e53b8f39abea15083","/liked/__next._full.txt":"68100bd4710d466b07591df85b666b497b3c0c93eaff772a17f9c5fcd6d7f646","/liked/__next.liked/__PAGE__.txt":"7a1169df9a8af2d542ada4bef482892eef3955663832814f9efc940572868018","/goals/__next._tree.txt":"c80bb56f272514a4811b60652c5235213ba903a5acc490091e6c99ed9f39d0fc","/goals/__next._full.txt":"b2d7efe84e377050d4410a62e95d9cd8930e208977b1a2589636879bfb0d043e","/goals/__next.goals/__PAGE__.txt":"c2f9de5b2f1eb76a6d349e813aa8df6be634641f9b14c546d0b21e1f7600667f","/games/__next._tree.txt":"2d0a2581a1a7ed3d2e5b70ef40042f710d023baa6432bf41ec84239d594db472","/games/__next._full.txt":"2277ed2d5d3b4bbdbe04cdd6ee69588efd69e4a78e37c18177a526918568c96f","/games/__next.games/__PAGE__.txt":"fb9d44b7f830e7a19a8f26dd248dd547efaf7cbf69475263a5ba5f78210b6e2f","/focus/__next._tree.txt":"191c734d01a0334d91035e81bf3187ae15d515bef12d4c6d140672ce0b3a9ed3","/focus/__next._full.txt":"f88a1cdc025da00202f2a33aa768296e43a408de783fa2bfac348e5b55f7a50b","/focus/__next.focus/__PAGE__.txt":"0ec0e3ae31d986e0d65029783d958e944d59cb040def233a9e7a038011592dcc","/finance/__next._tree.txt":"a61a4c831a87c474f7bcd33832e11ce87d5293f058d76de107b9440a7b678a9f","/finance/__next._full.txt":"08cf7eb0c6ccb3323409dd3bf8108bcd178cf0cda011ffe71b400706ac903087","/finance/__next.finance/__PAGE__.txt":"213cde589c0593d004feacbe6b0c1c5e5172f11d44538182ee02735d5d7cba37","/exams/__next._tree.txt":"96c36a30d13c0b39e7e06f7611d44d5dfd342a3c803a0e85b898ca61de1e7a5d","/exams/__next._full.txt":"274851587b2f889e3f900d0dd868a04d9f13018dc7aec61f1a8f17d087caf80b","/exams/__next.exams/__PAGE__.txt":"451aedb3a26eb4610a52f081133bf355b545b6e0969eed18ad2eceb0b92b668a","/english/__next._tree.txt":"0403a2ae22306937d491620b08465a4306f8b33f24f587ee242941cbf6be230e","/english/__next._full.txt":"2e8317e4daae1c4504790beb28c7a9b2029345115848d2aea390fc114e0627e4","/english/__next.english/__PAGE__.txt":"8eff81e5b6b57dd2329f06e0805055265586ad1a2458eea029441049947abf6d","/docs/__next._tree.txt":"4caec1b4bacd24fc0f7486d999661bedf39dfd5e3406fdf4180460385e7bc964","/docs/__next._full.txt":"3814b6b8a777cd004ebc78868b4259862b668c3b46f794f4144ec9dbcd7c6694","/docs/__next.docs/__PAGE__.txt":"347048aeeb1f10ac2495344696b5198fb06300d0fbcd5e2cffdb937b0f465e97","/day/__next._tree.txt":"ad10840426e0e951eb922876af0a7a218cc654894a0875056d0b0b908a5d4fd3","/day/__next._full.txt":"983258a5d39dbbc86da8ef3ccf7967ce2c527e6136067b13d64ba1371d89313b","/day/__next.day/__PAGE__.txt":"558be6a54f2cf98651c1015ea6bc8f6cdc5c9ca737a88a060077137e673231bb","/attendance/__next._tree.txt":"dca09cb2b579e132b56b85e81d0ad036f4d705f46d3f2fa1ee58a131117adda2","/attendance/__next._full.txt":"c039cc15eb1ce278ef1a3519608f59680c89b3aefc26f6a5c77e6012b250b8c4","/attendance/__next.attendance/__PAGE__.txt":"75c3337be6581e8c9aa7a3662d8a5bb82ff619fbb5505a2cde9515dbdc619dc6","/admin/__next._tree.txt":"dd8c72c712cd0daf4f3e83e58b3811ff03ffe676d914296ce6d54487d33f4b7a","/admin/__next._full.txt":"28d43f56a7451d3ad000dc9f187d443df10ea00f66e608ca079c6a1857ec6a4a","/admin/__next.admin/__PAGE__.txt":"5b7790b76c0712ae337a1558083e983b9b2be62bcc7f1a6642c34fba26aa74fa"}}
[debug] [2026-09-04T16:11:41.473Z] <<< [apiv2][status] POST https://firebasehosting.googleapis.com/v1beta1/projects/419525639852/sites/my-job-cd13f/versions/d5ee456e0d3a8a2d:populateFiles 200
[debug] [2026-09-04T16:11:41.473Z] <<< [apiv2][body] POST https://firebasehosting.googleapis.com/v1beta1/projects/419525639852/sites/my-job-cd13f/versions/d5ee456e0d3a8a2d:populateFiles {"uploadUrl":"https://upload-firebasehosting.googleapis.com/upload/sites/my-job-cd13f/versions/d5ee456e0d3a8a2d/files"}
[debug] [2026-09-04T16:11:41.473Z] [hosting][populate queue][FINAL] {"max":1324,"min":1324,"avg":1324,"active":0,"complete":1,"success":1,"errored":0,"retried":0,"total":1,"elapsed":1324}
[debug] [2026-09-04T16:11:41.473Z] [hosting] uploads queued: 0
[debug] [2026-09-04T16:11:41.473Z] [hosting][upload queue][FINAL] {"max":0,"min":9999999999,"avg":0,"active":0,"complete":0,"success":0,"errored":0,"retried":0,"total":0,"elapsed":1788538301473}
[info] i  hosting: upload complete 
[info] +  hosting[my-job-cd13f]: file upload complete 
[debug] [2026-09-04T16:11:41.474Z] [hosting] deploy completed after 1359ms
[debug] [2026-09-04T16:11:41.474Z] [
  {
    "config": {
      "public": "out",
      "ignore": [
        "firebase.json",
        "**/.*",
        "**/node_modules/**"
      ],
      "site": "my-job-cd13f"
    },
    "version": "projects/419525639852/sites/my-job-cd13f/versions/d5ee456e0d3a8a2d"
  }
]
[info] i  hosting[my-job-cd13f]: finalizing version... 
[debug] [2026-09-04T16:11:41.477Z] Checked if tokens are valid: true, expires at: 1788539479722
[debug] [2026-09-04T16:11:41.477Z] Checked if tokens are valid: true, expires at: 1788539479722
[debug] [2026-09-04T16:11:41.477Z] >>> [apiv2][query] PATCH https://firebasehosting.googleapis.com/v1beta1/projects/-/sites/my-job-cd13f/versions/d5ee456e0d3a8a2d updateMask=status%2Cconfig
[debug] [2026-09-04T16:11:41.478Z] >>> [apiv2][body] PATCH https://firebasehosting.googleapis.com/v1beta1/projects/-/sites/my-job-cd13f/versions/d5ee456e0d3a8a2d {"status":"FINALIZED","config":{}}
[debug] [2026-09-04T16:11:42.527Z] <<< [apiv2][status] PATCH https://firebasehosting.googleapis.com/v1beta1/projects/-/sites/my-job-cd13f/versions/d5ee456e0d3a8a2d 200
[debug] [2026-09-04T16:11:42.528Z] <<< [apiv2][body] PATCH https://firebasehosting.googleapis.com/v1beta1/projects/-/sites/my-job-cd13f/versions/d5ee456e0d3a8a2d {"name":"projects/419525639852/sites/my-job-cd13f/versions/d5ee456e0d3a8a2d","status":"FINALIZED","config":{},"labels":{"deployment-tool":"cli-firebase"},"createTime":"2026-09-04T16:11:38.583902Z","createUser":{"email":"ayushkumard31@gmail.com"},"finalizeTime":"2026-09-04T16:11:41.712286Z","finalizeUser":{"email":"ayushkumard31@gmail.com"}}
[debug] [2026-09-04T16:11:42.528Z] [hosting] finalized version for my-job-cd13f:[object Object]
[info] +  hosting[my-job-cd13f]: version finalized 
[info] i  hosting[my-job-cd13f]: releasing new version... 
[debug] [2026-09-04T16:11:42.528Z] Checked if tokens are valid: true, expires at: 1788539479722
[debug] [2026-09-04T16:11:42.528Z] Checked if tokens are valid: true, expires at: 1788539479722
[debug] [2026-09-04T16:11:42.528Z] >>> [apiv2][query] POST https://firebasehosting.googleapis.com/v1beta1/projects/-/sites/my-job-cd13f/channels/live/releases versionName=projects%2F419525639852%2Fsites%2Fmy-job-cd13f%2Fversions%2Fd5ee456e0d3a8a2d
[debug] [2026-09-04T16:11:42.528Z] >>> [apiv2][body] POST https://firebasehosting.googleapis.com/v1beta1/projects/-/sites/my-job-cd13f/channels/live/releases {}
[debug] [2026-09-04T16:11:43.636Z] <<< [apiv2][status] POST https://firebasehosting.googleapis.com/v1beta1/projects/-/sites/my-job-cd13f/channels/live/releases 200
